RegionID,FileName,LoopDepth,IterationSpace,BasicBlocks,IntArithmetic,FloatArithmetic,IntMultiply,FloatMultiply,IntDivision,FloatDivision,BitwiseCount,IntModulus,FloatModulus,SpecialFunctions,FMAOperations,Loads,Stores,BytesRead,BytesWritten,StrideClass,IndirectAccesses,ReductionVars,FunctionCalls,ArraysAccessed,BranchCount,SelectCount,SerialTime,OpenMP3Time,OpenMP45ResidentTime,OpenMP45ObservedTime,OpenMP45IsolatedTime,OpenACCResidentTime,OpenACCObservedTime,OpenACCIsolatedTime
0,/home/capc1/ProfitabilityTool-new-27-07-26/ProfitabilityTool/capc_dataset_work_RyrnQw/feature_variants/convolution2D_serial_N_1.c,2,-1,1,0,0,0,0,0,0,0,0,0,0,0,0,0,0,0,0,0,0,0,2,0,0,,,,,,,,
0,/home/capc1/ProfitabilityTool-new-27-07-26/ProfitabilityTool/capc_dataset_work_RyrnQw/feature_variants/convolution2D_serial_N_2.c,2,0,1,0,0,0,0,0,0,0,0,0,0,0,0,0,0,0,0,0,0,0,2,0,0,,,,,,,,
0,/home/capc1/ProfitabilityTool-new-27-07-26/ProfitabilityTool/capc_dataset_work_RyrnQw/feature_variants/convolution2D_serial_N_3.c,2,1,1,0,8,0,9,0,0,0,0,0,0,0,9,1,72,8,0,0,0,0,2,0,0,,,,,,,,
0,/home/capc1/ProfitabilityTool-new-27-07-26/ProfitabilityTool/capc_dataset_work_RyrnQw/feature_variants/convolution2D_serial_N_4.c,2,4,5,2,8,0,9,0,0,0,0,0,0,0,9,1,72,8,1,0,0,0,2,0,0,,,,,,,,
0,/home/capc1/ProfitabilityTool-new-27-07-26/ProfitabilityTool/capc_dataset_work_RyrnQw/feature_variants/convolution2D_serial_N_5.c,2,9,5,2,8,0,9,0,0,0,0,0,0,0,9,1,72,8,1,0,0,0,2,0,0,,,,,,,,
0,/home/capc1/ProfitabilityTool-new-27-07-26/ProfitabilityTool/capc_dataset_work_RyrnQw/feature_variants/convolution2D_serial_N_6.c,2,16,5,2,8,0,9,0,0,0,0,0,0,0,9,1,72,8,1,0,0,0,2,0,0,,,,,,,,
0,/home/capc1/ProfitabilityTool-new-27-07-26/ProfitabilityTool/capc_dataset_work_RyrnQw/feature_variants/convolution2D_serial_N_7.c,2,25,5,2,8,0,9,0,0,0,0,0,0,0,9,1,72,8,1,0,0,0,2,0,0,,,,,,,,
0,/home/capc1/ProfitabilityTool-new-27-07-26/ProfitabilityTool/capc_dataset_work_RyrnQw/feature_variants/convolution2D_serial_N_8.c,2,36,5,2,8,0,9,0,0,0,0,0,0,0,9,1,72,8,1,0,0,0,2,0,0,,,,,,,,
0,/home/capc1/ProfitabilityTool-new-27-07-26/ProfitabilityTool/capc_dataset_work_RyrnQw/feature_variants/convolution2D_serial_N_9.c,2,49,5,2,8,0,9,0,0,0,0,0,0,0,9,1,72,8,1,0,0,0,2,0,0,,,,,,,,
0,/home/capc1/ProfitabilityTool-new-27-07-26/ProfitabilityTool/capc_dataset_work_RyrnQw/feature_variants/convolution2D_serial_N_10.c,2,64,5,2,8,0,9,0,0,0,0,0,0,0,9,1,72,8,1,0,0,0,2,0,0,,,,,,,,
0,/home/capc1/ProfitabilityTool-new-27-07-26/ProfitabilityTool/capc_dataset_work_RyrnQw/feature_variants/convolution2D_serial_N_11.c,2,81,5,2,8,0,9,0,0,0,0,0,0,0,9,1,72,8,1,0,0,0,2,0,0,,,,,,,,
0,/home/capc1/ProfitabilityTool-new-27-07-26/ProfitabilityTool/capc_dataset_work_RyrnQw/feature_variants/convolution2D_serial_N_12.c,2,100,5,2,8,0,9,0,0,0,0,0,0,0,9,1,72,8,1,0,0,0,2,0,0,,,,,,,,
0,/home/capc1/ProfitabilityTool-new-27-07-26/ProfitabilityTool/capc_dataset_work_RyrnQw/feature_variants/convolution2D_serial_N_13.c,2,121,5,2,8,0,9,0,0,0,0,0,0,0,9,1,72,8,1,0,0,0,2,0,0,,,,,,,,
0,/home/capc1/ProfitabilityTool-new-27-07-26/ProfitabilityTool/capc_dataset_work_RyrnQw/feature_variants/convolution2D_serial_N_14.c,2,144,5,2,8,0,9,0,0,0,0,0,0,0,9,1,72,8,1,0,0,0,2,0,0,,,,,,,,
0,/home/capc1/ProfitabilityTool-new-27-07-26/ProfitabilityTool/capc_dataset_work_RyrnQw/feature_variants/convolution2D_serial_N_15.c,2,169,5,2,8,0,9,0,0,0,0,0,0,0,9,1,72,8,1,0,0,0,2,0,0,,,,,,,,
0,/home/capc1/ProfitabilityTool-new-27-07-26/ProfitabilityTool/capc_dataset_work_RyrnQw/feature_variants/convolution2D_serial_N_16.c,2,196,5,2,8,0,9,0,0,0,0,0,0,0,9,1,72,8,1,0,0,0,2,0,0,,,,,,,,
0,/home/capc1/ProfitabilityTool-new-27-07-26/ProfitabilityTool/capc_dataset_work_RyrnQw/feature_variants/convolution2D_serial_N_17.c,2,225,5,2,8,0,9,0,0,0,0,0,0,0,9,1,72,8,1,0,0,0,2,0,0,,,,,,,,
0,/home/capc1/ProfitabilityTool-new-27-07-26/ProfitabilityTool/capc_dataset_work_RyrnQw/feature_variants/convolution2D_serial_N_18.c,2,256,5,2,8,0,9,0,0,0,0,0,0,0,9,1,72,8,1,0,0,0,2,0,0,,,,,,,,
0,/home/capc1/ProfitabilityTool-new-27-07-26/ProfitabilityTool/capc_dataset_work_RyrnQw/feature_variants/convolution2D_serial_N_19.c,2,289,5,2,8,0,9,0,0,0,0,0,0,0,9,1,72,8,1,0,0,0,2,0,0,,,,,,,,
0,/home/capc1/ProfitabilityTool-new-27-07-26/ProfitabilityTool/capc_dataset_work_RyrnQw/feature_variants/convolution2D_serial_N_20.c,2,324,5,2,8,0,9,0,0,0,0,0,0,0,9,1,72,8,1,0,0,0,2,0,0,,,,,,,,
0,/home/capc1/ProfitabilityTool-new-27-07-26/ProfitabilityTool/capc_dataset_work_RyrnQw/feature_variants/convolution2D_serial_N_21.c,2,361,5,2,8,0,9,0,0,0,0,0,0,0,9,1,72,8,1,0,0,0,2,0,0,,,,,,,,
0,/home/capc1/ProfitabilityTool-new-27-07-26/ProfitabilityTool/capc_dataset_work_RyrnQw/feature_variants/convolution2D_serial_N_22.c,2,400,5,2,8,0,9,0,0,0,0,0,0,0,9,1,72,8,1,0,0,0,2,0,0,,,,,,,,
0,/home/capc1/ProfitabilityTool-new-27-07-26/ProfitabilityTool/capc_dataset_work_RyrnQw/feature_variants/convolution2D_serial_N_23.c,2,441,5,2,8,0,9,0,0,0,0,0,0,0,9,1,72,8,1,0,0,0,2,0,0,,,,,,,,
0,/home/capc1/ProfitabilityTool-new-27-07-26/ProfitabilityTool/capc_dataset_work_RyrnQw/feature_variants/convolution2D_serial_N_24.c,2,484,5,2,8,0,9,0,0,0,0,0,0,0,9,1,72,8,1,0,0,0,2,0,0,,,,,,,,
0,/home/capc1/ProfitabilityTool-new-27-07-26/ProfitabilityTool/capc_dataset_work_RyrnQw/feature_variants/convolution2D_serial_N_25.c,2,529,5,2,8,0,9,0,0,0,0,0,0,0,9,1,72,8,1,0,0,0,2,0,0,,,,,,,,
0,/home/capc1/ProfitabilityTool-new-27-07-26/ProfitabilityTool/capc_dataset_work_RyrnQw/feature_variants/convolution2D_serial_N_26.c,2,576,5,2,8,0,9,0,0,0,0,0,0,0,9,1,72,8,1,0,0,0,2,0,0,,,,,,,,
0,/home/capc1/ProfitabilityTool-new-27-07-26/ProfitabilityTool/capc_dataset_work_RyrnQw/feature_variants/convolution2D_serial_N_27.c,2,625,5,2,8,0,9,0,0,0,0,0,0,0,9,1,72,8,1,0,0,0,2,0,0,,,,,,,,
0,/home/capc1/ProfitabilityTool-new-27-07-26/ProfitabilityTool/capc_dataset_work_RyrnQw/feature_variants/convolution2D_serial_N_28.c,2,676,5,2,8,0,9,0,0,0,0,0,0,0,9,1,72,8,1,0,0,0,2,0,0,,,,,,,,
0,/home/capc1/ProfitabilityTool-new-27-07-26/ProfitabilityTool/capc_dataset_work_RyrnQw/feature_variants/convolution2D_serial_N_29.c,2,729,5,2,8,0,9,0,0,0,0,0,0,0,9,1,72,8,1,0,0,0,2,0,0,,,,,,,,
0,/home/capc1/ProfitabilityTool-new-27-07-26/ProfitabilityTool/capc_dataset_work_RyrnQw/feature_variants/convolution2D_serial_N_30.c,2,784,5,2,8,0,9,0,0,0,0,0,0,0,9,1,72,8,1,0,0,0,2,0,0,,,,,,,,
0,/home/capc1/ProfitabilityTool-new-27-07-26/ProfitabilityTool/capc_dataset_work_RyrnQw/feature_variants/convolution2D_serial_N_31.c,2,841,5,2,8,0,9,0,0,0,0,0,0,0,9,1,72,8,1,0,0,0,2,0,0,,,,,,,,
0,/home/capc1/ProfitabilityTool-new-27-07-26/ProfitabilityTool/capc_dataset_work_RyrnQw/feature_variants/convolution2D_serial_N_32.c,2,900,5,2,8,0,9,0,0,0,0,0,0,0,9,1,72,8,1,0,0,0,2,0,0,,,,,,,,
0,/home/capc1/ProfitabilityTool-new-27-07-26/ProfitabilityTool/capc_dataset_work_RyrnQw/feature_variants/convolution2D_serial_N_33.c,2,961,5,2,8,0,9,0,0,0,0,0,0,0,9,1,72,8,1,0,0,0,2,0,0,,,,,,,,
0,/home/capc1/ProfitabilityTool-new-27-07-26/ProfitabilityTool/capc_dataset_work_RyrnQw/feature_variants/convolution2D_serial_N_34.c,2,1024,5,2,8,0,9,0,0,0,0,0,0,0,9,1,72,8,1,0,0,0,2,0,0,,,,,,,,
0,/home/capc1/ProfitabilityTool-new-27-07-26/ProfitabilityTool/capc_dataset_work_RyrnQw/feature_variants/convolution2D_serial_N_35.c,2,1089,5,2,8,0,9,0,0,0,0,0,0,0,9,1,72,8,1,0,0,0,2,0,0,,,,,,,,
0,/home/capc1/ProfitabilityTool-new-27-07-26/ProfitabilityTool/capc_dataset_work_RyrnQw/feature_variants/convolution2D_serial_N_36.c,2,1156,5,2,8,0,9,0,0,0,0,0,0,0,9,1,72,8,1,0,0,0,2,0,0,,,,,,,,
0,/home/capc1/ProfitabilityTool-new-27-07-26/ProfitabilityTool/capc_dataset_work_RyrnQw/feature_variants/convolution2D_serial_N_37.c,2,1225,5,2,8,0,9,0,0,0,0,0,0,0,9,1,72,8,1,0,0,0,2,0,0,,,,,,,,
0,/home/capc1/ProfitabilityTool-new-27-07-26/ProfitabilityTool/capc_dataset_work_RyrnQw/feature_variants/convolution2D_serial_N_38.c,2,1296,5,2,8,0,9,0,0,0,0,0,0,0,9,1,72,8,1,0,0,0,2,0,0,,,,,,,,
0,/home/capc1/ProfitabilityTool-new-27-07-26/ProfitabilityTool/capc_dataset_work_RyrnQw/feature_variants/convolution2D_serial_N_39.c,2,1369,5,2,8,0,9,0,0,0,0,0,0,0,9,1,72,8,1,0,0,0,2,0,0,,,,,,,,
0,/home/capc1/ProfitabilityTool-new-27-07-26/ProfitabilityTool/capc_dataset_work_RyrnQw/feature_variants/convolution2D_serial_N_40.c,2,1444,5,2,8,0,9,0,0,0,0,0,0,0,9,1,72,8,1,0,0,0,2,0,0,,,,,,,,
0,/home/capc1/ProfitabilityTool-new-27-07-26/ProfitabilityTool/capc_dataset_work_RyrnQw/feature_variants/convolution2D_serial_N_41.c,2,1521,5,2,8,0,9,0,0,0,0,0,0,0,9,1,72,8,1,0,0,0,2,0,0,,,,,,,,
0,/home/capc1/ProfitabilityTool-new-27-07-26/ProfitabilityTool/capc_dataset_work_RyrnQw/feature_variants/convolution2D_serial_N_42.c,2,1600,5,2,8,0,9,0,0,0,0,0,0,0,9,1,72,8,1,0,0,0,2,0,0,,,,,,,,
0,/home/capc1/ProfitabilityTool-new-27-07-26/ProfitabilityTool/capc_dataset_work_RyrnQw/feature_variants/convolution2D_serial_N_43.c,2,1681,5,2,8,0,9,0,0,0,0,0,0,0,9,1,72,8,1,0,0,0,2,0,0,,,,,,,,
0,/home/capc1/ProfitabilityTool-new-27-07-26/ProfitabilityTool/capc_dataset_work_RyrnQw/feature_variants/convolution2D_serial_N_44.c,2,1764,5,2,8,0,9,0,0,0,0,0,0,0,9,1,72,8,1,0,0,0,2,0,0,,,,,,,,
0,/home/capc1/ProfitabilityTool-new-27-07-26/ProfitabilityTool/capc_dataset_work_RyrnQw/feature_variants/convolution2D_serial_N_45.c,2,1849,5,2,8,0,9,0,0,0,0,0,0,0,9,1,72,8,1,0,0,0,2,0,0,,,,,,,,
0,/home/capc1/ProfitabilityTool-new-27-07-26/ProfitabilityTool/capc_dataset_work_RyrnQw/feature_variants/convolution2D_serial_N_46.c,2,1936,5,2,8,0,9,0,0,0,0,0,0,0,9,1,72,8,1,0,0,0,2,0,0,,,,,,,,
0,/home/capc1/ProfitabilityTool-new-27-07-26/ProfitabilityTool/capc_dataset_work_RyrnQw/feature_variants/convolution2D_serial_N_47.c,2,2025,5,2,8,0,9,0,0,0,0,0,0,0,9,1,72,8,1,0,0,0,2,0,0,,,,,,,,
0,/home/capc1/ProfitabilityTool-new-27-07-26/ProfitabilityTool/capc_dataset_work_RyrnQw/feature_variants/convolution2D_serial_N_48.c,2,2116,5,2,8,0,9,0,0,0,0,0,0,0,9,1,72,8,1,0,0,0,2,0,0,,,,,,,,
0,/home/capc1/ProfitabilityTool-new-27-07-26/ProfitabilityTool/capc_dataset_work_RyrnQw/feature_variants/convolution2D_serial_N_49.c,2,2209,5,2,8,0,9,0,0,0,0,0,0,0,9,1,72,8,1,0,0,0,2,0,0,,,,,,,,
0,/home/capc1/ProfitabilityTool-new-27-07-26/ProfitabilityTool/capc_dataset_work_RyrnQw/feature_variants/convolution2D_serial_N_50.c,2,2304,5,2,8,0,9,0,0,0,0,0,0,0,9,1,72,8,1,0,0,0,2,0,0,,,,,,,,
0,/home/capc1/ProfitabilityTool-new-27-07-26/ProfitabilityTool/capc_dataset_work_RyrnQw/feature_variants/convolution2D_serial_N_51.c,2,2401,5,2,8,0,9,0,0,0,0,0,0,0,9,1,72,8,1,0,0,0,2,0,0,,,,,,,,
0,/home/capc1/ProfitabilityTool-new-27-07-26/ProfitabilityTool/capc_dataset_work_RyrnQw/feature_variants/convolution2D_serial_N_52.c,2,2500,5,2,8,0,9,0,0,0,0,0,0,0,9,1,72,8,1,0,0,0,2,0,0,,,,,,,,
0,/home/capc1/ProfitabilityTool-new-27-07-26/ProfitabilityTool/capc_dataset_work_RyrnQw/feature_variants/convolution2D_serial_N_53.c,2,2601,5,2,8,0,9,0,0,0,0,0,0,0,9,1,72,8,1,0,0,0,2,0,0,,,,,,,,
0,/home/capc1/ProfitabilityTool-new-27-07-26/ProfitabilityTool/capc_dataset_work_RyrnQw/feature_variants/convolution2D_serial_N_54.c,2,2704,5,2,8,0,9,0,0,0,0,0,0,0,9,1,72,8,1,0,0,0,2,0,0,,,,,,,,
0,/home/capc1/ProfitabilityTool-new-27-07-26/ProfitabilityTool/capc_dataset_work_RyrnQw/feature_variants/convolution2D_serial_N_55.c,2,2809,5,2,8,0,9,0,0,0,0,0,0,0,9,1,72,8,1,0,0,0,2,0,0,,,,,,,,
0,/home/capc1/ProfitabilityTool-new-27-07-26/ProfitabilityTool/capc_dataset_work_RyrnQw/feature_variants/convolution2D_serial_N_56.c,2,2916,5,2,8,0,9,0,0,0,0,0,0,0,9,1,72,8,1,0,0,0,2,0,0,,,,,,,,
0,/home/capc1/ProfitabilityTool-new-27-07-26/ProfitabilityTool/capc_dataset_work_RyrnQw/feature_variants/convolution2D_serial_N_57.c,2,3025,5,2,8,0,9,0,0,0,0,0,0,0,9,1,72,8,1,0,0,0,2,0,0,,,,,,,,
0,/home/capc1/ProfitabilityTool-new-27-07-26/ProfitabilityTool/capc_dataset_work_RyrnQw/feature_variants/convolution2D_serial_N_58.c,2,3136,5,2,8,0,9,0,0,0,0,0,0,0,9,1,72,8,1,0,0,0,2,0,0,,,,,,,,
0,/home/capc1/ProfitabilityTool-new-27-07-26/ProfitabilityTool/capc_dataset_work_RyrnQw/feature_variants/convolution2D_serial_N_59.c,2,3249,5,2,8,0,9,0,0,0,0,0,0,0,9,1,72,8,1,0,0,0,2,0,0,,,,,,,,
0,/home/capc1/ProfitabilityTool-new-27-07-26/ProfitabilityTool/capc_dataset_work_RyrnQw/feature_variants/convolution2D_serial_N_60.c,2,3364,5,2,8,0,9,0,0,0,0,0,0,0,9,1,72,8,1,0,0,0,2,0,0,,,,,,,,
0,/home/capc1/ProfitabilityTool-new-27-07-26/ProfitabilityTool/capc_dataset_work_RyrnQw/feature_variants/convolution2D_serial_N_61.c,2,3481,5,2,8,0,9,0,0,0,0,0,0,0,9,1,72,8,1,0,0,0,2,0,0,,,,,,,,
0,/home/capc1/ProfitabilityTool-new-27-07-26/ProfitabilityTool/capc_dataset_work_RyrnQw/feature_variants/convolution2D_serial_N_62.c,2,3600,5,2,8,0,9,0,0,0,0,0,0,0,9,1,72,8,1,0,0,0,2,0,0,,,,,,,,
0,/home/capc1/ProfitabilityTool-new-27-07-26/ProfitabilityTool/capc_dataset_work_RyrnQw/feature_variants/convolution2D_serial_N_63.c,2,3721,5,2,8,0,9,0,0,0,0,0,0,0,9,1,72,8,1,0,0,0,2,0,0,,,,,,,,
0,/home/capc1/ProfitabilityTool-new-27-07-26/ProfitabilityTool/capc_dataset_work_RyrnQw/feature_variants/convolution2D_serial_N_64.c,2,3844,5,2,8,0,9,0,0,0,0,0,0,0,9,1,72,8,1,0,0,0,2,0,0,,,,,,,,
0,/home/capc1/ProfitabilityTool-new-27-07-26/ProfitabilityTool/capc_dataset_work_RyrnQw/feature_variants/convolution2D_serial_N_65.c,2,3969,5,2,8,0,9,0,0,0,0,0,0,0,9,1,72,8,1,0,0,0,2,0,0,,,,,,,,
0,/home/capc1/ProfitabilityTool-new-27-07-26/ProfitabilityTool/capc_dataset_work_RyrnQw/feature_variants/convolution2D_serial_N_66.c,2,4096,5,2,8,0,9,0,0,0,0,0,0,0,9,1,72,8,1,0,0,0,2,0,0,,,,,,,,
0,/home/capc1/ProfitabilityTool-new-27-07-26/ProfitabilityTool/capc_dataset_work_RyrnQw/feature_variants/convolution2D_serial_N_67.c,2,4225,5,2,8,0,9,0,0,0,0,0,0,0,9,1,72,8,1,0,0,0,2,0,0,,,,,,,,
0,/home/capc1/ProfitabilityTool-new-27-07-26/ProfitabilityTool/capc_dataset_work_RyrnQw/feature_variants/convolution2D_serial_N_68.c,2,4356,5,2,8,0,9,0,0,0,0,0,0,0,9,1,72,8,1,0,0,0,2,0,0,,,,,,,,
0,/home/capc1/ProfitabilityTool-new-27-07-26/ProfitabilityTool/capc_dataset_work_RyrnQw/feature_variants/convolution2D_serial_N_69.c,2,4489,5,2,8,0,9,0,0,0,0,0,0,0,9,1,72,8,1,0,0,0,2,0,0,,,,,,,,
0,/home/capc1/ProfitabilityTool-new-27-07-26/ProfitabilityTool/capc_dataset_work_RyrnQw/feature_variants/convolution2D_serial_N_70.c,2,4624,5,2,8,0,9,0,0,0,0,0,0,0,9,1,72,8,1,0,0,0,2,0,0,,,,,,,,
0,/home/capc1/ProfitabilityTool-new-27-07-26/ProfitabilityTool/capc_dataset_work_RyrnQw/feature_variants/convolution2D_serial_N_71.c,2,4761,5,2,8,0,9,0,0,0,0,0,0,0,9,1,72,8,1,0,0,0,2,0,0,,,,,,,,
0,/home/capc1/ProfitabilityTool-new-27-07-26/ProfitabilityTool/capc_dataset_work_RyrnQw/feature_variants/convolution2D_serial_N_72.c,2,4900,5,2,8,0,9,0,0,0,0,0,0,0,9,1,72,8,1,0,0,0,2,0,0,,,,,,,,
0,/home/capc1/ProfitabilityTool-new-27-07-26/ProfitabilityTool/capc_dataset_work_RyrnQw/feature_variants/convolution2D_serial_N_73.c,2,5041,5,2,8,0,9,0,0,0,0,0,0,0,9,1,72,8,1,0,0,0,2,0,0,,,,,,,,
0,/home/capc1/ProfitabilityTool-new-27-07-26/ProfitabilityTool/capc_dataset_work_RyrnQw/feature_variants/convolution2D_serial_N_74.c,2,5184,5,2,8,0,9,0,0,0,0,0,0,0,9,1,72,8,1,0,0,0,2,0,0,,,,,,,,
0,/home/capc1/ProfitabilityTool-new-27-07-26/ProfitabilityTool/capc_dataset_work_RyrnQw/feature_variants/convolution2D_serial_N_75.c,2,5329,5,2,8,0,9,0,0,0,0,0,0,0,9,1,72,8,1,0,0,0,2,0,0,,,,,,,,
0,/home/capc1/ProfitabilityTool-new-27-07-26/ProfitabilityTool/capc_dataset_work_RyrnQw/feature_variants/convolution2D_serial_N_76.c,2,5476,5,2,8,0,9,0,0,0,0,0,0,0,9,1,72,8,1,0,0,0,2,0,0,,,,,,,,
0,/home/capc1/ProfitabilityTool-new-27-07-26/ProfitabilityTool/capc_dataset_work_RyrnQw/feature_variants/convolution2D_serial_N_77.c,2,5625,5,2,8,0,9,0,0,0,0,0,0,0,9,1,72,8,1,0,0,0,2,0,0,,,,,,,,
0,/home/capc1/ProfitabilityTool-new-27-07-26/ProfitabilityTool/capc_dataset_work_RyrnQw/feature_variants/convolution2D_serial_N_78.c,2,5776,5,2,8,0,9,0,0,0,0,0,0,0,9,1,72,8,1,0,0,0,2,0,0,,,,,,,,
0,/home/capc1/ProfitabilityTool-new-27-07-26/ProfitabilityTool/capc_dataset_work_RyrnQw/feature_variants/convolution2D_serial_N_79.c,2,5929,5,2,8,0,9,0,0,0,0,0,0,0,9,1,72,8,1,0,0,0,2,0,0,,,,,,,,
0,/home/capc1/ProfitabilityTool-new-27-07-26/ProfitabilityTool/capc_dataset_work_RyrnQw/feature_variants/convolution2D_serial_N_80.c,2,6084,5,2,8,0,9,0,0,0,0,0,0,0,9,1,72,8,1,0,0,0,2,0,0,,,,,,,,
0,/home/capc1/ProfitabilityTool-new-27-07-26/ProfitabilityTool/capc_dataset_work_RyrnQw/feature_variants/convolution2D_serial_N_81.c,2,6241,5,2,8,0,9,0,0,0,0,0,0,0,9,1,72,8,1,0,0,0,2,0,0,,,,,,,,
0,/home/capc1/ProfitabilityTool-new-27-07-26/ProfitabilityTool/capc_dataset_work_RyrnQw/feature_variants/convolution2D_serial_N_82.c,2,6400,5,2,8,0,9,0,0,0,0,0,0,0,9,1,72,8,1,0,0,0,2,0,0,,,,,,,,
0,/home/capc1/ProfitabilityTool-new-27-07-26/ProfitabilityTool/capc_dataset_work_RyrnQw/feature_variants/convolution2D_serial_N_83.c,2,6561,5,2,8,0,9,0,0,0,0,0,0,0,9,1,72,8,1,0,0,0,2,0,0,,,,,,,,
0,/home/capc1/ProfitabilityTool-new-27-07-26/ProfitabilityTool/capc_dataset_work_RyrnQw/feature_variants/convolution2D_serial_N_84.c,2,6724,5,2,8,0,9,0,0,0,0,0,0,0,9,1,72,8,1,0,0,0,2,0,0,,,,,,,,
0,/home/capc1/ProfitabilityTool-new-27-07-26/ProfitabilityTool/capc_dataset_work_RyrnQw/feature_variants/convolution2D_serial_N_85.c,2,6889,5,2,8,0,9,0,0,0,0,0,0,0,9,1,72,8,1,0,0,0,2,0,0,,,,,,,,
0,/home/capc1/ProfitabilityTool-new-27-07-26/ProfitabilityTool/capc_dataset_work_RyrnQw/feature_variants/convolution2D_serial_N_86.c,2,7056,5,2,8,0,9,0,0,0,0,0,0,0,9,1,72,8,1,0,0,0,2,0,0,,,,,,,,
0,/home/capc1/ProfitabilityTool-new-27-07-26/ProfitabilityTool/capc_dataset_work_RyrnQw/feature_variants/convolution2D_serial_N_87.c,2,7225,5,2,8,0,9,0,0,0,0,0,0,0,9,1,72,8,1,0,0,0,2,0,0,,,,,,,,
0,/home/capc1/ProfitabilityTool-new-27-07-26/ProfitabilityTool/capc_dataset_work_RyrnQw/feature_variants/convolution2D_serial_N_88.c,2,7396,5,2,8,0,9,0,0,0,0,0,0,0,9,1,72,8,1,0,0,0,2,0,0,,,,,,,,
0,/home/capc1/ProfitabilityTool-new-27-07-26/ProfitabilityTool/capc_dataset_work_RyrnQw/feature_variants/convolution2D_serial_N_89.c,2,7569,5,2,8,0,9,0,0,0,0,0,0,0,9,1,72,8,1,0,0,0,2,0,0,,,,,,,,
0,/home/capc1/ProfitabilityTool-new-27-07-26/ProfitabilityTool/capc_dataset_work_RyrnQw/feature_variants/convolution2D_serial_N_90.c,2,7744,5,2,8,0,9,0,0,0,0,0,0,0,9,1,72,8,1,0,0,0,2,0,0,,,,,,,,
0,/home/capc1/ProfitabilityTool-new-27-07-26/ProfitabilityTool/capc_dataset_work_RyrnQw/feature_variants/convolution2D_serial_N_91.c,2,7921,5,2,8,0,9,0,0,0,0,0,0,0,9,1,72,8,1,0,0,0,2,0,0,,,,,,,,
0,/home/capc1/ProfitabilityTool-new-27-07-26/ProfitabilityTool/capc_dataset_work_RyrnQw/feature_variants/convolution2D_serial_N_92.c,2,8100,5,2,8,0,9,0,0,0,0,0,0,0,9,1,72,8,1,0,0,0,2,0,0,,,,,,,,
0,/home/capc1/ProfitabilityTool-new-27-07-26/ProfitabilityTool/capc_dataset_work_RyrnQw/feature_variants/convolution2D_serial_N_93.c,2,8281,5,2,8,0,9,0,0,0,0,0,0,0,9,1,72,8,1,0,0,0,2,0,0,,,,,,,,
0,/home/capc1/ProfitabilityTool-new-27-07-26/ProfitabilityTool/capc_dataset_work_RyrnQw/feature_variants/convolution2D_serial_N_94.c,2,8464,5,2,8,0,9,0,0,0,0,0,0,0,9,1,72,8,1,0,0,0,2,0,0,,,,,,,,
0,/home/capc1/ProfitabilityTool-new-27-07-26/ProfitabilityTool/capc_dataset_work_RyrnQw/feature_variants/convolution2D_serial_N_95.c,2,8649,5,2,8,0,9,0,0,0,0,0,0,0,9,1,72,8,1,0,0,0,2,0,0,,,,,,,,
0,/home/capc1/ProfitabilityTool-new-27-07-26/ProfitabilityTool/capc_dataset_work_RyrnQw/feature_variants/convolution2D_serial_N_96.c,2,8836,5,2,8,0,9,0,0,0,0,0,0,0,9,1,72,8,1,0,0,0,2,0,0,,,,,,,,
0,/home/capc1/ProfitabilityTool-new-27-07-26/ProfitabilityTool/capc_dataset_work_RyrnQw/feature_variants/convolution2D_serial_N_97.c,2,9025,5,2,8,0,9,0,0,0,0,0,0,0,9,1,72,8,1,0,0,0,2,0,0,,,,,,,,
0,/home/capc1/ProfitabilityTool-new-27-07-26/ProfitabilityTool/capc_dataset_work_RyrnQw/feature_variants/convolution2D_serial_N_98.c,2,9216,5,2,8,0,9,0,0,0,0,0,0,0,9,1,72,8,1,0,0,0,2,0,0,,,,,,,,
0,/home/capc1/ProfitabilityTool-new-27-07-26/ProfitabilityTool/capc_dataset_work_RyrnQw/feature_variants/convolution2D_serial_N_99.c,2,9409,5,2,8,0,9,0,0,0,0,0,0,0,9,1,72,8,1,0,0,0,2,0,0,,,,,,,,
0,/home/capc1/ProfitabilityTool-new-27-07-26/ProfitabilityTool/capc_dataset_work_RyrnQw/feature_variants/convolution2D_serial_N_100.c,2,9604,5,2,8,0,9,0,0,0,0,0,0,0,9,1,72,8,1,0,0,0,2,0,0,,,,,,,,
0,/home/capc1/ProfitabilityTool-new-27-07-26/ProfitabilityTool/capc_dataset_work_RyrnQw/feature_variants/convolution2D_serial_N_101.c,2,9801,5,2,8,0,9,0,0,0,0,0,0,0,9,1,72,8,1,0,0,0,2,0,0,,,,,,,,
0,/home/capc1/ProfitabilityTool-new-27-07-26/ProfitabilityTool/capc_dataset_work_RyrnQw/feature_variants/convolution2D_serial_N_102.c,2,10000,5,2,8,0,9,0,0,0,0,0,0,0,9,1,72,8,1,0,0,0,2,0,0,,,,,,,,
0,/home/capc1/ProfitabilityTool-new-27-07-26/ProfitabilityTool/capc_dataset_work_RyrnQw/feature_variants/convolution2D_serial_N_103.c,2,10201,5,2,8,0,9,0,0,0,0,0,0,0,9,1,72,8,1,0,0,0,2,0,0,,,,,,,,
0,/home/capc1/ProfitabilityTool-new-27-07-26/ProfitabilityTool/capc_dataset_work_RyrnQw/feature_variants/convolution2D_serial_N_104.c,2,10404,5,2,8,0,9,0,0,0,0,0,0,0,9,1,72,8,1,0,0,0,2,0,0,,,,,,,,
0,/home/capc1/ProfitabilityTool-new-27-07-26/ProfitabilityTool/capc_dataset_work_RyrnQw/feature_variants/convolution2D_serial_N_105.c,2,10609,5,2,8,0,9,0,0,0,0,0,0,0,9,1,72,8,1,0,0,0,2,0,0,,,,,,,,
0,/home/capc1/ProfitabilityTool-new-27-07-26/ProfitabilityTool/capc_dataset_work_RyrnQw/feature_variants/convolution2D_serial_N_106.c,2,10816,5,2,8,0,9,0,0,0,0,0,0,0,9,1,72,8,1,0,0,0,2,0,0,,,,,,,,
0,/home/capc1/ProfitabilityTool-new-27-07-26/ProfitabilityTool/capc_dataset_work_RyrnQw/feature_variants/convolution2D_serial_N_107.c,2,11025,5,2,8,0,9,0,0,0,0,0,0,0,9,1,72,8,1,0,0,0,2,0,0,,,,,,,,
0,/home/capc1/ProfitabilityTool-new-27-07-26/ProfitabilityTool/capc_dataset_work_RyrnQw/feature_variants/convolution2D_serial_N_108.c,2,11236,5,2,8,0,9,0,0,0,0,0,0,0,9,1,72,8,1,0,0,0,2,0,0,,,,,,,,
0,/home/capc1/ProfitabilityTool-new-27-07-26/ProfitabilityTool/capc_dataset_work_RyrnQw/feature_variants/convolution2D_serial_N_109.c,2,11449,5,2,8,0,9,0,0,0,0,0,0,0,9,1,72,8,1,0,0,0,2,0,0,,,,,,,,
0,/home/capc1/ProfitabilityTool-new-27-07-26/ProfitabilityTool/capc_dataset_work_RyrnQw/feature_variants/convolution2D_serial_N_110.c,2,11664,5,2,8,0,9,0,0,0,0,0,0,0,9,1,72,8,1,0,0,0,2,0,0,,,,,,,,
0,/home/capc1/ProfitabilityTool-new-27-07-26/ProfitabilityTool/capc_dataset_work_RyrnQw/feature_variants/convolution2D_serial_N_111.c,2,11881,5,2,8,0,9,0,0,0,0,0,0,0,9,1,72,8,1,0,0,0,2,0,0,,,,,,,,
0,/home/capc1/ProfitabilityTool-new-27-07-26/ProfitabilityTool/capc_dataset_work_RyrnQw/feature_variants/convolution2D_serial_N_112.c,2,12100,5,2,8,0,9,0,0,0,0,0,0,0,9,1,72,8,1,0,0,0,2,0,0,,,,,,,,
0,/home/capc1/ProfitabilityTool-new-27-07-26/ProfitabilityTool/capc_dataset_work_RyrnQw/feature_variants/convolution2D_serial_N_113.c,2,12321,5,2,8,0,9,0,0,0,0,0,0,0,9,1,72,8,1,0,0,0,2,0,0,,,,,,,,
0,/home/capc1/ProfitabilityTool-new-27-07-26/ProfitabilityTool/capc_dataset_work_RyrnQw/feature_variants/convolution2D_serial_N_114.c,2,12544,5,2,8,0,9,0,0,0,0,0,0,0,9,1,72,8,1,0,0,0,2,0,0,,,,,,,,
0,/home/capc1/ProfitabilityTool-new-27-07-26/ProfitabilityTool/capc_dataset_work_RyrnQw/feature_variants/convolution2D_serial_N_115.c,2,12769,5,2,8,0,9,0,0,0,0,0,0,0,9,1,72,8,1,0,0,0,2,0,0,,,,,,,,
0,/home/capc1/ProfitabilityTool-new-27-07-26/ProfitabilityTool/capc_dataset_work_RyrnQw/feature_variants/convolution2D_serial_N_116.c,2,12996,5,2,8,0,9,0,0,0,0,0,0,0,9,1,72,8,1,0,0,0,2,0,0,,,,,,,,
0,/home/capc1/ProfitabilityTool-new-27-07-26/ProfitabilityTool/capc_dataset_work_RyrnQw/feature_variants/convolution2D_serial_N_117.c,2,13225,5,2,8,0,9,0,0,0,0,0,0,0,9,1,72,8,1,0,0,0,2,0,0,,,,,,,,
0,/home/capc1/ProfitabilityTool-new-27-07-26/ProfitabilityTool/capc_dataset_work_RyrnQw/feature_variants/convolution2D_serial_N_118.c,2,13456,5,2,8,0,9,0,0,0,0,0,0,0,9,1,72,8,1,0,0,0,2,0,0,,,,,,,,
0,/home/capc1/ProfitabilityTool-new-27-07-26/ProfitabilityTool/capc_dataset_work_RyrnQw/feature_variants/convolution2D_serial_N_119.c,2,13689,5,2,8,0,9,0,0,0,0,0,0,0,9,1,72,8,1,0,0,0,2,0,0,,,,,,,,
0,/home/capc1/ProfitabilityTool-new-27-07-26/ProfitabilityTool/capc_dataset_work_RyrnQw/feature_variants/convolution2D_serial_N_120.c,2,13924,5,2,8,0,9,0,0,0,0,0,0,0,9,1,72,8,1,0,0,0,2,0,0,,,,,,,,
0,/home/capc1/ProfitabilityTool-new-27-07-26/ProfitabilityTool/capc_dataset_work_RyrnQw/feature_variants/convolution2D_serial_N_121.c,2,14161,5,2,8,0,9,0,0,0,0,0,0,0,9,1,72,8,1,0,0,0,2,0,0,,,,,,,,
0,/home/capc1/ProfitabilityTool-new-27-07-26/ProfitabilityTool/capc_dataset_work_RyrnQw/feature_variants/convolution2D_serial_N_122.c,2,14400,5,2,8,0,9,0,0,0,0,0,0,0,9,1,72,8,1,0,0,0,2,0,0,,,,,,,,
0,/home/capc1/ProfitabilityTool-new-27-07-26/ProfitabilityTool/capc_dataset_work_RyrnQw/feature_variants/convolution2D_serial_N_123.c,2,14641,5,2,8,0,9,0,0,0,0,0,0,0,9,1,72,8,1,0,0,0,2,0,0,,,,,,,,
0,/home/capc1/ProfitabilityTool-new-27-07-26/ProfitabilityTool/capc_dataset_work_RyrnQw/feature_variants/convolution2D_serial_N_124.c,2,14884,5,2,8,0,9,0,0,0,0,0,0,0,9,1,72,8,1,0,0,0,2,0,0,,,,,,,,
0,/home/capc1/ProfitabilityTool-new-27-07-26/ProfitabilityTool/capc_dataset_work_RyrnQw/feature_variants/convolution2D_serial_N_125.c,2,15129,5,2,8,0,9,0,0,0,0,0,0,0,9,1,72,8,1,0,0,0,2,0,0,,,,,,,,
0,/home/capc1/ProfitabilityTool-new-27-07-26/ProfitabilityTool/capc_dataset_work_RyrnQw/feature_variants/convolution2D_serial_N_126.c,2,15376,5,2,8,0,9,0,0,0,0,0,0,0,9,1,72,8,1,0,0,0,2,0,0,,,,,,,,
0,/home/capc1/ProfitabilityTool-new-27-07-26/ProfitabilityTool/capc_dataset_work_RyrnQw/feature_variants/convolution2D_serial_N_127.c,2,15625,5,2,8,0,9,0,0,0,0,0,0,0,9,1,72,8,1,0,0,0,2,0,0,,,,,,,,
0,/home/capc1/ProfitabilityTool-new-27-07-26/ProfitabilityTool/capc_dataset_work_RyrnQw/feature_variants/convolution2D_serial_N_128.c,2,15876,5,2,8,0,9,0,0,0,0,0,0,0,9,1,72,8,1,0,0,0,2,0,0,,,,,,,,
0,/home/capc1/ProfitabilityTool-new-27-07-26/ProfitabilityTool/capc_dataset_work_RyrnQw/feature_variants/convolution2D_serial_N_129.c,2,16129,5,2,8,0,9,0,0,0,0,0,0,0,9,1,72,8,1,0,0,0,2,0,0,,,,,,,,
0,/home/capc1/ProfitabilityTool-new-27-07-26/ProfitabilityTool/capc_dataset_work_RyrnQw/feature_variants/convolution2D_serial_N_130.c,2,16384,5,2,8,0,9,0,0,0,0,0,0,0,9,1,72,8,1,0,0,0,2,0,0,,,,,,,,
0,/home/capc1/ProfitabilityTool-new-27-07-26/ProfitabilityTool/capc_dataset_work_RyrnQw/feature_variants/convolution2D_serial_N_131.c,2,16641,5,2,8,0,9,0,0,0,0,0,0,0,9,1,72,8,1,0,0,0,2,0,0,,,,,,,,
0,/home/capc1/ProfitabilityTool-new-27-07-26/ProfitabilityTool/capc_dataset_work_RyrnQw/feature_variants/convolution2D_serial_N_132.c,2,16900,5,2,8,0,9,0,0,0,0,0,0,0,9,1,72,8,1,0,0,0,2,0,0,,,,,,,,
0,/home/capc1/ProfitabilityTool-new-27-07-26/ProfitabilityTool/capc_dataset_work_RyrnQw/feature_variants/convolution2D_serial_N_133.c,2,17161,5,2,8,0,9,0,0,0,0,0,0,0,9,1,72,8,1,0,0,0,2,0,0,,,,,,,,
0,/home/capc1/ProfitabilityTool-new-27-07-26/ProfitabilityTool/capc_dataset_work_RyrnQw/feature_variants/convolution2D_serial_N_134.c,2,17424,5,2,8,0,9,0,0,0,0,0,0,0,9,1,72,8,1,0,0,0,2,0,0,,,,,,,,
0,/home/capc1/ProfitabilityTool-new-27-07-26/ProfitabilityTool/capc_dataset_work_RyrnQw/feature_variants/convolution2D_serial_N_135.c,2,17689,5,2,8,0,9,0,0,0,0,0,0,0,9,1,72,8,1,0,0,0,2,0,0,,,,,,,,
0,/home/capc1/ProfitabilityTool-new-27-07-26/ProfitabilityTool/capc_dataset_work_RyrnQw/feature_variants/convolution2D_serial_N_136.c,2,17956,5,2,8,0,9,0,0,0,0,0,0,0,9,1,72,8,1,0,0,0,2,0,0,,,,,,,,
0,/home/capc1/ProfitabilityTool-new-27-07-26/ProfitabilityTool/capc_dataset_work_RyrnQw/feature_variants/convolution2D_serial_N_137.c,2,18225,5,2,8,0,9,0,0,0,0,0,0,0,9,1,72,8,1,0,0,0,2,0,0,,,,,,,,
0,/home/capc1/ProfitabilityTool-new-27-07-26/ProfitabilityTool/capc_dataset_work_RyrnQw/feature_variants/convolution2D_serial_N_138.c,2,18496,5,2,8,0,9,0,0,0,0,0,0,0,9,1,72,8,1,0,0,0,2,0,0,,,,,,,,
0,/home/capc1/ProfitabilityTool-new-27-07-26/ProfitabilityTool/capc_dataset_work_RyrnQw/feature_variants/convolution2D_serial_N_139.c,2,18769,5,2,8,0,9,0,0,0,0,0,0,0,9,1,72,8,1,0,0,0,2,0,0,,,,,,,,
0,/home/capc1/ProfitabilityTool-new-27-07-26/ProfitabilityTool/capc_dataset_work_RyrnQw/feature_variants/convolution2D_serial_N_140.c,2,19044,5,2,8,0,9,0,0,0,0,0,0,0,9,1,72,8,1,0,0,0,2,0,0,,,,,,,,
0,/home/capc1/ProfitabilityTool-new-27-07-26/ProfitabilityTool/capc_dataset_work_RyrnQw/feature_variants/convolution2D_serial_N_141.c,2,19321,5,2,8,0,9,0,0,0,0,0,0,0,9,1,72,8,1,0,0,0,2,0,0,,,,,,,,
0,/home/capc1/ProfitabilityTool-new-27-07-26/ProfitabilityTool/capc_dataset_work_RyrnQw/feature_variants/convolution2D_serial_N_142.c,2,19600,5,2,8,0,9,0,0,0,0,0,0,0,9,1,72,8,1,0,0,0,2,0,0,,,,,,,,
0,/home/capc1/ProfitabilityTool-new-27-07-26/ProfitabilityTool/capc_dataset_work_RyrnQw/feature_variants/convolution2D_serial_N_143.c,2,19881,5,2,8,0,9,0,0,0,0,0,0,0,9,1,72,8,1,0,0,0,2,0,0,,,,,,,,
0,/home/capc1/ProfitabilityTool-new-27-07-26/ProfitabilityTool/capc_dataset_work_RyrnQw/feature_variants/convolution2D_serial_N_144.c,2,20164,5,2,8,0,9,0,0,0,0,0,0,0,9,1,72,8,1,0,0,0,2,0,0,,,,,,,,
0,/home/capc1/ProfitabilityTool-new-27-07-26/ProfitabilityTool/capc_dataset_work_RyrnQw/feature_variants/convolution2D_serial_N_145.c,2,20449,5,2,8,0,9,0,0,0,0,0,0,0,9,1,72,8,1,0,0,0,2,0,0,,,,,,,,
0,/home/capc1/ProfitabilityTool-new-27-07-26/ProfitabilityTool/capc_dataset_work_RyrnQw/feature_variants/convolution2D_serial_N_146.c,2,20736,5,2,8,0,9,0,0,0,0,0,0,0,9,1,72,8,1,0,0,0,2,0,0,,,,,,,,
0,/home/capc1/ProfitabilityTool-new-27-07-26/ProfitabilityTool/capc_dataset_work_RyrnQw/feature_variants/convolution2D_serial_N_147.c,2,21025,5,2,8,0,9,0,0,0,0,0,0,0,9,1,72,8,1,0,0,0,2,0,0,,,,,,,,
0,/home/capc1/ProfitabilityTool-new-27-07-26/ProfitabilityTool/capc_dataset_work_RyrnQw/feature_variants/convolution2D_serial_N_148.c,2,21316,5,2,8,0,9,0,0,0,0,0,0,0,9,1,72,8,1,0,0,0,2,0,0,,,,,,,,
0,/home/capc1/ProfitabilityTool-new-27-07-26/ProfitabilityTool/capc_dataset_work_RyrnQw/feature_variants/convolution2D_serial_N_149.c,2,21609,5,2,8,0,9,0,0,0,0,0,0,0,9,1,72,8,1,0,0,0,2,0,0,,,,,,,,
0,/home/capc1/ProfitabilityTool-new-27-07-26/ProfitabilityTool/capc_dataset_work_RyrnQw/feature_variants/convolution2D_serial_N_150.c,2,21904,5,2,8,0,9,0,0,0,0,0,0,0,9,1,72,8,1,0,0,0,2,0,0,,,,,,,,
0,/home/capc1/ProfitabilityTool-new-27-07-26/ProfitabilityTool/capc_dataset_work_RyrnQw/feature_variants/convolution2D_serial_N_151.c,2,22201,5,2,8,0,9,0,0,0,0,0,0,0,9,1,72,8,1,0,0,0,2,0,0,,,,,,,,
0,/home/capc1/ProfitabilityTool-new-27-07-26/ProfitabilityTool/capc_dataset_work_RyrnQw/feature_variants/convolution2D_serial_N_152.c,2,22500,5,2,8,0,9,0,0,0,0,0,0,0,9,1,72,8,1,0,0,0,2,0,0,,,,,,,,
0,/home/capc1/ProfitabilityTool-new-27-07-26/ProfitabilityTool/capc_dataset_work_RyrnQw/feature_variants/convolution2D_serial_N_153.c,2,22801,5,2,8,0,9,0,0,0,0,0,0,0,9,1,72,8,1,0,0,0,2,0,0,,,,,,,,
0,/home/capc1/ProfitabilityTool-new-27-07-26/ProfitabilityTool/capc_dataset_work_RyrnQw/feature_variants/convolution2D_serial_N_154.c,2,23104,5,2,8,0,9,0,0,0,0,0,0,0,9,1,72,8,1,0,0,0,2,0,0,,,,,,,,
0,/home/capc1/ProfitabilityTool-new-27-07-26/ProfitabilityTool/capc_dataset_work_RyrnQw/feature_variants/convolution2D_serial_N_155.c,2,23409,5,2,8,0,9,0,0,0,0,0,0,0,9,1,72,8,1,0,0,0,2,0,0,,,,,,,,
0,/home/capc1/ProfitabilityTool-new-27-07-26/ProfitabilityTool/capc_dataset_work_RyrnQw/feature_variants/convolution2D_serial_N_156.c,2,23716,5,2,8,0,9,0,0,0,0,0,0,0,9,1,72,8,1,0,0,0,2,0,0,,,,,,,,
0,/home/capc1/ProfitabilityTool-new-27-07-26/ProfitabilityTool/capc_dataset_work_RyrnQw/feature_variants/convolution2D_serial_N_157.c,2,24025,5,2,8,0,9,0,0,0,0,0,0,0,9,1,72,8,1,0,0,0,2,0,0,,,,,,,,
0,/home/capc1/ProfitabilityTool-new-27-07-26/ProfitabilityTool/capc_dataset_work_RyrnQw/feature_variants/convolution2D_serial_N_158.c,2,24336,5,2,8,0,9,0,0,0,0,0,0,0,9,1,72,8,1,0,0,0,2,0,0,,,,,,,,
0,/home/capc1/ProfitabilityTool-new-27-07-26/ProfitabilityTool/capc_dataset_work_RyrnQw/feature_variants/convolution2D_serial_N_159.c,2,24649,5,2,8,0,9,0,0,0,0,0,0,0,9,1,72,8,1,0,0,0,2,0,0,,,,,,,,
0,/home/capc1/ProfitabilityTool-new-27-07-26/ProfitabilityTool/capc_dataset_work_RyrnQw/feature_variants/convolution2D_serial_N_160.c,2,24964,5,2,8,0,9,0,0,0,0,0,0,0,9,1,72,8,1,0,0,0,2,0,0,,,,,,,,
0,/home/capc1/ProfitabilityTool-new-27-07-26/ProfitabilityTool/capc_dataset_work_RyrnQw/feature_variants/convolution2D_serial_N_161.c,2,25281,5,2,8,0,9,0,0,0,0,0,0,0,9,1,72,8,1,0,0,0,2,0,0,,,,,,,,
0,/home/capc1/ProfitabilityTool-new-27-07-26/ProfitabilityTool/capc_dataset_work_RyrnQw/feature_variants/convolution2D_serial_N_162.c,2,25600,5,2,8,0,9,0,0,0,0,0,0,0,9,1,72,8,1,0,0,0,2,0,0,,,,,,,,
0,/home/capc1/ProfitabilityTool-new-27-07-26/ProfitabilityTool/capc_dataset_work_RyrnQw/feature_variants/convolution2D_serial_N_163.c,2,25921,5,2,8,0,9,0,0,0,0,0,0,0,9,1,72,8,1,0,0,0,2,0,0,,,,,,,,
0,/home/capc1/ProfitabilityTool-new-27-07-26/ProfitabilityTool/capc_dataset_work_RyrnQw/feature_variants/convolution2D_serial_N_164.c,2,26244,5,2,8,0,9,0,0,0,0,0,0,0,9,1,72,8,1,0,0,0,2,0,0,,,,,,,,
0,/home/capc1/ProfitabilityTool-new-27-07-26/ProfitabilityTool/capc_dataset_work_RyrnQw/feature_variants/convolution2D_serial_N_165.c,2,26569,5,2,8,0,9,0,0,0,0,0,0,0,9,1,72,8,1,0,0,0,2,0,0,,,,,,,,
0,/home/capc1/ProfitabilityTool-new-27-07-26/ProfitabilityTool/capc_dataset_work_RyrnQw/feature_variants/convolution2D_serial_N_166.c,2,26896,5,2,8,0,9,0,0,0,0,0,0,0,9,1,72,8,1,0,0,0,2,0,0,,,,,,,,
0,/home/capc1/ProfitabilityTool-new-27-07-26/ProfitabilityTool/capc_dataset_work_RyrnQw/feature_variants/convolution2D_serial_N_167.c,2,27225,5,2,8,0,9,0,0,0,0,0,0,0,9,1,72,8,1,0,0,0,2,0,0,,,,,,,,
0,/home/capc1/ProfitabilityTool-new-27-07-26/ProfitabilityTool/capc_dataset_work_RyrnQw/feature_variants/convolution2D_serial_N_168.c,2,27556,5,2,8,0,9,0,0,0,0,0,0,0,9,1,72,8,1,0,0,0,2,0,0,,,,,,,,
0,/home/capc1/ProfitabilityTool-new-27-07-26/ProfitabilityTool/capc_dataset_work_RyrnQw/feature_variants/convolution2D_serial_N_169.c,2,27889,5,2,8,0,9,0,0,0,0,0,0,0,9,1,72,8,1,0,0,0,2,0,0,,,,,,,,
0,/home/capc1/ProfitabilityTool-new-27-07-26/ProfitabilityTool/capc_dataset_work_RyrnQw/feature_variants/convolution2D_serial_N_170.c,2,28224,5,2,8,0,9,0,0,0,0,0,0,0,9,1,72,8,1,0,0,0,2,0,0,,,,,,,,
0,/home/capc1/ProfitabilityTool-new-27-07-26/ProfitabilityTool/capc_dataset_work_RyrnQw/feature_variants/convolution2D_serial_N_171.c,2,28561,5,2,8,0,9,0,0,0,0,0,0,0,9,1,72,8,1,0,0,0,2,0,0,,,,,,,,
0,/home/capc1/ProfitabilityTool-new-27-07-26/ProfitabilityTool/capc_dataset_work_RyrnQw/feature_variants/convolution2D_serial_N_172.c,2,28900,5,2,8,0,9,0,0,0,0,0,0,0,9,1,72,8,1,0,0,0,2,0,0,,,,,,,,
0,/home/capc1/ProfitabilityTool-new-27-07-26/ProfitabilityTool/capc_dataset_work_RyrnQw/feature_variants/convolution2D_serial_N_173.c,2,29241,5,2,8,0,9,0,0,0,0,0,0,0,9,1,72,8,1,0,0,0,2,0,0,,,,,,,,
0,/home/capc1/ProfitabilityTool-new-27-07-26/ProfitabilityTool/capc_dataset_work_RyrnQw/feature_variants/convolution2D_serial_N_174.c,2,29584,5,2,8,0,9,0,0,0,0,0,0,0,9,1,72,8,1,0,0,0,2,0,0,,,,,,,,
0,/home/capc1/ProfitabilityTool-new-27-07-26/ProfitabilityTool/capc_dataset_work_RyrnQw/feature_variants/convolution2D_serial_N_175.c,2,29929,5,2,8,0,9,0,0,0,0,0,0,0,9,1,72,8,1,0,0,0,2,0,0,,,,,,,,
0,/home/capc1/ProfitabilityTool-new-27-07-26/ProfitabilityTool/capc_dataset_work_RyrnQw/feature_variants/convolution2D_serial_N_176.c,2,30276,5,2,8,0,9,0,0,0,0,0,0,0,9,1,72,8,1,0,0,0,2,0,0,,,,,,,,
0,/home/capc1/ProfitabilityTool-new-27-07-26/ProfitabilityTool/capc_dataset_work_RyrnQw/feature_variants/convolution2D_serial_N_177.c,2,30625,5,2,8,0,9,0,0,0,0,0,0,0,9,1,72,8,1,0,0,0,2,0,0,,,,,,,,
0,/home/capc1/ProfitabilityTool-new-27-07-26/ProfitabilityTool/capc_dataset_work_RyrnQw/feature_variants/convolution2D_serial_N_178.c,2,30976,5,2,8,0,9,0,0,0,0,0,0,0,9,1,72,8,1,0,0,0,2,0,0,,,,,,,,
0,/home/capc1/ProfitabilityTool-new-27-07-26/ProfitabilityTool/capc_dataset_work_RyrnQw/feature_variants/convolution2D_serial_N_179.c,2,31329,5,2,8,0,9,0,0,0,0,0,0,0,9,1,72,8,1,0,0,0,2,0,0,,,,,,,,
0,/home/capc1/ProfitabilityTool-new-27-07-26/ProfitabilityTool/capc_dataset_work_RyrnQw/feature_variants/convolution2D_serial_N_180.c,2,31684,5,2,8,0,9,0,0,0,0,0,0,0,9,1,72,8,1,0,0,0,2,0,0,,,,,,,,
0,/home/capc1/ProfitabilityTool-new-27-07-26/ProfitabilityTool/capc_dataset_work_RyrnQw/feature_variants/convolution2D_serial_N_181.c,2,32041,5,2,8,0,9,0,0,0,0,0,0,0,9,1,72,8,1,0,0,0,2,0,0,,,,,,,,
0,/home/capc1/ProfitabilityTool-new-27-07-26/ProfitabilityTool/capc_dataset_work_RyrnQw/feature_variants/convolution2D_serial_N_182.c,2,32400,5,2,8,0,9,0,0,0,0,0,0,0,9,1,72,8,1,0,0,0,2,0,0,,,,,,,,
0,/home/capc1/ProfitabilityTool-new-27-07-26/ProfitabilityTool/capc_dataset_work_RyrnQw/feature_variants/convolution2D_serial_N_183.c,2,32761,5,2,8,0,9,0,0,0,0,0,0,0,9,1,72,8,1,0,0,0,2,0,0,,,,,,,,
0,/home/capc1/ProfitabilityTool-new-27-07-26/ProfitabilityTool/capc_dataset_work_RyrnQw/feature_variants/convolution2D_serial_N_184.c,2,33124,5,2,8,0,9,0,0,0,0,0,0,0,9,1,72,8,1,0,0,0,2,0,0,,,,,,,,
0,/home/capc1/ProfitabilityTool-new-27-07-26/ProfitabilityTool/capc_dataset_work_RyrnQw/feature_variants/convolution2D_serial_N_185.c,2,33489,5,2,8,0,9,0,0,0,0,0,0,0,9,1,72,8,1,0,0,0,2,0,0,,,,,,,,
0,/home/capc1/ProfitabilityTool-new-27-07-26/ProfitabilityTool/capc_dataset_work_RyrnQw/feature_variants/convolution2D_serial_N_186.c,2,33856,5,2,8,0,9,0,0,0,0,0,0,0,9,1,72,8,1,0,0,0,2,0,0,,,,,,,,
0,/home/capc1/ProfitabilityTool-new-27-07-26/ProfitabilityTool/capc_dataset_work_RyrnQw/feature_variants/convolution2D_serial_N_187.c,2,34225,5,2,8,0,9,0,0,0,0,0,0,0,9,1,72,8,1,0,0,0,2,0,0,,,,,,,,
0,/home/capc1/ProfitabilityTool-new-27-07-26/ProfitabilityTool/capc_dataset_work_RyrnQw/feature_variants/convolution2D_serial_N_188.c,2,34596,5,2,8,0,9,0,0,0,0,0,0,0,9,1,72,8,1,0,0,0,2,0,0,,,,,,,,
0,/home/capc1/ProfitabilityTool-new-27-07-26/ProfitabilityTool/capc_dataset_work_RyrnQw/feature_variants/convolution2D_serial_N_189.c,2,34969,5,2,8,0,9,0,0,0,0,0,0,0,9,1,72,8,1,0,0,0,2,0,0,,,,,,,,
0,/home/capc1/ProfitabilityTool-new-27-07-26/ProfitabilityTool/capc_dataset_work_RyrnQw/feature_variants/convolution2D_serial_N_190.c,2,35344,5,2,8,0,9,0,0,0,0,0,0,0,9,1,72,8,1,0,0,0,2,0,0,,,,,,,,
0,/home/capc1/ProfitabilityTool-new-27-07-26/ProfitabilityTool/capc_dataset_work_RyrnQw/feature_variants/convolution2D_serial_N_191.c,2,35721,5,2,8,0,9,0,0,0,0,0,0,0,9,1,72,8,1,0,0,0,2,0,0,,,,,,,,
0,/home/capc1/ProfitabilityTool-new-27-07-26/ProfitabilityTool/capc_dataset_work_RyrnQw/feature_variants/convolution2D_serial_N_192.c,2,36100,5,2,8,0,9,0,0,0,0,0,0,0,9,1,72,8,1,0,0,0,2,0,0,,,,,,,,
0,/home/capc1/ProfitabilityTool-new-27-07-26/ProfitabilityTool/capc_dataset_work_RyrnQw/feature_variants/convolution2D_serial_N_193.c,2,36481,5,2,8,0,9,0,0,0,0,0,0,0,9,1,72,8,1,0,0,0,2,0,0,,,,,,,,
0,/home/capc1/ProfitabilityTool-new-27-07-26/ProfitabilityTool/capc_dataset_work_RyrnQw/feature_variants/convolution2D_serial_N_194.c,2,36864,5,2,8,0,9,0,0,0,0,0,0,0,9,1,72,8,1,0,0,0,2,0,0,,,,,,,,
0,/home/capc1/ProfitabilityTool-new-27-07-26/ProfitabilityTool/capc_dataset_work_RyrnQw/feature_variants/convolution2D_serial_N_195.c,2,37249,5,2,8,0,9,0,0,0,0,0,0,0,9,1,72,8,1,0,0,0,2,0,0,,,,,,,,
0,/home/capc1/ProfitabilityTool-new-27-07-26/ProfitabilityTool/capc_dataset_work_RyrnQw/feature_variants/convolution2D_serial_N_196.c,2,37636,5,2,8,0,9,0,0,0,0,0,0,0,9,1,72,8,1,0,0,0,2,0,0,,,,,,,,
0,/home/capc1/ProfitabilityTool-new-27-07-26/ProfitabilityTool/capc_dataset_work_RyrnQw/feature_variants/convolution2D_serial_N_197.c,2,38025,5,2,8,0,9,0,0,0,0,0,0,0,9,1,72,8,1,0,0,0,2,0,0,,,,,,,,
0,/home/capc1/ProfitabilityTool-new-27-07-26/ProfitabilityTool/capc_dataset_work_RyrnQw/feature_variants/convolution2D_serial_N_198.c,2,38416,5,2,8,0,9,0,0,0,0,0,0,0,9,1,72,8,1,0,0,0,2,0,0,,,,,,,,
0,/home/capc1/ProfitabilityTool-new-27-07-26/ProfitabilityTool/capc_dataset_work_RyrnQw/feature_variants/convolution2D_serial_N_199.c,2,38809,5,2,8,0,9,0,0,0,0,0,0,0,9,1,72,8,1,0,0,0,2,0,0,,,,,,,,
0,/home/capc1/ProfitabilityTool-new-27-07-26/ProfitabilityTool/capc_dataset_work_RyrnQw/feature_variants/convolution2D_serial_N_200.c,2,39204,5,2,8,0,9,0,0,0,0,0,0,0,9,1,72,8,1,0,0,0,2,0,0,,,,,,,,
0,/home/capc1/ProfitabilityTool-new-27-07-26/ProfitabilityTool/capc_dataset_work_RyrnQw/feature_variants/convolution2D_serial_N_300.c,2,88804,5,2,8,0,9,0,0,0,0,0,0,0,9,1,72,8,1,0,0,0,2,0,0,,,,,,,,
0,/home/capc1/ProfitabilityTool-new-27-07-26/ProfitabilityTool/capc_dataset_work_RyrnQw/feature_variants/convolution2D_serial_N_400.c,2,158404,5,2,8,0,9,0,0,0,0,0,0,0,9,1,72,8,1,0,0,0,2,0,0,,,,,,,,
0,/home/capc1/ProfitabilityTool-new-27-07-26/ProfitabilityTool/capc_dataset_work_RyrnQw/feature_variants/convolution2D_serial_N_500.c,2,248004,5,2,8,0,9,0,0,0,0,0,0,0,9,1,72,8,1,0,0,0,2,0,0,,,,,,,,
0,/home/capc1/ProfitabilityTool-new-27-07-26/ProfitabilityTool/capc_dataset_work_RyrnQw/feature_variants/convolution2D_serial_N_600.c,2,357604,5,2,8,0,9,0,0,0,0,0,0,0,9,1,72,8,1,0,0,0,2,0,0,,,,,,,,
0,/home/capc1/ProfitabilityTool-new-27-07-26/ProfitabilityTool/capc_dataset_work_RyrnQw/feature_variants/convolution2D_serial_N_700.c,2,487204,5,2,8,0,9,0,0,0,0,0,0,0,9,1,72,8,1,0,0,0,2,0,0,,,,,,,,
0,/home/capc1/ProfitabilityTool-new-27-07-26/ProfitabilityTool/capc_dataset_work_RyrnQw/feature_variants/convolution2D_serial_N_800.c,2,636804,5,2,8,0,9,0,0,0,0,0,0,0,9,1,72,8,1,0,0,0,2,0,0,,,,,,,,
0,/home/capc1/ProfitabilityTool-new-27-07-26/ProfitabilityTool/capc_dataset_work_RyrnQw/feature_variants/convolution2D_serial_N_900.c,2,806404,5,2,8,0,9,0,0,0,0,0,0,0,9,1,72,8,1,0,0,0,2,0,0,,,,,,,,
0,/home/capc1/ProfitabilityTool-new-27-07-26/ProfitabilityTool/capc_dataset_work_RyrnQw/feature_variants/convolution2D_serial_N_1000.c,2,996004,5,2,8,0,9,0,0,0,0,0,0,0,9,1,72,8,1,0,0,0,2,0,0,,,,,,,,
0,/home/capc1/ProfitabilityTool-new-27-07-26/ProfitabilityTool/capc_dataset_work_RyrnQw/feature_variants/convolution2D_serial_N_2000.c,2,3992004,5,2,8,0,9,0,0,0,0,0,0,0,9,1,72,8,1,0,0,0,2,0,0,,,,,,,,
0,/home/capc1/ProfitabilityTool-new-27-07-26/ProfitabilityTool/capc_dataset_work_RyrnQw/feature_variants/convolution2D_serial_N_3000.c,2,8988004,5,2,8,0,9,0,0,0,0,0,0,0,9,1,72,8,1,0,0,0,2,0,0,,,,,,,,
0,/home/capc1/ProfitabilityTool-new-27-07-26/ProfitabilityTool/capc_dataset_work_RyrnQw/feature_variants/convolution2D_serial_N_4000.c,2,15984004,5,2,8,0,9,0,0,0,0,0,0,0,9,1,72,8,1,0,0,0,2,0,0,,,,,,,,
0,/home/capc1/ProfitabilityTool-new-27-07-26/ProfitabilityTool/capc_dataset_work_RyrnQw/feature_variants/convolution2D_serial_N_5000.c,2,24980004,5,2,8,0,9,0,0,0,0,0,0,0,9,1,72,8,1,0,0,0,2,0,0,,,,,,,,
0,/home/capc1/ProfitabilityTool-new-27-07-26/ProfitabilityTool/capc_dataset_work_RyrnQw/feature_variants/convolution2D_serial_N_6000.c,2,35976004,5,2,8,0,9,0,0,0,0,0,0,0,9,1,72,8,1,0,0,0,2,0,0,,,,,,,,
0,/home/capc1/ProfitabilityTool-new-27-07-26/ProfitabilityTool/capc_dataset_work_RyrnQw/feature_variants/convolution2D_serial_N_7000.c,2,48972004,5,2,8,0,9,0,0,0,0,0,0,0,9,1,72,8,1,0,0,0,2,0,0,,,,,,,,
0,/home/capc1/ProfitabilityTool-new-27-07-26/ProfitabilityTool/capc_dataset_work_RyrnQw/feature_variants/convolution2D_serial_N_8000.c,2,63968004,5,2,8,0,9,0,0,0,0,0,0,0,9,1,72,8,1,0,0,0,2,0,0,,,,,,,,
0,/home/capc1/ProfitabilityTool-new-27-07-26/ProfitabilityTool/capc_dataset_work_RyrnQw/feature_variants/convolution2D_serial_N_9000.c,2,80964004,5,2,8,0,9,0,0,0,0,0,0,0,9,1,72,8,1,0,0,0,2,0,0,,,,,,,,
0,/home/capc1/ProfitabilityTool-new-27-07-26/ProfitabilityTool/capc_dataset_work_RyrnQw/feature_variants/convolution2D_serial_N_10000.c,2,99960004,5,2,8,0,9,0,0,0,0,0,0,0,9,1,72,8,1,0,0,0,2,0,0,,,,,,,,
0,/home/capc1/ProfitabilityTool-new-27-07-26/ProfitabilityTool/capc_dataset_work_RyrnQw/feature_variants/convolution2D_serial_N_20000.c,2,399920004,5,2,8,0,9,0,0,0,0,0,0,0,9,1,72,8,1,0,0,0,2,0,0,,,,,,,,
0,/home/capc1/ProfitabilityTool-new-27-07-26/ProfitabilityTool/capc_dataset_work_RyrnQw/feature_variants/convolution2D_serial_N_30000.c,2,899880004,5,2,8,0,9,0,0,0,0,0,0,0,9,1,72,8,1,0,0,0,2,0,0,,,,,,,,
0,/home/capc1/ProfitabilityTool-new-27-07-26/ProfitabilityTool/capc_dataset_work_RyrnQw/feature_variants/convolution2D_serial_N_40000.c,2,1599840004,5,2,8,0,9,0,0,0,0,0,0,0,9,1,72,8,1,0,0,0,2,0,0,,,,,,,,
0,/home/capc1/ProfitabilityTool-new-27-07-26/ProfitabilityTool/capc_dataset_work_RyrnQw/feature_variants/convolution2D_serial_N_50000.c,2,2499800004,5,2,8,0,9,0,0,0,0,0,0,0,9,1,72,8,1,0,0,0,2,0,0,,,,,,,,
0,/home/capc1/ProfitabilityTool-new-27-07-26/ProfitabilityTool/capc_dataset_work_RyrnQw/feature_variants/convolution2D_serial_N_60000.c,2,3599760004,5,2,8,0,9,0,0,0,0,0,0,0,9,1,72,8,1,0,0,0,2,0,0,,,,,,,,
0,/home/capc1/ProfitabilityTool-new-27-07-26/ProfitabilityTool/capc_dataset_work_RyrnQw/feature_variants/convolution2D_serial_N_70000.c,2,4899720004,5,2,8,0,9,0,0,0,0,0,0,0,9,1,72,8,1,0,0,0,2,0,0,,,,,,,,
0,/home/capc1/ProfitabilityTool-new-27-07-26/ProfitabilityTool/capc_dataset_work_RyrnQw/feature_variants/convolution2D_serial_N_80000.c,2,6399680004,5,2,8,0,9,0,0,0,0,0,0,0,9,1,72,8,1,0,0,0,2,0,0,,,,,,,,
0,/home/capc1/ProfitabilityTool-new-27-07-26/ProfitabilityTool/capc_dataset_work_RyrnQw/feature_variants/convolution2D_serial_N_90000.c,2,8099640004,5,2,8,0,9,0,0,0,0,0,0,0,9,1,72,8,1,0,0,0,2,0,0,,,,,,,,
0,/home/capc1/ProfitabilityTool-new-27-07-26/ProfitabilityTool/capc_dataset_work_RyrnQw/feature_variants/convolution2D_serial_N_100000.c,2,9999600004,5,2,8,0,9,0,0,0,0,0,0,0,9,1,72,8,1,0,0,0,2,0,0,,,,,,,,
0,/home/capc1/ProfitabilityTool-new-27-07-26/ProfitabilityTool/capc_dataset_work_RyrnQw/feature_variants/convolution2D_serial_N_200000.c,2,39999200004,5,2,8,0,9,0,0,0,0,0,0,0,9,1,72,8,1,0,0,0,2,0,0,,,,,,,,
0,/home/capc1/ProfitabilityTool-new-27-07-26/ProfitabilityTool/capc_dataset_work_RyrnQw/feature_variants/convolution2D_serial_N_300000.c,2,89998800004,5,2,8,0,9,0,0,0,0,0,0,0,9,1,72,8,1,0,0,0,2,0,0,,,,,,,,
0,/home/capc1/ProfitabilityTool-new-27-07-26/ProfitabilityTool/capc_dataset_work_RyrnQw/feature_variants/convolution2D_serial_N_400000.c,2,159998400004,5,2,8,0,9,0,0,0,0,0,0,0,9,1,72,8,1,0,0,0,2,0,0,,,,,,,,
0,/home/capc1/ProfitabilityTool-new-27-07-26/ProfitabilityTool/capc_dataset_work_RyrnQw/feature_variants/convolution2D_serial_N_500000.c,2,249998000004,5,2,8,0,9,0,0,0,0,0,0,0,9,1,72,8,1,0,0,0,2,0,0,,,,,,,,
0,/home/capc1/ProfitabilityTool-new-27-07-26/ProfitabilityTool/capc_dataset_work_RyrnQw/feature_variants/convolution2D_serial_N_600000.c,2,359997600004,5,2,8,0,9,0,0,0,0,0,0,0,9,1,72,8,1,0,0,0,2,0,0,,,,,,,,
0,/home/capc1/ProfitabilityTool-new-27-07-26/ProfitabilityTool/capc_dataset_work_RyrnQw/feature_variants/convolution2D_serial_N_700000.c,2,489997200004,5,2,8,0,9,0,0,0,0,0,0,0,9,1,72,8,1,0,0,0,2,0,0,,,,,,,,
0,/home/capc1/ProfitabilityTool-new-27-07-26/ProfitabilityTool/capc_dataset_work_RyrnQw/feature_variants/convolution2D_serial_N_800000.c,2,639996800004,5,2,8,0,9,0,0,0,0,0,0,0,9,1,72,8,1,0,0,0,2,0,0,,,,,,,,
0,/home/capc1/ProfitabilityTool-new-27-07-26/ProfitabilityTool/capc_dataset_work_RyrnQw/feature_variants/convolution2D_serial_N_900000.c,2,809996400004,5,2,8,0,9,0,0,0,0,0,0,0,9,1,72,8,1,0,0,0,2,0,0,,,,,,,,
0,/home/capc1/ProfitabilityTool-new-27-07-26/ProfitabilityTool/capc_dataset_work_RyrnQw/feature_variants/convolution2D_serial_N_1000000.c,2,999996000004,5,2,8,0,9,0,0,0,0,0,0,0,9,1,72,8,1,0,0,0,2,0,0,,,,,,,,
0,/home/capc1/ProfitabilityTool-new-27-07-26/ProfitabilityTool/capc_dataset_work_RyrnQw/feature_variants/convolution2D_serial_N_2000000.c,2,3999992000004,5,2,8,0,9,0,0,0,0,0,0,0,9,1,72,8,1,0,0,0,2,0,0,,,,,,,,
0,/home/capc1/ProfitabilityTool-new-27-07-26/ProfitabilityTool/capc_dataset_work_RyrnQw/feature_variants/convolution2D_serial_N_3000000.c,2,8999988000004,5,2,8,0,9,0,0,0,0,0,0,0,9,1,72,8,1,0,0,0,2,0,0,,,,,,,,
0,/home/capc1/ProfitabilityTool-new-27-07-26/ProfitabilityTool/capc_dataset_work_RyrnQw/feature_variants/convolution2D_serial_N_4000000.c,2,15999984000004,5,2,8,0,9,0,0,0,0,0,0,0,9,1,72,8,1,0,0,0,2,0,0,,,,,,,,
0,/home/capc1/ProfitabilityTool-new-27-07-26/ProfitabilityTool/capc_dataset_work_RyrnQw/feature_variants/convolution2D_serial_N_5000000.c,2,24999980000004,5,2,8,0,9,0,0,0,0,0,0,0,9,1,72,8,1,0,0,0,2,0,0,,,,,,,,
0,/home/capc1/ProfitabilityTool-new-27-07-26/ProfitabilityTool/capc_dataset_work_RyrnQw/feature_variants/convolution2D_serial_N_6000000.c,2,35999976000004,5,2,8,0,9,0,0,0,0,0,0,0,9,1,72,8,1,0,0,0,2,0,0,,,,,,,,
0,/home/capc1/ProfitabilityTool-new-27-07-26/ProfitabilityTool/capc_dataset_work_RyrnQw/feature_variants/convolution2D_serial_N_7000000.c,2,48999972000004,5,2,8,0,9,0,0,0,0,0,0,0,9,1,72,8,1,0,0,0,2,0,0,,,,,,,,
0,/home/capc1/ProfitabilityTool-new-27-07-26/ProfitabilityTool/capc_dataset_work_RyrnQw/feature_variants/convolution2D_serial_N_8000000.c,2,63999968000004,5,2,8,0,9,0,0,0,0,0,0,0,9,1,72,8,1,0,0,0,2,0,0,,,,,,,,
0,/home/capc1/ProfitabilityTool-new-27-07-26/ProfitabilityTool/capc_dataset_work_RyrnQw/feature_variants/convolution2D_serial_N_9000000.c,2,80999964000004,5,2,8,0,9,0,0,0,0,0,0,0,9,1,72,8,1,0,0,0,2,0,0,,,,,,,,
0,/home/capc1/ProfitabilityTool-new-27-07-26/ProfitabilityTool/capc_dataset_work_RyrnQw/feature_variants/convolution2D_serial_N_10000000.c,2,99999960000004,5,2,8,0,9,0,0,0,0,0,0,0,9,1,72,8,1,0,0,0,2,0,0,,,,,,,,
0,/home/capc1/ProfitabilityTool-new-27-07-26/ProfitabilityTool/capc_dataset_work_RyrnQw/feature_variants/convolution2D_serial_N_20000000.c,2,399999920000004,5,2,8,0,9,0,0,0,0,0,0,0,9,1,72,8,1,0,0,0,2,0,0,,,,,,,,
0,/home/capc1/ProfitabilityTool-new-27-07-26/ProfitabilityTool/capc_dataset_work_RyrnQw/feature_variants/convolution2D_serial_N_30000000.c,2,899999880000004,5,2,8,0,9,0,0,0,0,0,0,0,9,1,72,8,1,0,0,0,2,0,0,,,,,,,,
0,/home/capc1/ProfitabilityTool-new-27-07-26/ProfitabilityTool/capc_dataset_work_RyrnQw/feature_variants/convolution2D_serial_N_40000000.c,2,1599999840000004,5,2,8,0,9,0,0,0,0,0,0,0,9,1,72,8,1,0,0,0,2,0,0,,,,,,,,
0,/home/capc1/ProfitabilityTool-new-27-07-26/ProfitabilityTool/capc_dataset_work_RyrnQw/feature_variants/convolution2D_serial_N_50000000.c,2,2499999800000004,5,2,8,0,9,0,0,0,0,0,0,0,9,1,72,8,1,0,0,0,2,0,0,,,,,,,,
0,/home/capc1/ProfitabilityTool-new-27-07-26/ProfitabilityTool/capc_dataset_work_RyrnQw/feature_variants/convolution2D_serial_N_60000000.c,2,3599999760000004,5,2,8,0,9,0,0,0,0,0,0,0,9,1,72,8,1,0,0,0,2,0,0,,,,,,,,
0,/home/capc1/ProfitabilityTool-new-27-07-26/ProfitabilityTool/capc_dataset_work_RyrnQw/feature_variants/convolution2D_serial_N_70000000.c,2,4899999720000004,5,2,8,0,9,0,0,0,0,0,0,0,9,1,72,8,1,0,0,0,2,0,0,,,,,,,,
0,/home/capc1/ProfitabilityTool-new-27-07-26/ProfitabilityTool/capc_dataset_work_RyrnQw/feature_variants/convolution2D_serial_N_80000000.c,2,6399999680000004,5,2,8,0,9,0,0,0,0,0,0,0,9,1,72,8,1,0,0,0,2,0,0,,,,,,,,
0,/home/capc1/ProfitabilityTool-new-27-07-26/ProfitabilityTool/capc_dataset_work_RyrnQw/feature_variants/convolution2D_serial_N_90000000.c,2,8099999640000004,5,2,8,0,9,0,0,0,0,0,0,0,9,1,72,8,1,0,0,0,2,0,0,,,,,,,,
0,/home/capc1/ProfitabilityTool-new-27-07-26/ProfitabilityTool/capc_dataset_work_RyrnQw/feature_variants/convolution2D_serial_N_100000000.c,2,9999999600000004,5,2,8,0,9,0,0,0,0,0,0,0,9,1,72,8,1,0,0,0,2,0,0,,,,,,,,
0,/home/capc1/ProfitabilityTool-new-27-07-26/ProfitabilityTool/capc_dataset_work_RyrnQw/feature_variants/convolution2D_serial_N_200000000.c,2,39999999200000004,5,2,8,0,9,0,0,0,0,0,0,0,9,1,72,8,1,0,0,0,2,0,0,,,,,,,,
0,/home/capc1/ProfitabilityTool-new-27-07-26/ProfitabilityTool/capc_dataset_work_RyrnQw/feature_variants/convolution2D_serial_N_300000000.c,2,89999998800000004,5,2,8,0,9,0,0,0,0,0,0,0,9,1,72,8,1,0,0,0,2,0,0,,,,,,,,
0,/home/capc1/ProfitabilityTool-new-27-07-26/ProfitabilityTool/capc_dataset_work_RyrnQw/feature_variants/convolution2D_serial_N_400000000.c,2,159999998400000004,5,2,8,0,9,0,0,0,0,0,0,0,9,1,72,8,1,0,0,0,2,0,0,,,,,,,,
0,/home/capc1/ProfitabilityTool-new-27-07-26/ProfitabilityTool/capc_dataset_work_RyrnQw/feature_variants/convolution2D_serial_N_500000000.c,2,249999998000000004,5,2,8,0,9,0,0,0,0,0,0,0,9,1,72,8,1,0,0,0,2,0,0,,,,,,,,
0,/home/capc1/ProfitabilityTool-new-27-07-26/ProfitabilityTool/capc_dataset_work_RyrnQw/feature_variants/convolution2D_serial_N_600000000.c,2,359999997600000004,0,0,0,0,0,0,0,0,0,0,0,0,0,0,0,0,0,0,0,0,0,0,0,,,,,,,,
0,/home/capc1/ProfitabilityTool-new-27-07-26/ProfitabilityTool/capc_dataset_work_RyrnQw/feature_variants/floatingDivisionSelect_serial_N_1.c,1,1,1,0,1,0,1,0,2,0,0,0,0,0,2,1,16,8,0,0,0,0,3,0,2,,,,,,,,
0,/home/capc1/ProfitabilityTool-new-27-07-26/ProfitabilityTool/capc_dataset_work_RyrnQw/feature_variants/floatingDivisionSelect_serial_N_2.c,1,2,3,0,1,0,1,0,2,0,0,0,0,0,2,1,16,8,1,0,0,0,3,0,2,,,,,,,,
0,/home/capc1/ProfitabilityTool-new-27-07-26/ProfitabilityTool/capc_dataset_work_RyrnQw/feature_variants/floatingDivisionSelect_serial_N_3.c,1,3,3,0,1,0,1,0,2,0,0,0,0,0,2,1,16,8,1,0,0,0,3,0,2,,,,,,,,
0,/home/capc1/ProfitabilityTool-new-27-07-26/ProfitabilityTool/capc_dataset_work_RyrnQw/feature_variants/floatingDivisionSelect_serial_N_4.c,1,4,3,0,1,0,1,0,2,0,0,0,0,0,2,1,16,8,1,0,0,0,3,0,2,,,,,,,,
0,/home/capc1/ProfitabilityTool-new-27-07-26/ProfitabilityTool/capc_dataset_work_RyrnQw/feature_variants/floatingDivisionSelect_serial_N_5.c,1,5,3,0,1,0,1,0,2,0,0,0,0,0,2,1,16,8,1,0,0,0,3,0,2,,,,,,,,
0,/home/capc1/ProfitabilityTool-new-27-07-26/ProfitabilityTool/capc_dataset_work_RyrnQw/feature_variants/floatingDivisionSelect_serial_N_6.c,1,6,3,0,1,0,1,0,2,0,0,0,0,0,2,1,16,8,1,0,0,0,3,0,2,,,,,,,,
0,/home/capc1/ProfitabilityTool-new-27-07-26/ProfitabilityTool/capc_dataset_work_RyrnQw/feature_variants/floatingDivisionSelect_serial_N_7.c,1,7,3,0,1,0,1,0,2,0,0,0,0,0,2,1,16,8,1,0,0,0,3,0,2,,,,,,,,
0,/home/capc1/ProfitabilityTool-new-27-07-26/ProfitabilityTool/capc_dataset_work_RyrnQw/feature_variants/floatingDivisionSelect_serial_N_8.c,1,8,3,0,1,0,1,0,2,0,0,0,0,0,2,1,16,8,1,0,0,0,3,0,2,,,,,,,,
0,/home/capc1/ProfitabilityTool-new-27-07-26/ProfitabilityTool/capc_dataset_work_RyrnQw/feature_variants/floatingDivisionSelect_serial_N_9.c,1,9,3,0,1,0,1,0,2,0,0,0,0,0,2,1,16,8,1,0,0,0,3,0,2,,,,,,,,
0,/home/capc1/ProfitabilityTool-new-27-07-26/ProfitabilityTool/capc_dataset_work_RyrnQw/feature_variants/floatingDivisionSelect_serial_N_10.c,1,10,3,0,1,0,1,0,2,0,0,0,0,0,2,1,16,8,1,0,0,0,3,0,2,,,,,,,,
0,/home/capc1/ProfitabilityTool-new-27-07-26/ProfitabilityTool/capc_dataset_work_RyrnQw/feature_variants/floatingDivisionSelect_serial_N_11.c,1,11,3,0,1,0,1,0,2,0,0,0,0,0,2,1,16,8,1,0,0,0,3,0,2,,,,,,,,
0,/home/capc1/ProfitabilityTool-new-27-07-26/ProfitabilityTool/capc_dataset_work_RyrnQw/feature_variants/floatingDivisionSelect_serial_N_12.c,1,12,3,0,1,0,1,0,2,0,0,0,0,0,2,1,16,8,1,0,0,0,3,0,2,,,,,,,,
0,/home/capc1/ProfitabilityTool-new-27-07-26/ProfitabilityTool/capc_dataset_work_RyrnQw/feature_variants/floatingDivisionSelect_serial_N_13.c,1,13,3,0,1,0,1,0,2,0,0,0,0,0,2,1,16,8,1,0,0,0,3,0,2,,,,,,,,
0,/home/capc1/ProfitabilityTool-new-27-07-26/ProfitabilityTool/capc_dataset_work_RyrnQw/feature_variants/floatingDivisionSelect_serial_N_14.c,1,14,3,0,1,0,1,0,2,0,0,0,0,0,2,1,16,8,1,0,0,0,3,0,2,,,,,,,,
0,/home/capc1/ProfitabilityTool-new-27-07-26/ProfitabilityTool/capc_dataset_work_RyrnQw/feature_variants/floatingDivisionSelect_serial_N_15.c,1,15,3,0,1,0,1,0,2,0,0,0,0,0,2,1,16,8,1,0,0,0,3,0,2,,,,,,,,
0,/home/capc1/ProfitabilityTool-new-27-07-26/ProfitabilityTool/capc_dataset_work_RyrnQw/feature_variants/floatingDivisionSelect_serial_N_16.c,1,16,3,0,1,0,1,0,2,0,0,0,0,0,2,1,16,8,1,0,0,0,3,0,2,,,,,,,,
0,/home/capc1/ProfitabilityTool-new-27-07-26/ProfitabilityTool/capc_dataset_work_RyrnQw/feature_variants/floatingDivisionSelect_serial_N_17.c,1,17,3,0,1,0,1,0,2,0,0,0,0,0,2,1,16,8,1,0,0,0,3,0,2,,,,,,,,
0,/home/capc1/ProfitabilityTool-new-27-07-26/ProfitabilityTool/capc_dataset_work_RyrnQw/feature_variants/floatingDivisionSelect_serial_N_18.c,1,18,3,0,1,0,1,0,2,0,0,0,0,0,2,1,16,8,1,0,0,0,3,0,2,,,,,,,,
0,/home/capc1/ProfitabilityTool-new-27-07-26/ProfitabilityTool/capc_dataset_work_RyrnQw/feature_variants/floatingDivisionSelect_serial_N_19.c,1,19,3,0,1,0,1,0,2,0,0,0,0,0,2,1,16,8,1,0,0,0,3,0,2,,,,,,,,
0,/home/capc1/ProfitabilityTool-new-27-07-26/ProfitabilityTool/capc_dataset_work_RyrnQw/feature_variants/floatingDivisionSelect_serial_N_20.c,1,20,3,0,1,0,1,0,2,0,0,0,0,0,2,1,16,8,1,0,0,0,3,0,2,,,,,,,,
0,/home/capc1/ProfitabilityTool-new-27-07-26/ProfitabilityTool/capc_dataset_work_RyrnQw/feature_variants/floatingDivisionSelect_serial_N_21.c,1,21,3,0,1,0,1,0,2,0,0,0,0,0,2,1,16,8,1,0,0,0,3,0,2,,,,,,,,
0,/home/capc1/ProfitabilityTool-new-27-07-26/ProfitabilityTool/capc_dataset_work_RyrnQw/feature_variants/floatingDivisionSelect_serial_N_22.c,1,22,3,0,1,0,1,0,2,0,0,0,0,0,2,1,16,8,1,0,0,0,3,0,2,,,,,,,,
0,/home/capc1/ProfitabilityTool-new-27-07-26/ProfitabilityTool/capc_dataset_work_RyrnQw/feature_variants/floatingDivisionSelect_serial_N_23.c,1,23,3,0,1,0,1,0,2,0,0,0,0,0,2,1,16,8,1,0,0,0,3,0,2,,,,,,,,
0,/home/capc1/ProfitabilityTool-new-27-07-26/ProfitabilityTool/capc_dataset_work_RyrnQw/feature_variants/floatingDivisionSelect_serial_N_24.c,1,24,3,0,1,0,1,0,2,0,0,0,0,0,2,1,16,8,1,0,0,0,3,0,2,,,,,,,,
0,/home/capc1/ProfitabilityTool-new-27-07-26/ProfitabilityTool/capc_dataset_work_RyrnQw/feature_variants/floatingDivisionSelect_serial_N_25.c,1,25,3,0,1,0,1,0,2,0,0,0,0,0,2,1,16,8,1,0,0,0,3,0,2,,,,,,,,
0,/home/capc1/ProfitabilityTool-new-27-07-26/ProfitabilityTool/capc_dataset_work_RyrnQw/feature_variants/floatingDivisionSelect_serial_N_26.c,1,26,3,0,1,0,1,0,2,0,0,0,0,0,2,1,16,8,1,0,0,0,3,0,2,,,,,,,,
0,/home/capc1/ProfitabilityTool-new-27-07-26/ProfitabilityTool/capc_dataset_work_RyrnQw/feature_variants/floatingDivisionSelect_serial_N_27.c,1,27,3,0,1,0,1,0,2,0,0,0,0,0,2,1,16,8,1,0,0,0,3,0,2,,,,,,,,
0,/home/capc1/ProfitabilityTool-new-27-07-26/ProfitabilityTool/capc_dataset_work_RyrnQw/feature_variants/floatingDivisionSelect_serial_N_28.c,1,28,3,0,1,0,1,0,2,0,0,0,0,0,2,1,16,8,1,0,0,0,3,0,2,,,,,,,,
0,/home/capc1/ProfitabilityTool-new-27-07-26/ProfitabilityTool/capc_dataset_work_RyrnQw/feature_variants/floatingDivisionSelect_serial_N_29.c,1,29,3,0,1,0,1,0,2,0,0,0,0,0,2,1,16,8,1,0,0,0,3,0,2,,,,,,,,
0,/home/capc1/ProfitabilityTool-new-27-07-26/ProfitabilityTool/capc_dataset_work_RyrnQw/feature_variants/floatingDivisionSelect_serial_N_30.c,1,30,3,0,1,0,1,0,2,0,0,0,0,0,2,1,16,8,1,0,0,0,3,0,2,,,,,,,,
0,/home/capc1/ProfitabilityTool-new-27-07-26/ProfitabilityTool/capc_dataset_work_RyrnQw/feature_variants/floatingDivisionSelect_serial_N_31.c,1,31,3,0,1,0,1,0,2,0,0,0,0,0,2,1,16,8,1,0,0,0,3,0,2,,,,,,,,
0,/home/capc1/ProfitabilityTool-new-27-07-26/ProfitabilityTool/capc_dataset_work_RyrnQw/feature_variants/floatingDivisionSelect_serial_N_32.c,1,32,3,0,1,0,1,0,2,0,0,0,0,0,2,1,16,8,1,0,0,0,3,0,2,,,,,,,,
0,/home/capc1/ProfitabilityTool-new-27-07-26/ProfitabilityTool/capc_dataset_work_RyrnQw/feature_variants/floatingDivisionSelect_serial_N_33.c,1,33,3,0,1,0,1,0,2,0,0,0,0,0,2,1,16,8,1,0,0,0,3,0,2,,,,,,,,
0,/home/capc1/ProfitabilityTool-new-27-07-26/ProfitabilityTool/capc_dataset_work_RyrnQw/feature_variants/floatingDivisionSelect_serial_N_34.c,1,34,3,0,1,0,1,0,2,0,0,0,0,0,2,1,16,8,1,0,0,0,3,0,2,,,,,,,,
0,/home/capc1/ProfitabilityTool-new-27-07-26/ProfitabilityTool/capc_dataset_work_RyrnQw/feature_variants/floatingDivisionSelect_serial_N_35.c,1,35,3,0,1,0,1,0,2,0,0,0,0,0,2,1,16,8,1,0,0,0,3,0,2,,,,,,,,
0,/home/capc1/ProfitabilityTool-new-27-07-26/ProfitabilityTool/capc_dataset_work_RyrnQw/feature_variants/floatingDivisionSelect_serial_N_36.c,1,36,3,0,1,0,1,0,2,0,0,0,0,0,2,1,16,8,1,0,0,0,3,0,2,,,,,,,,
0,/home/capc1/ProfitabilityTool-new-27-07-26/ProfitabilityTool/capc_dataset_work_RyrnQw/feature_variants/floatingDivisionSelect_serial_N_37.c,1,37,3,0,1,0,1,0,2,0,0,0,0,0,2,1,16,8,1,0,0,0,3,0,2,,,,,,,,
0,/home/capc1/ProfitabilityTool-new-27-07-26/ProfitabilityTool/capc_dataset_work_RyrnQw/feature_variants/floatingDivisionSelect_serial_N_38.c,1,38,3,0,1,0,1,0,2,0,0,0,0,0,2,1,16,8,1,0,0,0,3,0,2,,,,,,,,
0,/home/capc1/ProfitabilityTool-new-27-07-26/ProfitabilityTool/capc_dataset_work_RyrnQw/feature_variants/floatingDivisionSelect_serial_N_39.c,1,39,3,0,1,0,1,0,2,0,0,0,0,0,2,1,16,8,1,0,0,0,3,0,2,,,,,,,,
0,/home/capc1/ProfitabilityTool-new-27-07-26/ProfitabilityTool/capc_dataset_work_RyrnQw/feature_variants/floatingDivisionSelect_serial_N_40.c,1,40,3,0,1,0,1,0,2,0,0,0,0,0,2,1,16,8,1,0,0,0,3,0,2,,,,,,,,
0,/home/capc1/ProfitabilityTool-new-27-07-26/ProfitabilityTool/capc_dataset_work_RyrnQw/feature_variants/floatingDivisionSelect_serial_N_41.c,1,41,3,0,1,0,1,0,2,0,0,0,0,0,2,1,16,8,1,0,0,0,3,0,2,,,,,,,,
0,/home/capc1/ProfitabilityTool-new-27-07-26/ProfitabilityTool/capc_dataset_work_RyrnQw/feature_variants/floatingDivisionSelect_serial_N_42.c,1,42,3,0,1,0,1,0,2,0,0,0,0,0,2,1,16,8,1,0,0,0,3,0,2,,,,,,,,
0,/home/capc1/ProfitabilityTool-new-27-07-26/ProfitabilityTool/capc_dataset_work_RyrnQw/feature_variants/floatingDivisionSelect_serial_N_43.c,1,43,3,0,1,0,1,0,2,0,0,0,0,0,2,1,16,8,1,0,0,0,3,0,2,,,,,,,,
0,/home/capc1/ProfitabilityTool-new-27-07-26/ProfitabilityTool/capc_dataset_work_RyrnQw/feature_variants/floatingDivisionSelect_serial_N_44.c,1,44,3,0,1,0,1,0,2,0,0,0,0,0,2,1,16,8,1,0,0,0,3,0,2,,,,,,,,
0,/home/capc1/ProfitabilityTool-new-27-07-26/ProfitabilityTool/capc_dataset_work_RyrnQw/feature_variants/floatingDivisionSelect_serial_N_45.c,1,45,3,0,1,0,1,0,2,0,0,0,0,0,2,1,16,8,1,0,0,0,3,0,2,,,,,,,,
0,/home/capc1/ProfitabilityTool-new-27-07-26/ProfitabilityTool/capc_dataset_work_RyrnQw/feature_variants/floatingDivisionSelect_serial_N_46.c,1,46,3,0,1,0,1,0,2,0,0,0,0,0,2,1,16,8,1,0,0,0,3,0,2,,,,,,,,
0,/home/capc1/ProfitabilityTool-new-27-07-26/ProfitabilityTool/capc_dataset_work_RyrnQw/feature_variants/floatingDivisionSelect_serial_N_47.c,1,47,3,0,1,0,1,0,2,0,0,0,0,0,2,1,16,8,1,0,0,0,3,0,2,,,,,,,,
0,/home/capc1/ProfitabilityTool-new-27-07-26/ProfitabilityTool/capc_dataset_work_RyrnQw/feature_variants/floatingDivisionSelect_serial_N_48.c,1,48,3,0,1,0,1,0,2,0,0,0,0,0,2,1,16,8,1,0,0,0,3,0,2,,,,,,,,
0,/home/capc1/ProfitabilityTool-new-27-07-26/ProfitabilityTool/capc_dataset_work_RyrnQw/feature_variants/floatingDivisionSelect_serial_N_49.c,1,49,3,0,1,0,1,0,2,0,0,0,0,0,2,1,16,8,1,0,0,0,3,0,2,,,,,,,,
0,/home/capc1/ProfitabilityTool-new-27-07-26/ProfitabilityTool/capc_dataset_work_RyrnQw/feature_variants/floatingDivisionSelect_serial_N_50.c,1,50,3,0,1,0,1,0,2,0,0,0,0,0,2,1,16,8,1,0,0,0,3,0,2,,,,,,,,
0,/home/capc1/ProfitabilityTool-new-27-07-26/ProfitabilityTool/capc_dataset_work_RyrnQw/feature_variants/floatingDivisionSelect_serial_N_51.c,1,51,3,0,1,0,1,0,2,0,0,0,0,0,2,1,16,8,1,0,0,0,3,0,2,,,,,,,,
0,/home/capc1/ProfitabilityTool-new-27-07-26/ProfitabilityTool/capc_dataset_work_RyrnQw/feature_variants/floatingDivisionSelect_serial_N_52.c,1,52,3,0,1,0,1,0,2,0,0,0,0,0,2,1,16,8,1,0,0,0,3,0,2,,,,,,,,
0,/home/capc1/ProfitabilityTool-new-27-07-26/ProfitabilityTool/capc_dataset_work_RyrnQw/feature_variants/floatingDivisionSelect_serial_N_53.c,1,53,3,0,1,0,1,0,2,0,0,0,0,0,2,1,16,8,1,0,0,0,3,0,2,,,,,,,,
0,/home/capc1/ProfitabilityTool-new-27-07-26/ProfitabilityTool/capc_dataset_work_RyrnQw/feature_variants/floatingDivisionSelect_serial_N_54.c,1,54,3,0,1,0,1,0,2,0,0,0,0,0,2,1,16,8,1,0,0,0,3,0,2,,,,,,,,
0,/home/capc1/ProfitabilityTool-new-27-07-26/ProfitabilityTool/capc_dataset_work_RyrnQw/feature_variants/floatingDivisionSelect_serial_N_55.c,1,55,3,0,1,0,1,0,2,0,0,0,0,0,2,1,16,8,1,0,0,0,3,0,2,,,,,,,,
0,/home/capc1/ProfitabilityTool-new-27-07-26/ProfitabilityTool/capc_dataset_work_RyrnQw/feature_variants/floatingDivisionSelect_serial_N_56.c,1,56,3,0,1,0,1,0,2,0,0,0,0,0,2,1,16,8,1,0,0,0,3,0,2,,,,,,,,
0,/home/capc1/ProfitabilityTool-new-27-07-26/ProfitabilityTool/capc_dataset_work_RyrnQw/feature_variants/floatingDivisionSelect_serial_N_57.c,1,57,3,0,1,0,1,0,2,0,0,0,0,0,2,1,16,8,1,0,0,0,3,0,2,,,,,,,,
0,/home/capc1/ProfitabilityTool-new-27-07-26/ProfitabilityTool/capc_dataset_work_RyrnQw/feature_variants/floatingDivisionSelect_serial_N_58.c,1,58,3,0,1,0,1,0,2,0,0,0,0,0,2,1,16,8,1,0,0,0,3,0,2,,,,,,,,
0,/home/capc1/ProfitabilityTool-new-27-07-26/ProfitabilityTool/capc_dataset_work_RyrnQw/feature_variants/floatingDivisionSelect_serial_N_59.c,1,59,3,0,1,0,1,0,2,0,0,0,0,0,2,1,16,8,1,0,0,0,3,0,2,,,,,,,,
0,/home/capc1/ProfitabilityTool-new-27-07-26/ProfitabilityTool/capc_dataset_work_RyrnQw/feature_variants/floatingDivisionSelect_serial_N_60.c,1,60,3,0,1,0,1,0,2,0,0,0,0,0,2,1,16,8,1,0,0,0,3,0,2,,,,,,,,
0,/home/capc1/ProfitabilityTool-new-27-07-26/ProfitabilityTool/capc_dataset_work_RyrnQw/feature_variants/floatingDivisionSelect_serial_N_61.c,1,61,3,0,1,0,1,0,2,0,0,0,0,0,2,1,16,8,1,0,0,0,3,0,2,,,,,,,,
0,/home/capc1/ProfitabilityTool-new-27-07-26/ProfitabilityTool/capc_dataset_work_RyrnQw/feature_variants/floatingDivisionSelect_serial_N_62.c,1,62,3,0,1,0,1,0,2,0,0,0,0,0,2,1,16,8,1,0,0,0,3,0,2,,,,,,,,
0,/home/capc1/ProfitabilityTool-new-27-07-26/ProfitabilityTool/capc_dataset_work_RyrnQw/feature_variants/floatingDivisionSelect_serial_N_63.c,1,63,3,0,1,0,1,0,2,0,0,0,0,0,2,1,16,8,1,0,0,0,3,0,2,,,,,,,,
0,/home/capc1/ProfitabilityTool-new-27-07-26/ProfitabilityTool/capc_dataset_work_RyrnQw/feature_variants/floatingDivisionSelect_serial_N_64.c,1,64,3,0,1,0,1,0,2,0,0,0,0,0,2,1,16,8,1,0,0,0,3,0,2,,,,,,,,
0,/home/capc1/ProfitabilityTool-new-27-07-26/ProfitabilityTool/capc_dataset_work_RyrnQw/feature_variants/floatingDivisionSelect_serial_N_65.c,1,65,3,0,1,0,1,0,2,0,0,0,0,0,2,1,16,8,1,0,0,0,3,0,2,,,,,,,,
0,/home/capc1/ProfitabilityTool-new-27-07-26/ProfitabilityTool/capc_dataset_work_RyrnQw/feature_variants/floatingDivisionSelect_serial_N_66.c,1,66,3,0,1,0,1,0,2,0,0,0,0,0,2,1,16,8,1,0,0,0,3,0,2,,,,,,,,
0,/home/capc1/ProfitabilityTool-new-27-07-26/ProfitabilityTool/capc_dataset_work_RyrnQw/feature_variants/floatingDivisionSelect_serial_N_67.c,1,67,3,0,1,0,1,0,2,0,0,0,0,0,2,1,16,8,1,0,0,0,3,0,2,,,,,,,,
0,/home/capc1/ProfitabilityTool-new-27-07-26/ProfitabilityTool/capc_dataset_work_RyrnQw/feature_variants/floatingDivisionSelect_serial_N_68.c,1,68,3,0,1,0,1,0,2,0,0,0,0,0,2,1,16,8,1,0,0,0,3,0,2,,,,,,,,
0,/home/capc1/ProfitabilityTool-new-27-07-26/ProfitabilityTool/capc_dataset_work_RyrnQw/feature_variants/floatingDivisionSelect_serial_N_69.c,1,69,3,0,1,0,1,0,2,0,0,0,0,0,2,1,16,8,1,0,0,0,3,0,2,,,,,,,,
0,/home/capc1/ProfitabilityTool-new-27-07-26/ProfitabilityTool/capc_dataset_work_RyrnQw/feature_variants/floatingDivisionSelect_serial_N_70.c,1,70,3,0,1,0,1,0,2,0,0,0,0,0,2,1,16,8,1,0,0,0,3,0,2,,,,,,,,
0,/home/capc1/ProfitabilityTool-new-27-07-26/ProfitabilityTool/capc_dataset_work_RyrnQw/feature_variants/floatingDivisionSelect_serial_N_71.c,1,71,3,0,1,0,1,0,2,0,0,0,0,0,2,1,16,8,1,0,0,0,3,0,2,,,,,,,,
0,/home/capc1/ProfitabilityTool-new-27-07-26/ProfitabilityTool/capc_dataset_work_RyrnQw/feature_variants/floatingDivisionSelect_serial_N_72.c,1,72,3,0,1,0,1,0,2,0,0,0,0,0,2,1,16,8,1,0,0,0,3,0,2,,,,,,,,
0,/home/capc1/ProfitabilityTool-new-27-07-26/ProfitabilityTool/capc_dataset_work_RyrnQw/feature_variants/floatingDivisionSelect_serial_N_73.c,1,73,3,0,1,0,1,0,2,0,0,0,0,0,2,1,16,8,1,0,0,0,3,0,2,,,,,,,,
0,/home/capc1/ProfitabilityTool-new-27-07-26/ProfitabilityTool/capc_dataset_work_RyrnQw/feature_variants/floatingDivisionSelect_serial_N_74.c,1,74,3,0,1,0,1,0,2,0,0,0,0,0,2,1,16,8,1,0,0,0,3,0,2,,,,,,,,
0,/home/capc1/ProfitabilityTool-new-27-07-26/ProfitabilityTool/capc_dataset_work_RyrnQw/feature_variants/floatingDivisionSelect_serial_N_75.c,1,75,3,0,1,0,1,0,2,0,0,0,0,0,2,1,16,8,1,0,0,0,3,0,2,,,,,,,,
0,/home/capc1/ProfitabilityTool-new-27-07-26/ProfitabilityTool/capc_dataset_work_RyrnQw/feature_variants/floatingDivisionSelect_serial_N_76.c,1,76,3,0,1,0,1,0,2,0,0,0,0,0,2,1,16,8,1,0,0,0,3,0,2,,,,,,,,
0,/home/capc1/ProfitabilityTool-new-27-07-26/ProfitabilityTool/capc_dataset_work_RyrnQw/feature_variants/floatingDivisionSelect_serial_N_77.c,1,77,3,0,1,0,1,0,2,0,0,0,0,0,2,1,16,8,1,0,0,0,3,0,2,,,,,,,,
0,/home/capc1/ProfitabilityTool-new-27-07-26/ProfitabilityTool/capc_dataset_work_RyrnQw/feature_variants/floatingDivisionSelect_serial_N_78.c,1,78,3,0,1,0,1,0,2,0,0,0,0,0,2,1,16,8,1,0,0,0,3,0,2,,,,,,,,
0,/home/capc1/ProfitabilityTool-new-27-07-26/ProfitabilityTool/capc_dataset_work_RyrnQw/feature_variants/floatingDivisionSelect_serial_N_79.c,1,79,3,0,1,0,1,0,2,0,0,0,0,0,2,1,16,8,1,0,0,0,3,0,2,,,,,,,,
0,/home/capc1/ProfitabilityTool-new-27-07-26/ProfitabilityTool/capc_dataset_work_RyrnQw/feature_variants/floatingDivisionSelect_serial_N_80.c,1,80,3,0,1,0,1,0,2,0,0,0,0,0,2,1,16,8,1,0,0,0,3,0,2,,,,,,,,
0,/home/capc1/ProfitabilityTool-new-27-07-26/ProfitabilityTool/capc_dataset_work_RyrnQw/feature_variants/floatingDivisionSelect_serial_N_81.c,1,81,3,0,1,0,1,0,2,0,0,0,0,0,2,1,16,8,1,0,0,0,3,0,2,,,,,,,,
0,/home/capc1/ProfitabilityTool-new-27-07-26/ProfitabilityTool/capc_dataset_work_RyrnQw/feature_variants/floatingDivisionSelect_serial_N_82.c,1,82,3,0,1,0,1,0,2,0,0,0,0,0,2,1,16,8,1,0,0,0,3,0,2,,,,,,,,
0,/home/capc1/ProfitabilityTool-new-27-07-26/ProfitabilityTool/capc_dataset_work_RyrnQw/feature_variants/floatingDivisionSelect_serial_N_83.c,1,83,3,0,1,0,1,0,2,0,0,0,0,0,2,1,16,8,1,0,0,0,3,0,2,,,,,,,,
0,/home/capc1/ProfitabilityTool-new-27-07-26/ProfitabilityTool/capc_dataset_work_RyrnQw/feature_variants/floatingDivisionSelect_serial_N_84.c,1,84,3,0,1,0,1,0,2,0,0,0,0,0,2,1,16,8,1,0,0,0,3,0,2,,,,,,,,
0,/home/capc1/ProfitabilityTool-new-27-07-26/ProfitabilityTool/capc_dataset_work_RyrnQw/feature_variants/floatingDivisionSelect_serial_N_85.c,1,85,3,0,1,0,1,0,2,0,0,0,0,0,2,1,16,8,1,0,0,0,3,0,2,,,,,,,,
0,/home/capc1/ProfitabilityTool-new-27-07-26/ProfitabilityTool/capc_dataset_work_RyrnQw/feature_variants/floatingDivisionSelect_serial_N_86.c,1,86,3,0,1,0,1,0,2,0,0,0,0,0,2,1,16,8,1,0,0,0,3,0,2,,,,,,,,
0,/home/capc1/ProfitabilityTool-new-27-07-26/ProfitabilityTool/capc_dataset_work_RyrnQw/feature_variants/floatingDivisionSelect_serial_N_87.c,1,87,3,0,1,0,1,0,2,0,0,0,0,0,2,1,16,8,1,0,0,0,3,0,2,,,,,,,,
0,/home/capc1/ProfitabilityTool-new-27-07-26/ProfitabilityTool/capc_dataset_work_RyrnQw/feature_variants/floatingDivisionSelect_serial_N_88.c,1,88,3,0,1,0,1,0,2,0,0,0,0,0,2,1,16,8,1,0,0,0,3,0,2,,,,,,,,
0,/home/capc1/ProfitabilityTool-new-27-07-26/ProfitabilityTool/capc_dataset_work_RyrnQw/feature_variants/floatingDivisionSelect_serial_N_89.c,1,89,3,0,1,0,1,0,2,0,0,0,0,0,2,1,16,8,1,0,0,0,3,0,2,,,,,,,,
0,/home/capc1/ProfitabilityTool-new-27-07-26/ProfitabilityTool/capc_dataset_work_RyrnQw/feature_variants/floatingDivisionSelect_serial_N_90.c,1,90,3,0,1,0,1,0,2,0,0,0,0,0,2,1,16,8,1,0,0,0,3,0,2,,,,,,,,
0,/home/capc1/ProfitabilityTool-new-27-07-26/ProfitabilityTool/capc_dataset_work_RyrnQw/feature_variants/floatingDivisionSelect_serial_N_91.c,1,91,3,0,1,0,1,0,2,0,0,0,0,0,2,1,16,8,1,0,0,0,3,0,2,,,,,,,,
0,/home/capc1/ProfitabilityTool-new-27-07-26/ProfitabilityTool/capc_dataset_work_RyrnQw/feature_variants/floatingDivisionSelect_serial_N_92.c,1,92,3,0,1,0,1,0,2,0,0,0,0,0,2,1,16,8,1,0,0,0,3,0,2,,,,,,,,
0,/home/capc1/ProfitabilityTool-new-27-07-26/ProfitabilityTool/capc_dataset_work_RyrnQw/feature_variants/floatingDivisionSelect_serial_N_93.c,1,93,3,0,1,0,1,0,2,0,0,0,0,0,2,1,16,8,1,0,0,0,3,0,2,,,,,,,,
0,/home/capc1/ProfitabilityTool-new-27-07-26/ProfitabilityTool/capc_dataset_work_RyrnQw/feature_variants/floatingDivisionSelect_serial_N_94.c,1,94,3,0,1,0,1,0,2,0,0,0,0,0,2,1,16,8,1,0,0,0,3,0,2,,,,,,,,
0,/home/capc1/ProfitabilityTool-new-27-07-26/ProfitabilityTool/capc_dataset_work_RyrnQw/feature_variants/floatingDivisionSelect_serial_N_95.c,1,95,3,0,1,0,1,0,2,0,0,0,0,0,2,1,16,8,1,0,0,0,3,0,2,,,,,,,,
0,/home/capc1/ProfitabilityTool-new-27-07-26/ProfitabilityTool/capc_dataset_work_RyrnQw/feature_variants/floatingDivisionSelect_serial_N_96.c,1,96,3,0,1,0,1,0,2,0,0,0,0,0,2,1,16,8,1,0,0,0,3,0,2,,,,,,,,
0,/home/capc1/ProfitabilityTool-new-27-07-26/ProfitabilityTool/capc_dataset_work_RyrnQw/feature_variants/floatingDivisionSelect_serial_N_97.c,1,97,3,0,1,0,1,0,2,0,0,0,0,0,2,1,16,8,1,0,0,0,3,0,2,,,,,,,,
0,/home/capc1/ProfitabilityTool-new-27-07-26/ProfitabilityTool/capc_dataset_work_RyrnQw/feature_variants/floatingDivisionSelect_serial_N_98.c,1,98,3,0,1,0,1,0,2,0,0,0,0,0,2,1,16,8,1,0,0,0,3,0,2,,,,,,,,
0,/home/capc1/ProfitabilityTool-new-27-07-26/ProfitabilityTool/capc_dataset_work_RyrnQw/feature_variants/floatingDivisionSelect_serial_N_99.c,1,99,3,0,1,0,1,0,2,0,0,0,0,0,2,1,16,8,1,0,0,0,3,0,2,,,,,,,,
0,/home/capc1/ProfitabilityTool-new-27-07-26/ProfitabilityTool/capc_dataset_work_RyrnQw/feature_variants/floatingDivisionSelect_serial_N_100.c,1,100,3,0,1,0,1,0,2,0,0,0,0,0,2,1,16,8,1,0,0,0,3,0,2,,,,,,,,
0,/home/capc1/ProfitabilityTool-new-27-07-26/ProfitabilityTool/capc_dataset_work_RyrnQw/feature_variants/floatingDivisionSelect_serial_N_101.c,1,101,3,0,1,0,1,0,2,0,0,0,0,0,2,1,16,8,1,0,0,0,3,0,2,,,,,,,,
0,/home/capc1/ProfitabilityTool-new-27-07-26/ProfitabilityTool/capc_dataset_work_RyrnQw/feature_variants/floatingDivisionSelect_serial_N_102.c,1,102,3,0,1,0,1,0,2,0,0,0,0,0,2,1,16,8,1,0,0,0,3,0,2,,,,,,,,
0,/home/capc1/ProfitabilityTool-new-27-07-26/ProfitabilityTool/capc_dataset_work_RyrnQw/feature_variants/floatingDivisionSelect_serial_N_103.c,1,103,3,0,1,0,1,0,2,0,0,0,0,0,2,1,16,8,1,0,0,0,3,0,2,,,,,,,,
0,/home/capc1/ProfitabilityTool-new-27-07-26/ProfitabilityTool/capc_dataset_work_RyrnQw/feature_variants/floatingDivisionSelect_serial_N_104.c,1,104,3,0,1,0,1,0,2,0,0,0,0,0,2,1,16,8,1,0,0,0,3,0,2,,,,,,,,
0,/home/capc1/ProfitabilityTool-new-27-07-26/ProfitabilityTool/capc_dataset_work_RyrnQw/feature_variants/floatingDivisionSelect_serial_N_105.c,1,105,3,0,1,0,1,0,2,0,0,0,0,0,2,1,16,8,1,0,0,0,3,0,2,,,,,,,,
0,/home/capc1/ProfitabilityTool-new-27-07-26/ProfitabilityTool/capc_dataset_work_RyrnQw/feature_variants/floatingDivisionSelect_serial_N_106.c,1,106,3,0,1,0,1,0,2,0,0,0,0,0,2,1,16,8,1,0,0,0,3,0,2,,,,,,,,
0,/home/capc1/ProfitabilityTool-new-27-07-26/ProfitabilityTool/capc_dataset_work_RyrnQw/feature_variants/floatingDivisionSelect_serial_N_107.c,1,107,3,0,1,0,1,0,2,0,0,0,0,0,2,1,16,8,1,0,0,0,3,0,2,,,,,,,,
0,/home/capc1/ProfitabilityTool-new-27-07-26/ProfitabilityTool/capc_dataset_work_RyrnQw/feature_variants/floatingDivisionSelect_serial_N_108.c,1,108,3,0,1,0,1,0,2,0,0,0,0,0,2,1,16,8,1,0,0,0,3,0,2,,,,,,,,
0,/home/capc1/ProfitabilityTool-new-27-07-26/ProfitabilityTool/capc_dataset_work_RyrnQw/feature_variants/floatingDivisionSelect_serial_N_109.c,1,109,3,0,1,0,1,0,2,0,0,0,0,0,2,1,16,8,1,0,0,0,3,0,2,,,,,,,,
0,/home/capc1/ProfitabilityTool-new-27-07-26/ProfitabilityTool/capc_dataset_work_RyrnQw/feature_variants/floatingDivisionSelect_serial_N_110.c,1,110,3,0,1,0,1,0,2,0,0,0,0,0,2,1,16,8,1,0,0,0,3,0,2,,,,,,,,
0,/home/capc1/ProfitabilityTool-new-27-07-26/ProfitabilityTool/capc_dataset_work_RyrnQw/feature_variants/floatingDivisionSelect_serial_N_111.c,1,111,3,0,1,0,1,0,2,0,0,0,0,0,2,1,16,8,1,0,0,0,3,0,2,,,,,,,,
0,/home/capc1/ProfitabilityTool-new-27-07-26/ProfitabilityTool/capc_dataset_work_RyrnQw/feature_variants/floatingDivisionSelect_serial_N_112.c,1,112,3,0,1,0,1,0,2,0,0,0,0,0,2,1,16,8,1,0,0,0,3,0,2,,,,,,,,
0,/home/capc1/ProfitabilityTool-new-27-07-26/ProfitabilityTool/capc_dataset_work_RyrnQw/feature_variants/floatingDivisionSelect_serial_N_113.c,1,113,3,0,1,0,1,0,2,0,0,0,0,0,2,1,16,8,1,0,0,0,3,0,2,,,,,,,,
0,/home/capc1/ProfitabilityTool-new-27-07-26/ProfitabilityTool/capc_dataset_work_RyrnQw/feature_variants/floatingDivisionSelect_serial_N_114.c,1,114,3,0,1,0,1,0,2,0,0,0,0,0,2,1,16,8,1,0,0,0,3,0,2,,,,,,,,
0,/home/capc1/ProfitabilityTool-new-27-07-26/ProfitabilityTool/capc_dataset_work_RyrnQw/feature_variants/floatingDivisionSelect_serial_N_115.c,1,115,3,0,1,0,1,0,2,0,0,0,0,0,2,1,16,8,1,0,0,0,3,0,2,,,,,,,,
0,/home/capc1/ProfitabilityTool-new-27-07-26/ProfitabilityTool/capc_dataset_work_RyrnQw/feature_variants/floatingDivisionSelect_serial_N_116.c,1,116,3,0,1,0,1,0,2,0,0,0,0,0,2,1,16,8,1,0,0,0,3,0,2,,,,,,,,
0,/home/capc1/ProfitabilityTool-new-27-07-26/ProfitabilityTool/capc_dataset_work_RyrnQw/feature_variants/floatingDivisionSelect_serial_N_117.c,1,117,3,0,1,0,1,0,2,0,0,0,0,0,2,1,16,8,1,0,0,0,3,0,2,,,,,,,,
0,/home/capc1/ProfitabilityTool-new-27-07-26/ProfitabilityTool/capc_dataset_work_RyrnQw/feature_variants/floatingDivisionSelect_serial_N_118.c,1,118,3,0,1,0,1,0,2,0,0,0,0,0,2,1,16,8,1,0,0,0,3,0,2,,,,,,,,
0,/home/capc1/ProfitabilityTool-new-27-07-26/ProfitabilityTool/capc_dataset_work_RyrnQw/feature_variants/floatingDivisionSelect_serial_N_119.c,1,119,3,0,1,0,1,0,2,0,0,0,0,0,2,1,16,8,1,0,0,0,3,0,2,,,,,,,,
0,/home/capc1/ProfitabilityTool-new-27-07-26/ProfitabilityTool/capc_dataset_work_RyrnQw/feature_variants/floatingDivisionSelect_serial_N_120.c,1,120,3,0,1,0,1,0,2,0,0,0,0,0,2,1,16,8,1,0,0,0,3,0,2,,,,,,,,
0,/home/capc1/ProfitabilityTool-new-27-07-26/ProfitabilityTool/capc_dataset_work_RyrnQw/feature_variants/floatingDivisionSelect_serial_N_121.c,1,121,3,0,1,0,1,0,2,0,0,0,0,0,2,1,16,8,1,0,0,0,3,0,2,,,,,,,,
0,/home/capc1/ProfitabilityTool-new-27-07-26/ProfitabilityTool/capc_dataset_work_RyrnQw/feature_variants/floatingDivisionSelect_serial_N_122.c,1,122,3,0,1,0,1,0,2,0,0,0,0,0,2,1,16,8,1,0,0,0,3,0,2,,,,,,,,
0,/home/capc1/ProfitabilityTool-new-27-07-26/ProfitabilityTool/capc_dataset_work_RyrnQw/feature_variants/floatingDivisionSelect_serial_N_123.c,1,123,3,0,1,0,1,0,2,0,0,0,0,0,2,1,16,8,1,0,0,0,3,0,2,,,,,,,,
0,/home/capc1/ProfitabilityTool-new-27-07-26/ProfitabilityTool/capc_dataset_work_RyrnQw/feature_variants/floatingDivisionSelect_serial_N_124.c,1,124,3,0,1,0,1,0,2,0,0,0,0,0,2,1,16,8,1,0,0,0,3,0,2,,,,,,,,
0,/home/capc1/ProfitabilityTool-new-27-07-26/ProfitabilityTool/capc_dataset_work_RyrnQw/feature_variants/floatingDivisionSelect_serial_N_125.c,1,125,3,0,1,0,1,0,2,0,0,0,0,0,2,1,16,8,1,0,0,0,3,0,2,,,,,,,,
0,/home/capc1/ProfitabilityTool-new-27-07-26/ProfitabilityTool/capc_dataset_work_RyrnQw/feature_variants/floatingDivisionSelect_serial_N_126.c,1,126,3,0,1,0,1,0,2,0,0,0,0,0,2,1,16,8,1,0,0,0,3,0,2,,,,,,,,
0,/home/capc1/ProfitabilityTool-new-27-07-26/ProfitabilityTool/capc_dataset_work_RyrnQw/feature_variants/floatingDivisionSelect_serial_N_127.c,1,127,3,0,1,0,1,0,2,0,0,0,0,0,2,1,16,8,1,0,0,0,3,0,2,,,,,,,,
0,/home/capc1/ProfitabilityTool-new-27-07-26/ProfitabilityTool/capc_dataset_work_RyrnQw/feature_variants/floatingDivisionSelect_serial_N_128.c,1,128,3,0,1,0,1,0,2,0,0,0,0,0,2,1,16,8,1,0,0,0,3,0,2,,,,,,,,
0,/home/capc1/ProfitabilityTool-new-27-07-26/ProfitabilityTool/capc_dataset_work_RyrnQw/feature_variants/floatingDivisionSelect_serial_N_129.c,1,129,3,0,1,0,1,0,2,0,0,0,0,0,2,1,16,8,1,0,0,0,3,0,2,,,,,,,,
0,/home/capc1/ProfitabilityTool-new-27-07-26/ProfitabilityTool/capc_dataset_work_RyrnQw/feature_variants/floatingDivisionSelect_serial_N_130.c,1,130,3,0,1,0,1,0,2,0,0,0,0,0,2,1,16,8,1,0,0,0,3,0,2,,,,,,,,
0,/home/capc1/ProfitabilityTool-new-27-07-26/ProfitabilityTool/capc_dataset_work_RyrnQw/feature_variants/floatingDivisionSelect_serial_N_131.c,1,131,3,0,1,0,1,0,2,0,0,0,0,0,2,1,16,8,1,0,0,0,3,0,2,,,,,,,,
0,/home/capc1/ProfitabilityTool-new-27-07-26/ProfitabilityTool/capc_dataset_work_RyrnQw/feature_variants/floatingDivisionSelect_serial_N_132.c,1,132,3,0,1,0,1,0,2,0,0,0,0,0,2,1,16,8,1,0,0,0,3,0,2,,,,,,,,
0,/home/capc1/ProfitabilityTool-new-27-07-26/ProfitabilityTool/capc_dataset_work_RyrnQw/feature_variants/floatingDivisionSelect_serial_N_133.c,1,133,3,0,1,0,1,0,2,0,0,0,0,0,2,1,16,8,1,0,0,0,3,0,2,,,,,,,,
0,/home/capc1/ProfitabilityTool-new-27-07-26/ProfitabilityTool/capc_dataset_work_RyrnQw/feature_variants/floatingDivisionSelect_serial_N_134.c,1,134,3,0,1,0,1,0,2,0,0,0,0,0,2,1,16,8,1,0,0,0,3,0,2,,,,,,,,
0,/home/capc1/ProfitabilityTool-new-27-07-26/ProfitabilityTool/capc_dataset_work_RyrnQw/feature_variants/floatingDivisionSelect_serial_N_135.c,1,135,3,0,1,0,1,0,2,0,0,0,0,0,2,1,16,8,1,0,0,0,3,0,2,,,,,,,,
0,/home/capc1/ProfitabilityTool-new-27-07-26/ProfitabilityTool/capc_dataset_work_RyrnQw/feature_variants/floatingDivisionSelect_serial_N_136.c,1,136,3,0,1,0,1,0,2,0,0,0,0,0,2,1,16,8,1,0,0,0,3,0,2,,,,,,,,
0,/home/capc1/ProfitabilityTool-new-27-07-26/ProfitabilityTool/capc_dataset_work_RyrnQw/feature_variants/floatingDivisionSelect_serial_N_137.c,1,137,3,0,1,0,1,0,2,0,0,0,0,0,2,1,16,8,1,0,0,0,3,0,2,,,,,,,,
0,/home/capc1/ProfitabilityTool-new-27-07-26/ProfitabilityTool/capc_dataset_work_RyrnQw/feature_variants/floatingDivisionSelect_serial_N_138.c,1,138,3,0,1,0,1,0,2,0,0,0,0,0,2,1,16,8,1,0,0,0,3,0,2,,,,,,,,
0,/home/capc1/ProfitabilityTool-new-27-07-26/ProfitabilityTool/capc_dataset_work_RyrnQw/feature_variants/floatingDivisionSelect_serial_N_139.c,1,139,3,0,1,0,1,0,2,0,0,0,0,0,2,1,16,8,1,0,0,0,3,0,2,,,,,,,,
0,/home/capc1/ProfitabilityTool-new-27-07-26/ProfitabilityTool/capc_dataset_work_RyrnQw/feature_variants/floatingDivisionSelect_serial_N_140.c,1,140,3,0,1,0,1,0,2,0,0,0,0,0,2,1,16,8,1,0,0,0,3,0,2,,,,,,,,
0,/home/capc1/ProfitabilityTool-new-27-07-26/ProfitabilityTool/capc_dataset_work_RyrnQw/feature_variants/floatingDivisionSelect_serial_N_141.c,1,141,3,0,1,0,1,0,2,0,0,0,0,0,2,1,16,8,1,0,0,0,3,0,2,,,,,,,,
0,/home/capc1/ProfitabilityTool-new-27-07-26/ProfitabilityTool/capc_dataset_work_RyrnQw/feature_variants/floatingDivisionSelect_serial_N_142.c,1,142,3,0,1,0,1,0,2,0,0,0,0,0,2,1,16,8,1,0,0,0,3,0,2,,,,,,,,
0,/home/capc1/ProfitabilityTool-new-27-07-26/ProfitabilityTool/capc_dataset_work_RyrnQw/feature_variants/floatingDivisionSelect_serial_N_143.c,1,143,3,0,1,0,1,0,2,0,0,0,0,0,2,1,16,8,1,0,0,0,3,0,2,,,,,,,,
0,/home/capc1/ProfitabilityTool-new-27-07-26/ProfitabilityTool/capc_dataset_work_RyrnQw/feature_variants/floatingDivisionSelect_serial_N_144.c,1,144,3,0,1,0,1,0,2,0,0,0,0,0,2,1,16,8,1,0,0,0,3,0,2,,,,,,,,
0,/home/capc1/ProfitabilityTool-new-27-07-26/ProfitabilityTool/capc_dataset_work_RyrnQw/feature_variants/floatingDivisionSelect_serial_N_145.c,1,145,3,0,1,0,1,0,2,0,0,0,0,0,2,1,16,8,1,0,0,0,3,0,2,,,,,,,,
0,/home/capc1/ProfitabilityTool-new-27-07-26/ProfitabilityTool/capc_dataset_work_RyrnQw/feature_variants/floatingDivisionSelect_serial_N_146.c,1,146,3,0,1,0,1,0,2,0,0,0,0,0,2,1,16,8,1,0,0,0,3,0,2,,,,,,,,
0,/home/capc1/ProfitabilityTool-new-27-07-26/ProfitabilityTool/capc_dataset_work_RyrnQw/feature_variants/floatingDivisionSelect_serial_N_147.c,1,147,3,0,1,0,1,0,2,0,0,0,0,0,2,1,16,8,1,0,0,0,3,0,2,,,,,,,,
0,/home/capc1/ProfitabilityTool-new-27-07-26/ProfitabilityTool/capc_dataset_work_RyrnQw/feature_variants/floatingDivisionSelect_serial_N_148.c,1,148,3,0,1,0,1,0,2,0,0,0,0,0,2,1,16,8,1,0,0,0,3,0,2,,,,,,,,
0,/home/capc1/ProfitabilityTool-new-27-07-26/ProfitabilityTool/capc_dataset_work_RyrnQw/feature_variants/floatingDivisionSelect_serial_N_149.c,1,149,3,0,1,0,1,0,2,0,0,0,0,0,2,1,16,8,1,0,0,0,3,0,2,,,,,,,,
0,/home/capc1/ProfitabilityTool-new-27-07-26/ProfitabilityTool/capc_dataset_work_RyrnQw/feature_variants/floatingDivisionSelect_serial_N_150.c,1,150,3,0,1,0,1,0,2,0,0,0,0,0,2,1,16,8,1,0,0,0,3,0,2,,,,,,,,
0,/home/capc1/ProfitabilityTool-new-27-07-26/ProfitabilityTool/capc_dataset_work_RyrnQw/feature_variants/floatingDivisionSelect_serial_N_151.c,1,151,3,0,1,0,1,0,2,0,0,0,0,0,2,1,16,8,1,0,0,0,3,0,2,,,,,,,,
0,/home/capc1/ProfitabilityTool-new-27-07-26/ProfitabilityTool/capc_dataset_work_RyrnQw/feature_variants/floatingDivisionSelect_serial_N_152.c,1,152,3,0,1,0,1,0,2,0,0,0,0,0,2,1,16,8,1,0,0,0,3,0,2,,,,,,,,
0,/home/capc1/ProfitabilityTool-new-27-07-26/ProfitabilityTool/capc_dataset_work_RyrnQw/feature_variants/floatingDivisionSelect_serial_N_153.c,1,153,3,0,1,0,1,0,2,0,0,0,0,0,2,1,16,8,1,0,0,0,3,0,2,,,,,,,,
0,/home/capc1/ProfitabilityTool-new-27-07-26/ProfitabilityTool/capc_dataset_work_RyrnQw/feature_variants/floatingDivisionSelect_serial_N_154.c,1,154,3,0,1,0,1,0,2,0,0,0,0,0,2,1,16,8,1,0,0,0,3,0,2,,,,,,,,
0,/home/capc1/ProfitabilityTool-new-27-07-26/ProfitabilityTool/capc_dataset_work_RyrnQw/feature_variants/floatingDivisionSelect_serial_N_155.c,1,155,3,0,1,0,1,0,2,0,0,0,0,0,2,1,16,8,1,0,0,0,3,0,2,,,,,,,,
0,/home/capc1/ProfitabilityTool-new-27-07-26/ProfitabilityTool/capc_dataset_work_RyrnQw/feature_variants/floatingDivisionSelect_serial_N_156.c,1,156,3,0,1,0,1,0,2,0,0,0,0,0,2,1,16,8,1,0,0,0,3,0,2,,,,,,,,
0,/home/capc1/ProfitabilityTool-new-27-07-26/ProfitabilityTool/capc_dataset_work_RyrnQw/feature_variants/floatingDivisionSelect_serial_N_157.c,1,157,3,0,1,0,1,0,2,0,0,0,0,0,2,1,16,8,1,0,0,0,3,0,2,,,,,,,,
0,/home/capc1/ProfitabilityTool-new-27-07-26/ProfitabilityTool/capc_dataset_work_RyrnQw/feature_variants/floatingDivisionSelect_serial_N_158.c,1,158,3,0,1,0,1,0,2,0,0,0,0,0,2,1,16,8,1,0,0,0,3,0,2,,,,,,,,
0,/home/capc1/ProfitabilityTool-new-27-07-26/ProfitabilityTool/capc_dataset_work_RyrnQw/feature_variants/floatingDivisionSelect_serial_N_159.c,1,159,3,0,1,0,1,0,2,0,0,0,0,0,2,1,16,8,1,0,0,0,3,0,2,,,,,,,,
0,/home/capc1/ProfitabilityTool-new-27-07-26/ProfitabilityTool/capc_dataset_work_RyrnQw/feature_variants/floatingDivisionSelect_serial_N_160.c,1,160,3,0,1,0,1,0,2,0,0,0,0,0,2,1,16,8,1,0,0,0,3,0,2,,,,,,,,
0,/home/capc1/ProfitabilityTool-new-27-07-26/ProfitabilityTool/capc_dataset_work_RyrnQw/feature_variants/floatingDivisionSelect_serial_N_161.c,1,161,3,0,1,0,1,0,2,0,0,0,0,0,2,1,16,8,1,0,0,0,3,0,2,,,,,,,,
0,/home/capc1/ProfitabilityTool-new-27-07-26/ProfitabilityTool/capc_dataset_work_RyrnQw/feature_variants/floatingDivisionSelect_serial_N_162.c,1,162,3,0,1,0,1,0,2,0,0,0,0,0,2,1,16,8,1,0,0,0,3,0,2,,,,,,,,
0,/home/capc1/ProfitabilityTool-new-27-07-26/ProfitabilityTool/capc_dataset_work_RyrnQw/feature_variants/floatingDivisionSelect_serial_N_163.c,1,163,3,0,1,0,1,0,2,0,0,0,0,0,2,1,16,8,1,0,0,0,3,0,2,,,,,,,,
0,/home/capc1/ProfitabilityTool-new-27-07-26/ProfitabilityTool/capc_dataset_work_RyrnQw/feature_variants/floatingDivisionSelect_serial_N_164.c,1,164,3,0,1,0,1,0,2,0,0,0,0,0,2,1,16,8,1,0,0,0,3,0,2,,,,,,,,
0,/home/capc1/ProfitabilityTool-new-27-07-26/ProfitabilityTool/capc_dataset_work_RyrnQw/feature_variants/floatingDivisionSelect_serial_N_165.c,1,165,3,0,1,0,1,0,2,0,0,0,0,0,2,1,16,8,1,0,0,0,3,0,2,,,,,,,,
0,/home/capc1/ProfitabilityTool-new-27-07-26/ProfitabilityTool/capc_dataset_work_RyrnQw/feature_variants/floatingDivisionSelect_serial_N_166.c,1,166,3,0,1,0,1,0,2,0,0,0,0,0,2,1,16,8,1,0,0,0,3,0,2,,,,,,,,
0,/home/capc1/ProfitabilityTool-new-27-07-26/ProfitabilityTool/capc_dataset_work_RyrnQw/feature_variants/floatingDivisionSelect_serial_N_167.c,1,167,3,0,1,0,1,0,2,0,0,0,0,0,2,1,16,8,1,0,0,0,3,0,2,,,,,,,,
0,/home/capc1/ProfitabilityTool-new-27-07-26/ProfitabilityTool/capc_dataset_work_RyrnQw/feature_variants/floatingDivisionSelect_serial_N_168.c,1,168,3,0,1,0,1,0,2,0,0,0,0,0,2,1,16,8,1,0,0,0,3,0,2,,,,,,,,
0,/home/capc1/ProfitabilityTool-new-27-07-26/ProfitabilityTool/capc_dataset_work_RyrnQw/feature_variants/floatingDivisionSelect_serial_N_169.c,1,169,3,0,1,0,1,0,2,0,0,0,0,0,2,1,16,8,1,0,0,0,3,0,2,,,,,,,,
0,/home/capc1/ProfitabilityTool-new-27-07-26/ProfitabilityTool/capc_dataset_work_RyrnQw/feature_variants/floatingDivisionSelect_serial_N_170.c,1,170,3,0,1,0,1,0,2,0,0,0,0,0,2,1,16,8,1,0,0,0,3,0,2,,,,,,,,
0,/home/capc1/ProfitabilityTool-new-27-07-26/ProfitabilityTool/capc_dataset_work_RyrnQw/feature_variants/floatingDivisionSelect_serial_N_171.c,1,171,3,0,1,0,1,0,2,0,0,0,0,0,2,1,16,8,1,0,0,0,3,0,2,,,,,,,,
0,/home/capc1/ProfitabilityTool-new-27-07-26/ProfitabilityTool/capc_dataset_work_RyrnQw/feature_variants/floatingDivisionSelect_serial_N_172.c,1,172,3,0,1,0,1,0,2,0,0,0,0,0,2,1,16,8,1,0,0,0,3,0,2,,,,,,,,
0,/home/capc1/ProfitabilityTool-new-27-07-26/ProfitabilityTool/capc_dataset_work_RyrnQw/feature_variants/floatingDivisionSelect_serial_N_173.c,1,173,3,0,1,0,1,0,2,0,0,0,0,0,2,1,16,8,1,0,0,0,3,0,2,,,,,,,,
0,/home/capc1/ProfitabilityTool-new-27-07-26/ProfitabilityTool/capc_dataset_work_RyrnQw/feature_variants/floatingDivisionSelect_serial_N_174.c,1,174,3,0,1,0,1,0,2,0,0,0,0,0,2,1,16,8,1,0,0,0,3,0,2,,,,,,,,
0,/home/capc1/ProfitabilityTool-new-27-07-26/ProfitabilityTool/capc_dataset_work_RyrnQw/feature_variants/floatingDivisionSelect_serial_N_175.c,1,175,3,0,1,0,1,0,2,0,0,0,0,0,2,1,16,8,1,0,0,0,3,0,2,,,,,,,,
0,/home/capc1/ProfitabilityTool-new-27-07-26/ProfitabilityTool/capc_dataset_work_RyrnQw/feature_variants/floatingDivisionSelect_serial_N_176.c,1,176,3,0,1,0,1,0,2,0,0,0,0,0,2,1,16,8,1,0,0,0,3,0,2,,,,,,,,
0,/home/capc1/ProfitabilityTool-new-27-07-26/ProfitabilityTool/capc_dataset_work_RyrnQw/feature_variants/floatingDivisionSelect_serial_N_177.c,1,177,3,0,1,0,1,0,2,0,0,0,0,0,2,1,16,8,1,0,0,0,3,0,2,,,,,,,,
0,/home/capc1/ProfitabilityTool-new-27-07-26/ProfitabilityTool/capc_dataset_work_RyrnQw/feature_variants/floatingDivisionSelect_serial_N_178.c,1,178,3,0,1,0,1,0,2,0,0,0,0,0,2,1,16,8,1,0,0,0,3,0,2,,,,,,,,
0,/home/capc1/ProfitabilityTool-new-27-07-26/ProfitabilityTool/capc_dataset_work_RyrnQw/feature_variants/floatingDivisionSelect_serial_N_179.c,1,179,3,0,1,0,1,0,2,0,0,0,0,0,2,1,16,8,1,0,0,0,3,0,2,,,,,,,,
0,/home/capc1/ProfitabilityTool-new-27-07-26/ProfitabilityTool/capc_dataset_work_RyrnQw/feature_variants/floatingDivisionSelect_serial_N_180.c,1,180,3,0,1,0,1,0,2,0,0,0,0,0,2,1,16,8,1,0,0,0,3,0,2,,,,,,,,
0,/home/capc1/ProfitabilityTool-new-27-07-26/ProfitabilityTool/capc_dataset_work_RyrnQw/feature_variants/floatingDivisionSelect_serial_N_181.c,1,181,3,0,1,0,1,0,2,0,0,0,0,0,2,1,16,8,1,0,0,0,3,0,2,,,,,,,,
0,/home/capc1/ProfitabilityTool-new-27-07-26/ProfitabilityTool/capc_dataset_work_RyrnQw/feature_variants/floatingDivisionSelect_serial_N_182.c,1,182,3,0,1,0,1,0,2,0,0,0,0,0,2,1,16,8,1,0,0,0,3,0,2,,,,,,,,
0,/home/capc1/ProfitabilityTool-new-27-07-26/ProfitabilityTool/capc_dataset_work_RyrnQw/feature_variants/floatingDivisionSelect_serial_N_183.c,1,183,3,0,1,0,1,0,2,0,0,0,0,0,2,1,16,8,1,0,0,0,3,0,2,,,,,,,,
0,/home/capc1/ProfitabilityTool-new-27-07-26/ProfitabilityTool/capc_dataset_work_RyrnQw/feature_variants/floatingDivisionSelect_serial_N_184.c,1,184,3,0,1,0,1,0,2,0,0,0,0,0,2,1,16,8,1,0,0,0,3,0,2,,,,,,,,
0,/home/capc1/ProfitabilityTool-new-27-07-26/ProfitabilityTool/capc_dataset_work_RyrnQw/feature_variants/floatingDivisionSelect_serial_N_185.c,1,185,3,0,1,0,1,0,2,0,0,0,0,0,2,1,16,8,1,0,0,0,3,0,2,,,,,,,,
0,/home/capc1/ProfitabilityTool-new-27-07-26/ProfitabilityTool/capc_dataset_work_RyrnQw/feature_variants/floatingDivisionSelect_serial_N_186.c,1,186,3,0,1,0,1,0,2,0,0,0,0,0,2,1,16,8,1,0,0,0,3,0,2,,,,,,,,
0,/home/capc1/ProfitabilityTool-new-27-07-26/ProfitabilityTool/capc_dataset_work_RyrnQw/feature_variants/floatingDivisionSelect_serial_N_187.c,1,187,3,0,1,0,1,0,2,0,0,0,0,0,2,1,16,8,1,0,0,0,3,0,2,,,,,,,,
0,/home/capc1/ProfitabilityTool-new-27-07-26/ProfitabilityTool/capc_dataset_work_RyrnQw/feature_variants/floatingDivisionSelect_serial_N_188.c,1,188,3,0,1,0,1,0,2,0,0,0,0,0,2,1,16,8,1,0,0,0,3,0,2,,,,,,,,
0,/home/capc1/ProfitabilityTool-new-27-07-26/ProfitabilityTool/capc_dataset_work_RyrnQw/feature_variants/floatingDivisionSelect_serial_N_189.c,1,189,3,0,1,0,1,0,2,0,0,0,0,0,2,1,16,8,1,0,0,0,3,0,2,,,,,,,,
0,/home/capc1/ProfitabilityTool-new-27-07-26/ProfitabilityTool/capc_dataset_work_RyrnQw/feature_variants/floatingDivisionSelect_serial_N_190.c,1,190,3,0,1,0,1,0,2,0,0,0,0,0,2,1,16,8,1,0,0,0,3,0,2,,,,,,,,
0,/home/capc1/ProfitabilityTool-new-27-07-26/ProfitabilityTool/capc_dataset_work_RyrnQw/feature_variants/floatingDivisionSelect_serial_N_191.c,1,191,3,0,1,0,1,0,2,0,0,0,0,0,2,1,16,8,1,0,0,0,3,0,2,,,,,,,,
0,/home/capc1/ProfitabilityTool-new-27-07-26/ProfitabilityTool/capc_dataset_work_RyrnQw/feature_variants/floatingDivisionSelect_serial_N_192.c,1,192,3,0,1,0,1,0,2,0,0,0,0,0,2,1,16,8,1,0,0,0,3,0,2,,,,,,,,
0,/home/capc1/ProfitabilityTool-new-27-07-26/ProfitabilityTool/capc_dataset_work_RyrnQw/feature_variants/floatingDivisionSelect_serial_N_193.c,1,193,3,0,1,0,1,0,2,0,0,0,0,0,2,1,16,8,1,0,0,0,3,0,2,,,,,,,,
0,/home/capc1/ProfitabilityTool-new-27-07-26/ProfitabilityTool/capc_dataset_work_RyrnQw/feature_variants/floatingDivisionSelect_serial_N_194.c,1,194,3,0,1,0,1,0,2,0,0,0,0,0,2,1,16,8,1,0,0,0,3,0,2,,,,,,,,
0,/home/capc1/ProfitabilityTool-new-27-07-26/ProfitabilityTool/capc_dataset_work_RyrnQw/feature_variants/floatingDivisionSelect_serial_N_195.c,1,195,3,0,1,0,1,0,2,0,0,0,0,0,2,1,16,8,1,0,0,0,3,0,2,,,,,,,,
0,/home/capc1/ProfitabilityTool-new-27-07-26/ProfitabilityTool/capc_dataset_work_RyrnQw/feature_variants/floatingDivisionSelect_serial_N_196.c,1,196,3,0,1,0,1,0,2,0,0,0,0,0,2,1,16,8,1,0,0,0,3,0,2,,,,,,,,
0,/home/capc1/ProfitabilityTool-new-27-07-26/ProfitabilityTool/capc_dataset_work_RyrnQw/feature_variants/floatingDivisionSelect_serial_N_197.c,1,197,3,0,1,0,1,0,2,0,0,0,0,0,2,1,16,8,1,0,0,0,3,0,2,,,,,,,,
0,/home/capc1/ProfitabilityTool-new-27-07-26/ProfitabilityTool/capc_dataset_work_RyrnQw/feature_variants/floatingDivisionSelect_serial_N_198.c,1,198,3,0,1,0,1,0,2,0,0,0,0,0,2,1,16,8,1,0,0,0,3,0,2,,,,,,,,
0,/home/capc1/ProfitabilityTool-new-27-07-26/ProfitabilityTool/capc_dataset_work_RyrnQw/feature_variants/floatingDivisionSelect_serial_N_199.c,1,199,3,0,1,0,1,0,2,0,0,0,0,0,2,1,16,8,1,0,0,0,3,0,2,,,,,,,,
0,/home/capc1/ProfitabilityTool-new-27-07-26/ProfitabilityTool/capc_dataset_work_RyrnQw/feature_variants/floatingDivisionSelect_serial_N_200.c,1,200,3,0,1,0,1,0,2,0,0,0,0,0,2,1,16,8,1,0,0,0,3,0,2,,,,,,,,
0,/home/capc1/ProfitabilityTool-new-27-07-26/ProfitabilityTool/capc_dataset_work_RyrnQw/feature_variants/floatingDivisionSelect_serial_N_300.c,1,300,3,0,1,0,1,0,2,0,0,0,0,0,2,1,16,8,1,0,0,0,3,0,2,,,,,,,,
0,/home/capc1/ProfitabilityTool-new-27-07-26/ProfitabilityTool/capc_dataset_work_RyrnQw/feature_variants/floatingDivisionSelect_serial_N_400.c,1,400,3,0,1,0,1,0,2,0,0,0,0,0,2,1,16,8,1,0,0,0,3,0,2,,,,,,,,
0,/home/capc1/ProfitabilityTool-new-27-07-26/ProfitabilityTool/capc_dataset_work_RyrnQw/feature_variants/floatingDivisionSelect_serial_N_500.c,1,500,3,0,1,0,1,0,2,0,0,0,0,0,2,1,16,8,1,0,0,0,3,0,2,,,,,,,,
0,/home/capc1/ProfitabilityTool-new-27-07-26/ProfitabilityTool/capc_dataset_work_RyrnQw/feature_variants/floatingDivisionSelect_serial_N_600.c,1,600,3,0,1,0,1,0,2,0,0,0,0,0,2,1,16,8,1,0,0,0,3,0,2,,,,,,,,
0,/home/capc1/ProfitabilityTool-new-27-07-26/ProfitabilityTool/capc_dataset_work_RyrnQw/feature_variants/floatingDivisionSelect_serial_N_700.c,1,700,3,0,1,0,1,0,2,0,0,0,0,0,2,1,16,8,1,0,0,0,3,0,2,,,,,,,,
0,/home/capc1/ProfitabilityTool-new-27-07-26/ProfitabilityTool/capc_dataset_work_RyrnQw/feature_variants/floatingDivisionSelect_serial_N_800.c,1,800,3,0,1,0,1,0,2,0,0,0,0,0,2,1,16,8,1,0,0,0,3,0,2,,,,,,,,
0,/home/capc1/ProfitabilityTool-new-27-07-26/ProfitabilityTool/capc_dataset_work_RyrnQw/feature_variants/floatingDivisionSelect_serial_N_900.c,1,900,3,0,1,0,1,0,2,0,0,0,0,0,2,1,16,8,1,0,0,0,3,0,2,,,,,,,,
0,/home/capc1/ProfitabilityTool-new-27-07-26/ProfitabilityTool/capc_dataset_work_RyrnQw/feature_variants/floatingDivisionSelect_serial_N_1000.c,1,1000,3,0,1,0,1,0,2,0,0,0,0,0,2,1,16,8,1,0,0,0,3,0,2,,,,,,,,
0,/home/capc1/ProfitabilityTool-new-27-07-26/ProfitabilityTool/capc_dataset_work_RyrnQw/feature_variants/floatingDivisionSelect_serial_N_2000.c,1,2000,3,0,1,0,1,0,2,0,0,0,0,0,2,1,16,8,1,0,0,0,3,0,2,,,,,,,,
0,/home/capc1/ProfitabilityTool-new-27-07-26/ProfitabilityTool/capc_dataset_work_RyrnQw/feature_variants/floatingDivisionSelect_serial_N_3000.c,1,3000,3,0,1,0,1,0,2,0,0,0,0,0,2,1,16,8,1,0,0,0,3,0,2,,,,,,,,
0,/home/capc1/ProfitabilityTool-new-27-07-26/ProfitabilityTool/capc_dataset_work_RyrnQw/feature_variants/floatingDivisionSelect_serial_N_4000.c,1,4000,3,0,1,0,1,0,2,0,0,0,0,0,2,1,16,8,1,0,0,0,3,0,2,,,,,,,,
0,/home/capc1/ProfitabilityTool-new-27-07-26/ProfitabilityTool/capc_dataset_work_RyrnQw/feature_variants/floatingDivisionSelect_serial_N_5000.c,1,5000,3,0,1,0,1,0,2,0,0,0,0,0,2,1,16,8,1,0,0,0,3,0,2,,,,,,,,
0,/home/capc1/ProfitabilityTool-new-27-07-26/ProfitabilityTool/capc_dataset_work_RyrnQw/feature_variants/floatingDivisionSelect_serial_N_6000.c,1,6000,3,0,1,0,1,0,2,0,0,0,0,0,2,1,16,8,1,0,0,0,3,0,2,,,,,,,,
0,/home/capc1/ProfitabilityTool-new-27-07-26/ProfitabilityTool/capc_dataset_work_RyrnQw/feature_variants/floatingDivisionSelect_serial_N_7000.c,1,7000,3,0,1,0,1,0,2,0,0,0,0,0,2,1,16,8,1,0,0,0,3,0,2,,,,,,,,
0,/home/capc1/ProfitabilityTool-new-27-07-26/ProfitabilityTool/capc_dataset_work_RyrnQw/feature_variants/floatingDivisionSelect_serial_N_8000.c,1,8000,3,0,1,0,1,0,2,0,0,0,0,0,2,1,16,8,1,0,0,0,3,0,2,,,,,,,,
0,/home/capc1/ProfitabilityTool-new-27-07-26/ProfitabilityTool/capc_dataset_work_RyrnQw/feature_variants/floatingDivisionSelect_serial_N_9000.c,1,9000,3,0,1,0,1,0,2,0,0,0,0,0,2,1,16,8,1,0,0,0,3,0,2,,,,,,,,
0,/home/capc1/ProfitabilityTool-new-27-07-26/ProfitabilityTool/capc_dataset_work_RyrnQw/feature_variants/floatingDivisionSelect_serial_N_10000.c,1,10000,3,0,1,0,1,0,2,0,0,0,0,0,2,1,16,8,1,0,0,0,3,0,2,,,,,,,,
0,/home/capc1/ProfitabilityTool-new-27-07-26/ProfitabilityTool/capc_dataset_work_RyrnQw/feature_variants/floatingDivisionSelect_serial_N_20000.c,1,20000,3,0,1,0,1,0,2,0,0,0,0,0,2,1,16,8,1,0,0,0,3,0,2,,,,,,,,
0,/home/capc1/ProfitabilityTool-new-27-07-26/ProfitabilityTool/capc_dataset_work_RyrnQw/feature_variants/floatingDivisionSelect_serial_N_30000.c,1,30000,3,0,1,0,1,0,2,0,0,0,0,0,2,1,16,8,1,0,0,0,3,0,2,,,,,,,,
0,/home/capc1/ProfitabilityTool-new-27-07-26/ProfitabilityTool/capc_dataset_work_RyrnQw/feature_variants/floatingDivisionSelect_serial_N_40000.c,1,40000,3,0,1,0,1,0,2,0,0,0,0,0,2,1,16,8,1,0,0,0,3,0,2,,,,,,,,
0,/home/capc1/ProfitabilityTool-new-27-07-26/ProfitabilityTool/capc_dataset_work_RyrnQw/feature_variants/floatingDivisionSelect_serial_N_50000.c,1,50000,3,0,1,0,1,0,2,0,0,0,0,0,2,1,16,8,1,0,0,0,3,0,2,,,,,,,,
0,/home/capc1/ProfitabilityTool-new-27-07-26/ProfitabilityTool/capc_dataset_work_RyrnQw/feature_variants/floatingDivisionSelect_serial_N_60000.c,1,60000,3,0,1,0,1,0,2,0,0,0,0,0,2,1,16,8,1,0,0,0,3,0,2,,,,,,,,
0,/home/capc1/ProfitabilityTool-new-27-07-26/ProfitabilityTool/capc_dataset_work_RyrnQw/feature_variants/floatingDivisionSelect_serial_N_70000.c,1,70000,3,0,1,0,1,0,2,0,0,0,0,0,2,1,16,8,1,0,0,0,3,0,2,,,,,,,,
0,/home/capc1/ProfitabilityTool-new-27-07-26/ProfitabilityTool/capc_dataset_work_RyrnQw/feature_variants/floatingDivisionSelect_serial_N_80000.c,1,80000,3,0,1,0,1,0,2,0,0,0,0,0,2,1,16,8,1,0,0,0,3,0,2,,,,,,,,
0,/home/capc1/ProfitabilityTool-new-27-07-26/ProfitabilityTool/capc_dataset_work_RyrnQw/feature_variants/floatingDivisionSelect_serial_N_90000.c,1,90000,3,0,1,0,1,0,2,0,0,0,0,0,2,1,16,8,1,0,0,0,3,0,2,,,,,,,,
0,/home/capc1/ProfitabilityTool-new-27-07-26/ProfitabilityTool/capc_dataset_work_RyrnQw/feature_variants/floatingDivisionSelect_serial_N_100000.c,1,100000,3,0,1,0,1,0,2,0,0,0,0,0,2,1,16,8,1,0,0,0,3,0,2,,,,,,,,
0,/home/capc1/ProfitabilityTool-new-27-07-26/ProfitabilityTool/capc_dataset_work_RyrnQw/feature_variants/floatingDivisionSelect_serial_N_200000.c,1,200000,3,0,1,0,1,0,2,0,0,0,0,0,2,1,16,8,1,0,0,0,3,0,2,,,,,,,,
0,/home/capc1/ProfitabilityTool-new-27-07-26/ProfitabilityTool/capc_dataset_work_RyrnQw/feature_variants/floatingDivisionSelect_serial_N_300000.c,1,300000,3,0,1,0,1,0,2,0,0,0,0,0,2,1,16,8,1,0,0,0,3,0,2,,,,,,,,
0,/home/capc1/ProfitabilityTool-new-27-07-26/ProfitabilityTool/capc_dataset_work_RyrnQw/feature_variants/floatingDivisionSelect_serial_N_400000.c,1,400000,3,0,1,0,1,0,2,0,0,0,0,0,2,1,16,8,1,0,0,0,3,0,2,,,,,,,,
0,/home/capc1/ProfitabilityTool-new-27-07-26/ProfitabilityTool/capc_dataset_work_RyrnQw/feature_variants/floatingDivisionSelect_serial_N_500000.c,1,500000,3,0,1,0,1,0,2,0,0,0,0,0,2,1,16,8,1,0,0,0,3,0,2,,,,,,,,
0,/home/capc1/ProfitabilityTool-new-27-07-26/ProfitabilityTool/capc_dataset_work_RyrnQw/feature_variants/floatingDivisionSelect_serial_N_600000.c,1,600000,3,0,1,0,1,0,2,0,0,0,0,0,2,1,16,8,1,0,0,0,3,0,2,,,,,,,,
0,/home/capc1/ProfitabilityTool-new-27-07-26/ProfitabilityTool/capc_dataset_work_RyrnQw/feature_variants/floatingDivisionSelect_serial_N_700000.c,1,700000,3,0,1,0,1,0,2,0,0,0,0,0,2,1,16,8,1,0,0,0,3,0,2,,,,,,,,
0,/home/capc1/ProfitabilityTool-new-27-07-26/ProfitabilityTool/capc_dataset_work_RyrnQw/feature_variants/floatingDivisionSelect_serial_N_800000.c,1,800000,3,0,1,0,1,0,2,0,0,0,0,0,2,1,16,8,1,0,0,0,3,0,2,,,,,,,,
0,/home/capc1/ProfitabilityTool-new-27-07-26/ProfitabilityTool/capc_dataset_work_RyrnQw/feature_variants/floatingDivisionSelect_serial_N_900000.c,1,900000,3,0,1,0,1,0,2,0,0,0,0,0,2,1,16,8,1,0,0,0,3,0,2,,,,,,,,
0,/home/capc1/ProfitabilityTool-new-27-07-26/ProfitabilityTool/capc_dataset_work_RyrnQw/feature_variants/floatingDivisionSelect_serial_N_1000000.c,1,1000000,3,0,1,0,1,0,2,0,0,0,0,0,2,1,16,8,1,0,0,0,3,0,2,,,,,,,,
0,/home/capc1/ProfitabilityTool-new-27-07-26/ProfitabilityTool/capc_dataset_work_RyrnQw/feature_variants/floatingDivisionSelect_serial_N_2000000.c,1,2000000,3,0,1,0,1,0,2,0,0,0,0,0,2,1,16,8,1,0,0,0,3,0,2,,,,,,,,
0,/home/capc1/ProfitabilityTool-new-27-07-26/ProfitabilityTool/capc_dataset_work_RyrnQw/feature_variants/floatingDivisionSelect_serial_N_3000000.c,1,3000000,3,0,1,0,1,0,2,0,0,0,0,0,2,1,16,8,1,0,0,0,3,0,2,,,,,,,,
0,/home/capc1/ProfitabilityTool-new-27-07-26/ProfitabilityTool/capc_dataset_work_RyrnQw/feature_variants/floatingDivisionSelect_serial_N_4000000.c,1,4000000,3,0,1,0,1,0,2,0,0,0,0,0,2,1,16,8,1,0,0,0,3,0,2,,,,,,,,
0,/home/capc1/ProfitabilityTool-new-27-07-26/ProfitabilityTool/capc_dataset_work_RyrnQw/feature_variants/floatingDivisionSelect_serial_N_5000000.c,1,5000000,3,0,1,0,1,0,2,0,0,0,0,0,2,1,16,8,1,0,0,0,3,0,2,,,,,,,,
0,/home/capc1/ProfitabilityTool-new-27-07-26/ProfitabilityTool/capc_dataset_work_RyrnQw/feature_variants/floatingDivisionSelect_serial_N_6000000.c,1,6000000,3,0,1,0,1,0,2,0,0,0,0,0,2,1,16,8,1,0,0,0,3,0,2,,,,,,,,
0,/home/capc1/ProfitabilityTool-new-27-07-26/ProfitabilityTool/capc_dataset_work_RyrnQw/feature_variants/floatingDivisionSelect_serial_N_7000000.c,1,7000000,3,0,1,0,1,0,2,0,0,0,0,0,2,1,16,8,1,0,0,0,3,0,2,,,,,,,,
0,/home/capc1/ProfitabilityTool-new-27-07-26/ProfitabilityTool/capc_dataset_work_RyrnQw/feature_variants/floatingDivisionSelect_serial_N_8000000.c,1,8000000,3,0,1,0,1,0,2,0,0,0,0,0,2,1,16,8,1,0,0,0,3,0,2,,,,,,,,
0,/home/capc1/ProfitabilityTool-new-27-07-26/ProfitabilityTool/capc_dataset_work_RyrnQw/feature_variants/floatingDivisionSelect_serial_N_9000000.c,1,9000000,3,0,1,0,1,0,2,0,0,0,0,0,2,1,16,8,1,0,0,0,3,0,2,,,,,,,,
0,/home/capc1/ProfitabilityTool-new-27-07-26/ProfitabilityTool/capc_dataset_work_RyrnQw/feature_variants/floatingDivisionSelect_serial_N_10000000.c,1,10000000,3,0,1,0,1,0,2,0,0,0,0,0,2,1,16,8,1,0,0,0,3,0,2,,,,,,,,
0,/home/capc1/ProfitabilityTool-new-27-07-26/ProfitabilityTool/capc_dataset_work_RyrnQw/feature_variants/floatingDivisionSelect_serial_N_20000000.c,1,20000000,3,0,1,0,1,0,2,0,0,0,0,0,2,1,16,8,1,0,0,0,3,0,2,,,,,,,,
0,/home/capc1/ProfitabilityTool-new-27-07-26/ProfitabilityTool/capc_dataset_work_RyrnQw/feature_variants/floatingDivisionSelect_serial_N_30000000.c,1,30000000,3,0,1,0,1,0,2,0,0,0,0,0,2,1,16,8,1,0,0,0,3,0,2,,,,,,,,
0,/home/capc1/ProfitabilityTool-new-27-07-26/ProfitabilityTool/capc_dataset_work_RyrnQw/feature_variants/floatingDivisionSelect_serial_N_40000000.c,1,40000000,3,0,1,0,1,0,2,0,0,0,0,0,2,1,16,8,1,0,0,0,3,0,2,,,,,,,,
0,/home/capc1/ProfitabilityTool-new-27-07-26/ProfitabilityTool/capc_dataset_work_RyrnQw/feature_variants/floatingDivisionSelect_serial_N_50000000.c,1,50000000,3,0,1,0,1,0,2,0,0,0,0,0,2,1,16,8,1,0,0,0,3,0,2,,,,,,,,
0,/home/capc1/ProfitabilityTool-new-27-07-26/ProfitabilityTool/capc_dataset_work_RyrnQw/feature_variants/floatingDivisionSelect_serial_N_60000000.c,1,60000000,3,0,1,0,1,0,2,0,0,0,0,0,2,1,16,8,1,0,0,0,3,0,2,,,,,,,,
0,/home/capc1/ProfitabilityTool-new-27-07-26/ProfitabilityTool/capc_dataset_work_RyrnQw/feature_variants/floatingDivisionSelect_serial_N_70000000.c,1,70000000,3,0,1,0,1,0,2,0,0,0,0,0,2,1,16,8,1,0,0,0,3,0,2,,,,,,,,
0,/home/capc1/ProfitabilityTool-new-27-07-26/ProfitabilityTool/capc_dataset_work_RyrnQw/feature_variants/floatingDivisionSelect_serial_N_80000000.c,1,80000000,3,0,1,0,1,0,2,0,0,0,0,0,2,1,16,8,1,0,0,0,3,0,2,,,,,,,,
0,/home/capc1/ProfitabilityTool-new-27-07-26/ProfitabilityTool/capc_dataset_work_RyrnQw/feature_variants/floatingDivisionSelect_serial_N_90000000.c,1,90000000,3,0,1,0,1,0,2,0,0,0,0,0,2,1,16,8,1,0,0,0,3,0,2,,,,,,,,
0,/home/capc1/ProfitabilityTool-new-27-07-26/ProfitabilityTool/capc_dataset_work_RyrnQw/feature_variants/floatingDivisionSelect_serial_N_100000000.c,1,100000000,3,0,1,0,1,0,2,0,0,0,0,0,2,1,16,8,1,0,0,0,3,0,2,,,,,,,,
0,/home/capc1/ProfitabilityTool-new-27-07-26/ProfitabilityTool/capc_dataset_work_RyrnQw/feature_variants/floatingDivisionSelect_serial_N_200000000.c,1,200000000,3,0,1,0,1,0,2,0,0,0,0,0,2,1,16,8,1,0,0,0,3,0,2,,,,,,,,
0,/home/capc1/ProfitabilityTool-new-27-07-26/ProfitabilityTool/capc_dataset_work_RyrnQw/feature_variants/floatingDivisionSelect_serial_N_300000000.c,1,300000000,3,0,1,0,1,0,2,0,0,0,0,0,2,1,16,8,1,0,0,0,3,0,2,,,,,,,,
0,/home/capc1/ProfitabilityTool-new-27-07-26/ProfitabilityTool/capc_dataset_work_RyrnQw/feature_variants/floatingDivisionSelect_serial_N_400000000.c,1,400000000,3,0,1,0,1,0,2,0,0,0,0,0,2,1,16,8,1,0,0,0,3,0,2,,,,,,,,
0,/home/capc1/ProfitabilityTool-new-27-07-26/ProfitabilityTool/capc_dataset_work_RyrnQw/feature_variants/floatingDivisionSelect_serial_N_500000000.c,1,500000000,3,0,1,0,1,0,2,0,0,0,0,0,2,1,16,8,1,0,0,0,3,0,2,,,,,,,,
0,/home/capc1/ProfitabilityTool-new-27-07-26/ProfitabilityTool/capc_dataset_work_RyrnQw/feature_variants/floatingDivisionSelect_serial_N_600000000.c,1,600000000,3,0,1,0,1,0,2,0,0,0,0,0,2,1,16,8,1,0,0,0,3,0,2,,,,,,,,
0,/home/capc1/ProfitabilityTool-new-27-07-26/ProfitabilityTool/capc_dataset_work_RyrnQw/feature_variants/floatingDivisionSelect_serial_N_700000000.c,1,700000000,3,0,1,0,1,0,2,0,0,0,0,0,2,1,16,8,1,0,0,0,3,0,2,,,,,,,,
0,/home/capc1/ProfitabilityTool-new-27-07-26/ProfitabilityTool/capc_dataset_work_RyrnQw/feature_variants/floatingDivisionSelect_serial_N_800000000.c,1,800000000,3,0,1,0,1,0,2,0,0,0,0,0,2,1,16,8,1,0,0,0,3,0,2,,,,,,,,
0,/home/capc1/ProfitabilityTool-new-27-07-26/ProfitabilityTool/capc_dataset_work_RyrnQw/feature_variants/floatingDivisionSelect_serial_N_900000000.c,1,900000000,3,0,1,0,1,0,2,0,0,0,0,0,2,1,16,8,1,0,0,0,3,0,2,,,,,,,,
0,/home/capc1/ProfitabilityTool-new-27-07-26/ProfitabilityTool/capc_dataset_work_RyrnQw/feature_variants/floatingDivisionSelect_serial_N_1000000000.c,1,1000000000,3,0,1,0,1,0,2,0,0,0,0,0,2,1,16,8,1,0,0,0,3,0,2,,,,,,,,
0,/home/capc1/ProfitabilityTool-new-27-07-26/ProfitabilityTool/capc_dataset_work_RyrnQw/feature_variants/fmaCompute_serial_N_1.c,1,1,1,0,5,0,5,0,0,0,0,0,0,5,3,1,24,8,0,0,0,0,4,0,0,,,,,,,,
0,/home/capc1/ProfitabilityTool-new-27-07-26/ProfitabilityTool/capc_dataset_work_RyrnQw/feature_variants/fmaCompute_serial_N_2.c,1,2,3,0,5,0,5,0,0,0,0,0,0,5,3,1,24,8,1,0,0,0,4,0,0,,,,,,,,
0,/home/capc1/ProfitabilityTool-new-27-07-26/ProfitabilityTool/capc_dataset_work_RyrnQw/feature_variants/fmaCompute_serial_N_3.c,1,3,3,0,5,0,5,0,0,0,0,0,0,5,3,1,24,8,1,0,0,0,4,0,0,,,,,,,,
0,/home/capc1/ProfitabilityTool-new-27-07-26/ProfitabilityTool/capc_dataset_work_RyrnQw/feature_variants/fmaCompute_serial_N_4.c,1,4,3,0,5,0,5,0,0,0,0,0,0,5,3,1,24,8,1,0,0,0,4,0,0,,,,,,,,
0,/home/capc1/ProfitabilityTool-new-27-07-26/ProfitabilityTool/capc_dataset_work_RyrnQw/feature_variants/fmaCompute_serial_N_5.c,1,5,3,0,5,0,5,0,0,0,0,0,0,5,3,1,24,8,1,0,0,0,4,0,0,,,,,,,,
0,/home/capc1/ProfitabilityTool-new-27-07-26/ProfitabilityTool/capc_dataset_work_RyrnQw/feature_variants/fmaCompute_serial_N_6.c,1,6,3,0,5,0,5,0,0,0,0,0,0,5,3,1,24,8,1,0,0,0,4,0,0,,,,,,,,
0,/home/capc1/ProfitabilityTool-new-27-07-26/ProfitabilityTool/capc_dataset_work_RyrnQw/feature_variants/fmaCompute_serial_N_7.c,1,7,3,0,5,0,5,0,0,0,0,0,0,5,3,1,24,8,1,0,0,0,4,0,0,,,,,,,,
0,/home/capc1/ProfitabilityTool-new-27-07-26/ProfitabilityTool/capc_dataset_work_RyrnQw/feature_variants/fmaCompute_serial_N_8.c,1,8,3,0,5,0,5,0,0,0,0,0,0,5,3,1,24,8,1,0,0,0,4,0,0,,,,,,,,
0,/home/capc1/ProfitabilityTool-new-27-07-26/ProfitabilityTool/capc_dataset_work_RyrnQw/feature_variants/fmaCompute_serial_N_9.c,1,9,3,0,5,0,5,0,0,0,0,0,0,5,3,1,24,8,1,0,0,0,4,0,0,,,,,,,,
0,/home/capc1/ProfitabilityTool-new-27-07-26/ProfitabilityTool/capc_dataset_work_RyrnQw/feature_variants/fmaCompute_serial_N_10.c,1,10,3,0,5,0,5,0,0,0,0,0,0,5,3,1,24,8,1,0,0,0,4,0,0,,,,,,,,
0,/home/capc1/ProfitabilityTool-new-27-07-26/ProfitabilityTool/capc_dataset_work_RyrnQw/feature_variants/fmaCompute_serial_N_11.c,1,11,3,0,5,0,5,0,0,0,0,0,0,5,3,1,24,8,1,0,0,0,4,0,0,,,,,,,,
0,/home/capc1/ProfitabilityTool-new-27-07-26/ProfitabilityTool/capc_dataset_work_RyrnQw/feature_variants/fmaCompute_serial_N_12.c,1,12,3,0,5,0,5,0,0,0,0,0,0,5,3,1,24,8,1,0,0,0,4,0,0,,,,,,,,
0,/home/capc1/ProfitabilityTool-new-27-07-26/ProfitabilityTool/capc_dataset_work_RyrnQw/feature_variants/fmaCompute_serial_N_13.c,1,13,3,0,5,0,5,0,0,0,0,0,0,5,3,1,24,8,1,0,0,0,4,0,0,,,,,,,,
0,/home/capc1/ProfitabilityTool-new-27-07-26/ProfitabilityTool/capc_dataset_work_RyrnQw/feature_variants/fmaCompute_serial_N_14.c,1,14,3,0,5,0,5,0,0,0,0,0,0,5,3,1,24,8,1,0,0,0,4,0,0,,,,,,,,
0,/home/capc1/ProfitabilityTool-new-27-07-26/ProfitabilityTool/capc_dataset_work_RyrnQw/feature_variants/fmaCompute_serial_N_15.c,1,15,3,0,5,0,5,0,0,0,0,0,0,5,3,1,24,8,1,0,0,0,4,0,0,,,,,,,,
0,/home/capc1/ProfitabilityTool-new-27-07-26/ProfitabilityTool/capc_dataset_work_RyrnQw/feature_variants/fmaCompute_serial_N_16.c,1,16,3,0,5,0,5,0,0,0,0,0,0,5,3,1,24,8,1,0,0,0,4,0,0,,,,,,,,
0,/home/capc1/ProfitabilityTool-new-27-07-26/ProfitabilityTool/capc_dataset_work_RyrnQw/feature_variants/fmaCompute_serial_N_17.c,1,17,3,0,5,0,5,0,0,0,0,0,0,5,3,1,24,8,1,0,0,0,4,0,0,,,,,,,,
0,/home/capc1/ProfitabilityTool-new-27-07-26/ProfitabilityTool/capc_dataset_work_RyrnQw/feature_variants/fmaCompute_serial_N_18.c,1,18,3,0,5,0,5,0,0,0,0,0,0,5,3,1,24,8,1,0,0,0,4,0,0,,,,,,,,
0,/home/capc1/ProfitabilityTool-new-27-07-26/ProfitabilityTool/capc_dataset_work_RyrnQw/feature_variants/fmaCompute_serial_N_19.c,1,19,3,0,5,0,5,0,0,0,0,0,0,5,3,1,24,8,1,0,0,0,4,0,0,,,,,,,,
0,/home/capc1/ProfitabilityTool-new-27-07-26/ProfitabilityTool/capc_dataset_work_RyrnQw/feature_variants/fmaCompute_serial_N_20.c,1,20,3,0,5,0,5,0,0,0,0,0,0,5,3,1,24,8,1,0,0,0,4,0,0,,,,,,,,
0,/home/capc1/ProfitabilityTool-new-27-07-26/ProfitabilityTool/capc_dataset_work_RyrnQw/feature_variants/fmaCompute_serial_N_21.c,1,21,3,0,5,0,5,0,0,0,0,0,0,5,3,1,24,8,1,0,0,0,4,0,0,,,,,,,,
0,/home/capc1/ProfitabilityTool-new-27-07-26/ProfitabilityTool/capc_dataset_work_RyrnQw/feature_variants/fmaCompute_serial_N_22.c,1,22,3,0,5,0,5,0,0,0,0,0,0,5,3,1,24,8,1,0,0,0,4,0,0,,,,,,,,
0,/home/capc1/ProfitabilityTool-new-27-07-26/ProfitabilityTool/capc_dataset_work_RyrnQw/feature_variants/fmaCompute_serial_N_23.c,1,23,3,0,5,0,5,0,0,0,0,0,0,5,3,1,24,8,1,0,0,0,4,0,0,,,,,,,,
0,/home/capc1/ProfitabilityTool-new-27-07-26/ProfitabilityTool/capc_dataset_work_RyrnQw/feature_variants/fmaCompute_serial_N_24.c,1,24,3,0,5,0,5,0,0,0,0,0,0,5,3,1,24,8,1,0,0,0,4,0,0,,,,,,,,
0,/home/capc1/ProfitabilityTool-new-27-07-26/ProfitabilityTool/capc_dataset_work_RyrnQw/feature_variants/fmaCompute_serial_N_25.c,1,25,3,0,5,0,5,0,0,0,0,0,0,5,3,1,24,8,1,0,0,0,4,0,0,,,,,,,,
0,/home/capc1/ProfitabilityTool-new-27-07-26/ProfitabilityTool/capc_dataset_work_RyrnQw/feature_variants/fmaCompute_serial_N_26.c,1,26,3,0,5,0,5,0,0,0,0,0,0,5,3,1,24,8,1,0,0,0,4,0,0,,,,,,,,
0,/home/capc1/ProfitabilityTool-new-27-07-26/ProfitabilityTool/capc_dataset_work_RyrnQw/feature_variants/fmaCompute_serial_N_27.c,1,27,3,0,5,0,5,0,0,0,0,0,0,5,3,1,24,8,1,0,0,0,4,0,0,,,,,,,,
0,/home/capc1/ProfitabilityTool-new-27-07-26/ProfitabilityTool/capc_dataset_work_RyrnQw/feature_variants/fmaCompute_serial_N_28.c,1,28,3,0,5,0,5,0,0,0,0,0,0,5,3,1,24,8,1,0,0,0,4,0,0,,,,,,,,
0,/home/capc1/ProfitabilityTool-new-27-07-26/ProfitabilityTool/capc_dataset_work_RyrnQw/feature_variants/fmaCompute_serial_N_29.c,1,29,3,0,5,0,5,0,0,0,0,0,0,5,3,1,24,8,1,0,0,0,4,0,0,,,,,,,,
0,/home/capc1/ProfitabilityTool-new-27-07-26/ProfitabilityTool/capc_dataset_work_RyrnQw/feature_variants/fmaCompute_serial_N_30.c,1,30,3,0,5,0,5,0,0,0,0,0,0,5,3,1,24,8,1,0,0,0,4,0,0,,,,,,,,
0,/home/capc1/ProfitabilityTool-new-27-07-26/ProfitabilityTool/capc_dataset_work_RyrnQw/feature_variants/fmaCompute_serial_N_31.c,1,31,3,0,5,0,5,0,0,0,0,0,0,5,3,1,24,8,1,0,0,0,4,0,0,,,,,,,,
0,/home/capc1/ProfitabilityTool-new-27-07-26/ProfitabilityTool/capc_dataset_work_RyrnQw/feature_variants/fmaCompute_serial_N_32.c,1,32,3,0,5,0,5,0,0,0,0,0,0,5,3,1,24,8,1,0,0,0,4,0,0,,,,,,,,
0,/home/capc1/ProfitabilityTool-new-27-07-26/ProfitabilityTool/capc_dataset_work_RyrnQw/feature_variants/fmaCompute_serial_N_33.c,1,33,3,0,5,0,5,0,0,0,0,0,0,5,3,1,24,8,1,0,0,0,4,0,0,,,,,,,,
0,/home/capc1/ProfitabilityTool-new-27-07-26/ProfitabilityTool/capc_dataset_work_RyrnQw/feature_variants/fmaCompute_serial_N_34.c,1,34,3,0,5,0,5,0,0,0,0,0,0,5,3,1,24,8,1,0,0,0,4,0,0,,,,,,,,
0,/home/capc1/ProfitabilityTool-new-27-07-26/ProfitabilityTool/capc_dataset_work_RyrnQw/feature_variants/fmaCompute_serial_N_35.c,1,35,3,0,5,0,5,0,0,0,0,0,0,5,3,1,24,8,1,0,0,0,4,0,0,,,,,,,,
0,/home/capc1/ProfitabilityTool-new-27-07-26/ProfitabilityTool/capc_dataset_work_RyrnQw/feature_variants/fmaCompute_serial_N_36.c,1,36,3,0,5,0,5,0,0,0,0,0,0,5,3,1,24,8,1,0,0,0,4,0,0,,,,,,,,
0,/home/capc1/ProfitabilityTool-new-27-07-26/ProfitabilityTool/capc_dataset_work_RyrnQw/feature_variants/fmaCompute_serial_N_37.c,1,37,3,0,5,0,5,0,0,0,0,0,0,5,3,1,24,8,1,0,0,0,4,0,0,,,,,,,,
0,/home/capc1/ProfitabilityTool-new-27-07-26/ProfitabilityTool/capc_dataset_work_RyrnQw/feature_variants/fmaCompute_serial_N_38.c,1,38,3,0,5,0,5,0,0,0,0,0,0,5,3,1,24,8,1,0,0,0,4,0,0,,,,,,,,
0,/home/capc1/ProfitabilityTool-new-27-07-26/ProfitabilityTool/capc_dataset_work_RyrnQw/feature_variants/fmaCompute_serial_N_39.c,1,39,3,0,5,0,5,0,0,0,0,0,0,5,3,1,24,8,1,0,0,0,4,0,0,,,,,,,,
0,/home/capc1/ProfitabilityTool-new-27-07-26/ProfitabilityTool/capc_dataset_work_RyrnQw/feature_variants/fmaCompute_serial_N_40.c,1,40,3,0,5,0,5,0,0,0,0,0,0,5,3,1,24,8,1,0,0,0,4,0,0,,,,,,,,
0,/home/capc1/ProfitabilityTool-new-27-07-26/ProfitabilityTool/capc_dataset_work_RyrnQw/feature_variants/fmaCompute_serial_N_41.c,1,41,3,0,5,0,5,0,0,0,0,0,0,5,3,1,24,8,1,0,0,0,4,0,0,,,,,,,,
0,/home/capc1/ProfitabilityTool-new-27-07-26/ProfitabilityTool/capc_dataset_work_RyrnQw/feature_variants/fmaCompute_serial_N_42.c,1,42,3,0,5,0,5,0,0,0,0,0,0,5,3,1,24,8,1,0,0,0,4,0,0,,,,,,,,
0,/home/capc1/ProfitabilityTool-new-27-07-26/ProfitabilityTool/capc_dataset_work_RyrnQw/feature_variants/fmaCompute_serial_N_43.c,1,43,3,0,5,0,5,0,0,0,0,0,0,5,3,1,24,8,1,0,0,0,4,0,0,,,,,,,,
0,/home/capc1/ProfitabilityTool-new-27-07-26/ProfitabilityTool/capc_dataset_work_RyrnQw/feature_variants/fmaCompute_serial_N_44.c,1,44,3,0,5,0,5,0,0,0,0,0,0,5,3,1,24,8,1,0,0,0,4,0,0,,,,,,,,
0,/home/capc1/ProfitabilityTool-new-27-07-26/ProfitabilityTool/capc_dataset_work_RyrnQw/feature_variants/fmaCompute_serial_N_45.c,1,45,3,0,5,0,5,0,0,0,0,0,0,5,3,1,24,8,1,0,0,0,4,0,0,,,,,,,,
0,/home/capc1/ProfitabilityTool-new-27-07-26/ProfitabilityTool/capc_dataset_work_RyrnQw/feature_variants/fmaCompute_serial_N_46.c,1,46,3,0,5,0,5,0,0,0,0,0,0,5,3,1,24,8,1,0,0,0,4,0,0,,,,,,,,
0,/home/capc1/ProfitabilityTool-new-27-07-26/ProfitabilityTool/capc_dataset_work_RyrnQw/feature_variants/fmaCompute_serial_N_47.c,1,47,3,0,5,0,5,0,0,0,0,0,0,5,3,1,24,8,1,0,0,0,4,0,0,,,,,,,,
0,/home/capc1/ProfitabilityTool-new-27-07-26/ProfitabilityTool/capc_dataset_work_RyrnQw/feature_variants/fmaCompute_serial_N_48.c,1,48,3,0,5,0,5,0,0,0,0,0,0,5,3,1,24,8,1,0,0,0,4,0,0,,,,,,,,
0,/home/capc1/ProfitabilityTool-new-27-07-26/ProfitabilityTool/capc_dataset_work_RyrnQw/feature_variants/fmaCompute_serial_N_49.c,1,49,3,0,5,0,5,0,0,0,0,0,0,5,3,1,24,8,1,0,0,0,4,0,0,,,,,,,,
0,/home/capc1/ProfitabilityTool-new-27-07-26/ProfitabilityTool/capc_dataset_work_RyrnQw/feature_variants/fmaCompute_serial_N_50.c,1,50,3,0,5,0,5,0,0,0,0,0,0,5,3,1,24,8,1,0,0,0,4,0,0,,,,,,,,
0,/home/capc1/ProfitabilityTool-new-27-07-26/ProfitabilityTool/capc_dataset_work_RyrnQw/feature_variants/fmaCompute_serial_N_51.c,1,51,3,0,5,0,5,0,0,0,0,0,0,5,3,1,24,8,1,0,0,0,4,0,0,,,,,,,,
0,/home/capc1/ProfitabilityTool-new-27-07-26/ProfitabilityTool/capc_dataset_work_RyrnQw/feature_variants/fmaCompute_serial_N_52.c,1,52,3,0,5,0,5,0,0,0,0,0,0,5,3,1,24,8,1,0,0,0,4,0,0,,,,,,,,
0,/home/capc1/ProfitabilityTool-new-27-07-26/ProfitabilityTool/capc_dataset_work_RyrnQw/feature_variants/fmaCompute_serial_N_53.c,1,53,3,0,5,0,5,0,0,0,0,0,0,5,3,1,24,8,1,0,0,0,4,0,0,,,,,,,,
0,/home/capc1/ProfitabilityTool-new-27-07-26/ProfitabilityTool/capc_dataset_work_RyrnQw/feature_variants/fmaCompute_serial_N_54.c,1,54,3,0,5,0,5,0,0,0,0,0,0,5,3,1,24,8,1,0,0,0,4,0,0,,,,,,,,
0,/home/capc1/ProfitabilityTool-new-27-07-26/ProfitabilityTool/capc_dataset_work_RyrnQw/feature_variants/fmaCompute_serial_N_55.c,1,55,3,0,5,0,5,0,0,0,0,0,0,5,3,1,24,8,1,0,0,0,4,0,0,,,,,,,,
0,/home/capc1/ProfitabilityTool-new-27-07-26/ProfitabilityTool/capc_dataset_work_RyrnQw/feature_variants/fmaCompute_serial_N_56.c,1,56,3,0,5,0,5,0,0,0,0,0,0,5,3,1,24,8,1,0,0,0,4,0,0,,,,,,,,
0,/home/capc1/ProfitabilityTool-new-27-07-26/ProfitabilityTool/capc_dataset_work_RyrnQw/feature_variants/fmaCompute_serial_N_57.c,1,57,3,0,5,0,5,0,0,0,0,0,0,5,3,1,24,8,1,0,0,0,4,0,0,,,,,,,,
0,/home/capc1/ProfitabilityTool-new-27-07-26/ProfitabilityTool/capc_dataset_work_RyrnQw/feature_variants/fmaCompute_serial_N_58.c,1,58,3,0,5,0,5,0,0,0,0,0,0,5,3,1,24,8,1,0,0,0,4,0,0,,,,,,,,
0,/home/capc1/ProfitabilityTool-new-27-07-26/ProfitabilityTool/capc_dataset_work_RyrnQw/feature_variants/fmaCompute_serial_N_59.c,1,59,3,0,5,0,5,0,0,0,0,0,0,5,3,1,24,8,1,0,0,0,4,0,0,,,,,,,,
0,/home/capc1/ProfitabilityTool-new-27-07-26/ProfitabilityTool/capc_dataset_work_RyrnQw/feature_variants/fmaCompute_serial_N_60.c,1,60,3,0,5,0,5,0,0,0,0,0,0,5,3,1,24,8,1,0,0,0,4,0,0,,,,,,,,
0,/home/capc1/ProfitabilityTool-new-27-07-26/ProfitabilityTool/capc_dataset_work_RyrnQw/feature_variants/fmaCompute_serial_N_61.c,1,61,3,0,5,0,5,0,0,0,0,0,0,5,3,1,24,8,1,0,0,0,4,0,0,,,,,,,,
0,/home/capc1/ProfitabilityTool-new-27-07-26/ProfitabilityTool/capc_dataset_work_RyrnQw/feature_variants/fmaCompute_serial_N_62.c,1,62,3,0,5,0,5,0,0,0,0,0,0,5,3,1,24,8,1,0,0,0,4,0,0,,,,,,,,
0,/home/capc1/ProfitabilityTool-new-27-07-26/ProfitabilityTool/capc_dataset_work_RyrnQw/feature_variants/fmaCompute_serial_N_63.c,1,63,3,0,5,0,5,0,0,0,0,0,0,5,3,1,24,8,1,0,0,0,4,0,0,,,,,,,,
0,/home/capc1/ProfitabilityTool-new-27-07-26/ProfitabilityTool/capc_dataset_work_RyrnQw/feature_variants/fmaCompute_serial_N_64.c,1,64,3,0,5,0,5,0,0,0,0,0,0,5,3,1,24,8,1,0,0,0,4,0,0,,,,,,,,
0,/home/capc1/ProfitabilityTool-new-27-07-26/ProfitabilityTool/capc_dataset_work_RyrnQw/feature_variants/fmaCompute_serial_N_65.c,1,65,3,0,5,0,5,0,0,0,0,0,0,5,3,1,24,8,1,0,0,0,4,0,0,,,,,,,,
0,/home/capc1/ProfitabilityTool-new-27-07-26/ProfitabilityTool/capc_dataset_work_RyrnQw/feature_variants/fmaCompute_serial_N_66.c,1,66,3,0,5,0,5,0,0,0,0,0,0,5,3,1,24,8,1,0,0,0,4,0,0,,,,,,,,
0,/home/capc1/ProfitabilityTool-new-27-07-26/ProfitabilityTool/capc_dataset_work_RyrnQw/feature_variants/fmaCompute_serial_N_67.c,1,67,3,0,5,0,5,0,0,0,0,0,0,5,3,1,24,8,1,0,0,0,4,0,0,,,,,,,,
0,/home/capc1/ProfitabilityTool-new-27-07-26/ProfitabilityTool/capc_dataset_work_RyrnQw/feature_variants/fmaCompute_serial_N_68.c,1,68,3,0,5,0,5,0,0,0,0,0,0,5,3,1,24,8,1,0,0,0,4,0,0,,,,,,,,
0,/home/capc1/ProfitabilityTool-new-27-07-26/ProfitabilityTool/capc_dataset_work_RyrnQw/feature_variants/fmaCompute_serial_N_69.c,1,69,3,0,5,0,5,0,0,0,0,0,0,5,3,1,24,8,1,0,0,0,4,0,0,,,,,,,,
0,/home/capc1/ProfitabilityTool-new-27-07-26/ProfitabilityTool/capc_dataset_work_RyrnQw/feature_variants/fmaCompute_serial_N_70.c,1,70,3,0,5,0,5,0,0,0,0,0,0,5,3,1,24,8,1,0,0,0,4,0,0,,,,,,,,
0,/home/capc1/ProfitabilityTool-new-27-07-26/ProfitabilityTool/capc_dataset_work_RyrnQw/feature_variants/fmaCompute_serial_N_71.c,1,71,3,0,5,0,5,0,0,0,0,0,0,5,3,1,24,8,1,0,0,0,4,0,0,,,,,,,,
0,/home/capc1/ProfitabilityTool-new-27-07-26/ProfitabilityTool/capc_dataset_work_RyrnQw/feature_variants/fmaCompute_serial_N_72.c,1,72,3,0,5,0,5,0,0,0,0,0,0,5,3,1,24,8,1,0,0,0,4,0,0,,,,,,,,
0,/home/capc1/ProfitabilityTool-new-27-07-26/ProfitabilityTool/capc_dataset_work_RyrnQw/feature_variants/fmaCompute_serial_N_73.c,1,73,3,0,5,0,5,0,0,0,0,0,0,5,3,1,24,8,1,0,0,0,4,0,0,,,,,,,,
0,/home/capc1/ProfitabilityTool-new-27-07-26/ProfitabilityTool/capc_dataset_work_RyrnQw/feature_variants/fmaCompute_serial_N_74.c,1,74,3,0,5,0,5,0,0,0,0,0,0,5,3,1,24,8,1,0,0,0,4,0,0,,,,,,,,
0,/home/capc1/ProfitabilityTool-new-27-07-26/ProfitabilityTool/capc_dataset_work_RyrnQw/feature_variants/fmaCompute_serial_N_75.c,1,75,3,0,5,0,5,0,0,0,0,0,0,5,3,1,24,8,1,0,0,0,4,0,0,,,,,,,,
0,/home/capc1/ProfitabilityTool-new-27-07-26/ProfitabilityTool/capc_dataset_work_RyrnQw/feature_variants/fmaCompute_serial_N_76.c,1,76,3,0,5,0,5,0,0,0,0,0,0,5,3,1,24,8,1,0,0,0,4,0,0,,,,,,,,
0,/home/capc1/ProfitabilityTool-new-27-07-26/ProfitabilityTool/capc_dataset_work_RyrnQw/feature_variants/fmaCompute_serial_N_77.c,1,77,3,0,5,0,5,0,0,0,0,0,0,5,3,1,24,8,1,0,0,0,4,0,0,,,,,,,,
0,/home/capc1/ProfitabilityTool-new-27-07-26/ProfitabilityTool/capc_dataset_work_RyrnQw/feature_variants/fmaCompute_serial_N_78.c,1,78,3,0,5,0,5,0,0,0,0,0,0,5,3,1,24,8,1,0,0,0,4,0,0,,,,,,,,
0,/home/capc1/ProfitabilityTool-new-27-07-26/ProfitabilityTool/capc_dataset_work_RyrnQw/feature_variants/fmaCompute_serial_N_79.c,1,79,3,0,5,0,5,0,0,0,0,0,0,5,3,1,24,8,1,0,0,0,4,0,0,,,,,,,,
0,/home/capc1/ProfitabilityTool-new-27-07-26/ProfitabilityTool/capc_dataset_work_RyrnQw/feature_variants/fmaCompute_serial_N_80.c,1,80,3,0,5,0,5,0,0,0,0,0,0,5,3,1,24,8,1,0,0,0,4,0,0,,,,,,,,
0,/home/capc1/ProfitabilityTool-new-27-07-26/ProfitabilityTool/capc_dataset_work_RyrnQw/feature_variants/fmaCompute_serial_N_81.c,1,81,3,0,5,0,5,0,0,0,0,0,0,5,3,1,24,8,1,0,0,0,4,0,0,,,,,,,,
0,/home/capc1/ProfitabilityTool-new-27-07-26/ProfitabilityTool/capc_dataset_work_RyrnQw/feature_variants/fmaCompute_serial_N_82.c,1,82,3,0,5,0,5,0,0,0,0,0,0,5,3,1,24,8,1,0,0,0,4,0,0,,,,,,,,
0,/home/capc1/ProfitabilityTool-new-27-07-26/ProfitabilityTool/capc_dataset_work_RyrnQw/feature_variants/fmaCompute_serial_N_83.c,1,83,3,0,5,0,5,0,0,0,0,0,0,5,3,1,24,8,1,0,0,0,4,0,0,,,,,,,,
0,/home/capc1/ProfitabilityTool-new-27-07-26/ProfitabilityTool/capc_dataset_work_RyrnQw/feature_variants/fmaCompute_serial_N_84.c,1,84,3,0,5,0,5,0,0,0,0,0,0,5,3,1,24,8,1,0,0,0,4,0,0,,,,,,,,
0,/home/capc1/ProfitabilityTool-new-27-07-26/ProfitabilityTool/capc_dataset_work_RyrnQw/feature_variants/fmaCompute_serial_N_85.c,1,85,3,0,5,0,5,0,0,0,0,0,0,5,3,1,24,8,1,0,0,0,4,0,0,,,,,,,,
0,/home/capc1/ProfitabilityTool-new-27-07-26/ProfitabilityTool/capc_dataset_work_RyrnQw/feature_variants/fmaCompute_serial_N_86.c,1,86,3,0,5,0,5,0,0,0,0,0,0,5,3,1,24,8,1,0,0,0,4,0,0,,,,,,,,
0,/home/capc1/ProfitabilityTool-new-27-07-26/ProfitabilityTool/capc_dataset_work_RyrnQw/feature_variants/fmaCompute_serial_N_87.c,1,87,3,0,5,0,5,0,0,0,0,0,0,5,3,1,24,8,1,0,0,0,4,0,0,,,,,,,,
0,/home/capc1/ProfitabilityTool-new-27-07-26/ProfitabilityTool/capc_dataset_work_RyrnQw/feature_variants/fmaCompute_serial_N_88.c,1,88,3,0,5,0,5,0,0,0,0,0,0,5,3,1,24,8,1,0,0,0,4,0,0,,,,,,,,
0,/home/capc1/ProfitabilityTool-new-27-07-26/ProfitabilityTool/capc_dataset_work_RyrnQw/feature_variants/fmaCompute_serial_N_89.c,1,89,3,0,5,0,5,0,0,0,0,0,0,5,3,1,24,8,1,0,0,0,4,0,0,,,,,,,,
0,/home/capc1/ProfitabilityTool-new-27-07-26/ProfitabilityTool/capc_dataset_work_RyrnQw/feature_variants/fmaCompute_serial_N_90.c,1,90,3,0,5,0,5,0,0,0,0,0,0,5,3,1,24,8,1,0,0,0,4,0,0,,,,,,,,
0,/home/capc1/ProfitabilityTool-new-27-07-26/ProfitabilityTool/capc_dataset_work_RyrnQw/feature_variants/fmaCompute_serial_N_91.c,1,91,3,0,5,0,5,0,0,0,0,0,0,5,3,1,24,8,1,0,0,0,4,0,0,,,,,,,,
0,/home/capc1/ProfitabilityTool-new-27-07-26/ProfitabilityTool/capc_dataset_work_RyrnQw/feature_variants/fmaCompute_serial_N_92.c,1,92,3,0,5,0,5,0,0,0,0,0,0,5,3,1,24,8,1,0,0,0,4,0,0,,,,,,,,
0,/home/capc1/ProfitabilityTool-new-27-07-26/ProfitabilityTool/capc_dataset_work_RyrnQw/feature_variants/fmaCompute_serial_N_93.c,1,93,3,0,5,0,5,0,0,0,0,0,0,5,3,1,24,8,1,0,0,0,4,0,0,,,,,,,,
0,/home/capc1/ProfitabilityTool-new-27-07-26/ProfitabilityTool/capc_dataset_work_RyrnQw/feature_variants/fmaCompute_serial_N_94.c,1,94,3,0,5,0,5,0,0,0,0,0,0,5,3,1,24,8,1,0,0,0,4,0,0,,,,,,,,
0,/home/capc1/ProfitabilityTool-new-27-07-26/ProfitabilityTool/capc_dataset_work_RyrnQw/feature_variants/fmaCompute_serial_N_95.c,1,95,3,0,5,0,5,0,0,0,0,0,0,5,3,1,24,8,1,0,0,0,4,0,0,,,,,,,,
0,/home/capc1/ProfitabilityTool-new-27-07-26/ProfitabilityTool/capc_dataset_work_RyrnQw/feature_variants/fmaCompute_serial_N_96.c,1,96,3,0,5,0,5,0,0,0,0,0,0,5,3,1,24,8,1,0,0,0,4,0,0,,,,,,,,
0,/home/capc1/ProfitabilityTool-new-27-07-26/ProfitabilityTool/capc_dataset_work_RyrnQw/feature_variants/fmaCompute_serial_N_97.c,1,97,3,0,5,0,5,0,0,0,0,0,0,5,3,1,24,8,1,0,0,0,4,0,0,,,,,,,,
0,/home/capc1/ProfitabilityTool-new-27-07-26/ProfitabilityTool/capc_dataset_work_RyrnQw/feature_variants/fmaCompute_serial_N_98.c,1,98,3,0,5,0,5,0,0,0,0,0,0,5,3,1,24,8,1,0,0,0,4,0,0,,,,,,,,
0,/home/capc1/ProfitabilityTool-new-27-07-26/ProfitabilityTool/capc_dataset_work_RyrnQw/feature_variants/fmaCompute_serial_N_99.c,1,99,3,0,5,0,5,0,0,0,0,0,0,5,3,1,24,8,1,0,0,0,4,0,0,,,,,,,,
0,/home/capc1/ProfitabilityTool-new-27-07-26/ProfitabilityTool/capc_dataset_work_RyrnQw/feature_variants/fmaCompute_serial_N_100.c,1,100,3,0,5,0,5,0,0,0,0,0,0,5,3,1,24,8,1,0,0,0,4,0,0,,,,,,,,
0,/home/capc1/ProfitabilityTool-new-27-07-26/ProfitabilityTool/capc_dataset_work_RyrnQw/feature_variants/fmaCompute_serial_N_101.c,1,101,3,0,5,0,5,0,0,0,0,0,0,5,3,1,24,8,1,0,0,0,4,0,0,,,,,,,,
0,/home/capc1/ProfitabilityTool-new-27-07-26/ProfitabilityTool/capc_dataset_work_RyrnQw/feature_variants/fmaCompute_serial_N_102.c,1,102,3,0,5,0,5,0,0,0,0,0,0,5,3,1,24,8,1,0,0,0,4,0,0,,,,,,,,
0,/home/capc1/ProfitabilityTool-new-27-07-26/ProfitabilityTool/capc_dataset_work_RyrnQw/feature_variants/fmaCompute_serial_N_103.c,1,103,3,0,5,0,5,0,0,0,0,0,0,5,3,1,24,8,1,0,0,0,4,0,0,,,,,,,,
0,/home/capc1/ProfitabilityTool-new-27-07-26/ProfitabilityTool/capc_dataset_work_RyrnQw/feature_variants/fmaCompute_serial_N_104.c,1,104,3,0,5,0,5,0,0,0,0,0,0,5,3,1,24,8,1,0,0,0,4,0,0,,,,,,,,
0,/home/capc1/ProfitabilityTool-new-27-07-26/ProfitabilityTool/capc_dataset_work_RyrnQw/feature_variants/fmaCompute_serial_N_105.c,1,105,3,0,5,0,5,0,0,0,0,0,0,5,3,1,24,8,1,0,0,0,4,0,0,,,,,,,,
0,/home/capc1/ProfitabilityTool-new-27-07-26/ProfitabilityTool/capc_dataset_work_RyrnQw/feature_variants/fmaCompute_serial_N_106.c,1,106,3,0,5,0,5,0,0,0,0,0,0,5,3,1,24,8,1,0,0,0,4,0,0,,,,,,,,
0,/home/capc1/ProfitabilityTool-new-27-07-26/ProfitabilityTool/capc_dataset_work_RyrnQw/feature_variants/fmaCompute_serial_N_107.c,1,107,3,0,5,0,5,0,0,0,0,0,0,5,3,1,24,8,1,0,0,0,4,0,0,,,,,,,,
0,/home/capc1/ProfitabilityTool-new-27-07-26/ProfitabilityTool/capc_dataset_work_RyrnQw/feature_variants/fmaCompute_serial_N_108.c,1,108,3,0,5,0,5,0,0,0,0,0,0,5,3,1,24,8,1,0,0,0,4,0,0,,,,,,,,
0,/home/capc1/ProfitabilityTool-new-27-07-26/ProfitabilityTool/capc_dataset_work_RyrnQw/feature_variants/fmaCompute_serial_N_109.c,1,109,3,0,5,0,5,0,0,0,0,0,0,5,3,1,24,8,1,0,0,0,4,0,0,,,,,,,,
0,/home/capc1/ProfitabilityTool-new-27-07-26/ProfitabilityTool/capc_dataset_work_RyrnQw/feature_variants/fmaCompute_serial_N_110.c,1,110,3,0,5,0,5,0,0,0,0,0,0,5,3,1,24,8,1,0,0,0,4,0,0,,,,,,,,
0,/home/capc1/ProfitabilityTool-new-27-07-26/ProfitabilityTool/capc_dataset_work_RyrnQw/feature_variants/fmaCompute_serial_N_111.c,1,111,3,0,5,0,5,0,0,0,0,0,0,5,3,1,24,8,1,0,0,0,4,0,0,,,,,,,,
0,/home/capc1/ProfitabilityTool-new-27-07-26/ProfitabilityTool/capc_dataset_work_RyrnQw/feature_variants/fmaCompute_serial_N_112.c,1,112,3,0,5,0,5,0,0,0,0,0,0,5,3,1,24,8,1,0,0,0,4,0,0,,,,,,,,
0,/home/capc1/ProfitabilityTool-new-27-07-26/ProfitabilityTool/capc_dataset_work_RyrnQw/feature_variants/fmaCompute_serial_N_113.c,1,113,3,0,5,0,5,0,0,0,0,0,0,5,3,1,24,8,1,0,0,0,4,0,0,,,,,,,,
0,/home/capc1/ProfitabilityTool-new-27-07-26/ProfitabilityTool/capc_dataset_work_RyrnQw/feature_variants/fmaCompute_serial_N_114.c,1,114,3,0,5,0,5,0,0,0,0,0,0,5,3,1,24,8,1,0,0,0,4,0,0,,,,,,,,
0,/home/capc1/ProfitabilityTool-new-27-07-26/ProfitabilityTool/capc_dataset_work_RyrnQw/feature_variants/fmaCompute_serial_N_115.c,1,115,3,0,5,0,5,0,0,0,0,0,0,5,3,1,24,8,1,0,0,0,4,0,0,,,,,,,,
0,/home/capc1/ProfitabilityTool-new-27-07-26/ProfitabilityTool/capc_dataset_work_RyrnQw/feature_variants/fmaCompute_serial_N_116.c,1,116,3,0,5,0,5,0,0,0,0,0,0,5,3,1,24,8,1,0,0,0,4,0,0,,,,,,,,
0,/home/capc1/ProfitabilityTool-new-27-07-26/ProfitabilityTool/capc_dataset_work_RyrnQw/feature_variants/fmaCompute_serial_N_117.c,1,117,3,0,5,0,5,0,0,0,0,0,0,5,3,1,24,8,1,0,0,0,4,0,0,,,,,,,,
0,/home/capc1/ProfitabilityTool-new-27-07-26/ProfitabilityTool/capc_dataset_work_RyrnQw/feature_variants/fmaCompute_serial_N_118.c,1,118,3,0,5,0,5,0,0,0,0,0,0,5,3,1,24,8,1,0,0,0,4,0,0,,,,,,,,
0,/home/capc1/ProfitabilityTool-new-27-07-26/ProfitabilityTool/capc_dataset_work_RyrnQw/feature_variants/fmaCompute_serial_N_119.c,1,119,3,0,5,0,5,0,0,0,0,0,0,5,3,1,24,8,1,0,0,0,4,0,0,,,,,,,,
0,/home/capc1/ProfitabilityTool-new-27-07-26/ProfitabilityTool/capc_dataset_work_RyrnQw/feature_variants/fmaCompute_serial_N_120.c,1,120,3,0,5,0,5,0,0,0,0,0,0,5,3,1,24,8,1,0,0,0,4,0,0,,,,,,,,
0,/home/capc1/ProfitabilityTool-new-27-07-26/ProfitabilityTool/capc_dataset_work_RyrnQw/feature_variants/fmaCompute_serial_N_121.c,1,121,3,0,5,0,5,0,0,0,0,0,0,5,3,1,24,8,1,0,0,0,4,0,0,,,,,,,,
0,/home/capc1/ProfitabilityTool-new-27-07-26/ProfitabilityTool/capc_dataset_work_RyrnQw/feature_variants/fmaCompute_serial_N_122.c,1,122,3,0,5,0,5,0,0,0,0,0,0,5,3,1,24,8,1,0,0,0,4,0,0,,,,,,,,
0,/home/capc1/ProfitabilityTool-new-27-07-26/ProfitabilityTool/capc_dataset_work_RyrnQw/feature_variants/fmaCompute_serial_N_123.c,1,123,3,0,5,0,5,0,0,0,0,0,0,5,3,1,24,8,1,0,0,0,4,0,0,,,,,,,,
0,/home/capc1/ProfitabilityTool-new-27-07-26/ProfitabilityTool/capc_dataset_work_RyrnQw/feature_variants/fmaCompute_serial_N_124.c,1,124,3,0,5,0,5,0,0,0,0,0,0,5,3,1,24,8,1,0,0,0,4,0,0,,,,,,,,
0,/home/capc1/ProfitabilityTool-new-27-07-26/ProfitabilityTool/capc_dataset_work_RyrnQw/feature_variants/fmaCompute_serial_N_125.c,1,125,3,0,5,0,5,0,0,0,0,0,0,5,3,1,24,8,1,0,0,0,4,0,0,,,,,,,,
0,/home/capc1/ProfitabilityTool-new-27-07-26/ProfitabilityTool/capc_dataset_work_RyrnQw/feature_variants/fmaCompute_serial_N_126.c,1,126,3,0,5,0,5,0,0,0,0,0,0,5,3,1,24,8,1,0,0,0,4,0,0,,,,,,,,
0,/home/capc1/ProfitabilityTool-new-27-07-26/ProfitabilityTool/capc_dataset_work_RyrnQw/feature_variants/fmaCompute_serial_N_127.c,1,127,3,0,5,0,5,0,0,0,0,0,0,5,3,1,24,8,1,0,0,0,4,0,0,,,,,,,,
0,/home/capc1/ProfitabilityTool-new-27-07-26/ProfitabilityTool/capc_dataset_work_RyrnQw/feature_variants/fmaCompute_serial_N_128.c,1,128,3,0,5,0,5,0,0,0,0,0,0,5,3,1,24,8,1,0,0,0,4,0,0,,,,,,,,
0,/home/capc1/ProfitabilityTool-new-27-07-26/ProfitabilityTool/capc_dataset_work_RyrnQw/feature_variants/fmaCompute_serial_N_129.c,1,129,3,0,5,0,5,0,0,0,0,0,0,5,3,1,24,8,1,0,0,0,4,0,0,,,,,,,,
0,/home/capc1/ProfitabilityTool-new-27-07-26/ProfitabilityTool/capc_dataset_work_RyrnQw/feature_variants/fmaCompute_serial_N_130.c,1,130,3,0,5,0,5,0,0,0,0,0,0,5,3,1,24,8,1,0,0,0,4,0,0,,,,,,,,
0,/home/capc1/ProfitabilityTool-new-27-07-26/ProfitabilityTool/capc_dataset_work_RyrnQw/feature_variants/fmaCompute_serial_N_131.c,1,131,3,0,5,0,5,0,0,0,0,0,0,5,3,1,24,8,1,0,0,0,4,0,0,,,,,,,,
0,/home/capc1/ProfitabilityTool-new-27-07-26/ProfitabilityTool/capc_dataset_work_RyrnQw/feature_variants/fmaCompute_serial_N_132.c,1,132,3,0,5,0,5,0,0,0,0,0,0,5,3,1,24,8,1,0,0,0,4,0,0,,,,,,,,
0,/home/capc1/ProfitabilityTool-new-27-07-26/ProfitabilityTool/capc_dataset_work_RyrnQw/feature_variants/fmaCompute_serial_N_133.c,1,133,3,0,5,0,5,0,0,0,0,0,0,5,3,1,24,8,1,0,0,0,4,0,0,,,,,,,,
0,/home/capc1/ProfitabilityTool-new-27-07-26/ProfitabilityTool/capc_dataset_work_RyrnQw/feature_variants/fmaCompute_serial_N_134.c,1,134,3,0,5,0,5,0,0,0,0,0,0,5,3,1,24,8,1,0,0,0,4,0,0,,,,,,,,
0,/home/capc1/ProfitabilityTool-new-27-07-26/ProfitabilityTool/capc_dataset_work_RyrnQw/feature_variants/fmaCompute_serial_N_135.c,1,135,3,0,5,0,5,0,0,0,0,0,0,5,3,1,24,8,1,0,0,0,4,0,0,,,,,,,,
0,/home/capc1/ProfitabilityTool-new-27-07-26/ProfitabilityTool/capc_dataset_work_RyrnQw/feature_variants/fmaCompute_serial_N_136.c,1,136,3,0,5,0,5,0,0,0,0,0,0,5,3,1,24,8,1,0,0,0,4,0,0,,,,,,,,
0,/home/capc1/ProfitabilityTool-new-27-07-26/ProfitabilityTool/capc_dataset_work_RyrnQw/feature_variants/fmaCompute_serial_N_137.c,1,137,3,0,5,0,5,0,0,0,0,0,0,5,3,1,24,8,1,0,0,0,4,0,0,,,,,,,,
0,/home/capc1/ProfitabilityTool-new-27-07-26/ProfitabilityTool/capc_dataset_work_RyrnQw/feature_variants/fmaCompute_serial_N_138.c,1,138,3,0,5,0,5,0,0,0,0,0,0,5,3,1,24,8,1,0,0,0,4,0,0,,,,,,,,
0,/home/capc1/ProfitabilityTool-new-27-07-26/ProfitabilityTool/capc_dataset_work_RyrnQw/feature_variants/fmaCompute_serial_N_139.c,1,139,3,0,5,0,5,0,0,0,0,0,0,5,3,1,24,8,1,0,0,0,4,0,0,,,,,,,,
0,/home/capc1/ProfitabilityTool-new-27-07-26/ProfitabilityTool/capc_dataset_work_RyrnQw/feature_variants/fmaCompute_serial_N_140.c,1,140,3,0,5,0,5,0,0,0,0,0,0,5,3,1,24,8,1,0,0,0,4,0,0,,,,,,,,
0,/home/capc1/ProfitabilityTool-new-27-07-26/ProfitabilityTool/capc_dataset_work_RyrnQw/feature_variants/fmaCompute_serial_N_141.c,1,141,3,0,5,0,5,0,0,0,0,0,0,5,3,1,24,8,1,0,0,0,4,0,0,,,,,,,,
0,/home/capc1/ProfitabilityTool-new-27-07-26/ProfitabilityTool/capc_dataset_work_RyrnQw/feature_variants/fmaCompute_serial_N_142.c,1,142,3,0,5,0,5,0,0,0,0,0,0,5,3,1,24,8,1,0,0,0,4,0,0,,,,,,,,
0,/home/capc1/ProfitabilityTool-new-27-07-26/ProfitabilityTool/capc_dataset_work_RyrnQw/feature_variants/fmaCompute_serial_N_143.c,1,143,3,0,5,0,5,0,0,0,0,0,0,5,3,1,24,8,1,0,0,0,4,0,0,,,,,,,,
0,/home/capc1/ProfitabilityTool-new-27-07-26/ProfitabilityTool/capc_dataset_work_RyrnQw/feature_variants/fmaCompute_serial_N_144.c,1,144,3,0,5,0,5,0,0,0,0,0,0,5,3,1,24,8,1,0,0,0,4,0,0,,,,,,,,
0,/home/capc1/ProfitabilityTool-new-27-07-26/ProfitabilityTool/capc_dataset_work_RyrnQw/feature_variants/fmaCompute_serial_N_145.c,1,145,3,0,5,0,5,0,0,0,0,0,0,5,3,1,24,8,1,0,0,0,4,0,0,,,,,,,,
0,/home/capc1/ProfitabilityTool-new-27-07-26/ProfitabilityTool/capc_dataset_work_RyrnQw/feature_variants/fmaCompute_serial_N_146.c,1,146,3,0,5,0,5,0,0,0,0,0,0,5,3,1,24,8,1,0,0,0,4,0,0,,,,,,,,
0,/home/capc1/ProfitabilityTool-new-27-07-26/ProfitabilityTool/capc_dataset_work_RyrnQw/feature_variants/fmaCompute_serial_N_147.c,1,147,3,0,5,0,5,0,0,0,0,0,0,5,3,1,24,8,1,0,0,0,4,0,0,,,,,,,,
0,/home/capc1/ProfitabilityTool-new-27-07-26/ProfitabilityTool/capc_dataset_work_RyrnQw/feature_variants/fmaCompute_serial_N_148.c,1,148,3,0,5,0,5,0,0,0,0,0,0,5,3,1,24,8,1,0,0,0,4,0,0,,,,,,,,
0,/home/capc1/ProfitabilityTool-new-27-07-26/ProfitabilityTool/capc_dataset_work_RyrnQw/feature_variants/fmaCompute_serial_N_149.c,1,149,3,0,5,0,5,0,0,0,0,0,0,5,3,1,24,8,1,0,0,0,4,0,0,,,,,,,,
0,/home/capc1/ProfitabilityTool-new-27-07-26/ProfitabilityTool/capc_dataset_work_RyrnQw/feature_variants/fmaCompute_serial_N_150.c,1,150,3,0,5,0,5,0,0,0,0,0,0,5,3,1,24,8,1,0,0,0,4,0,0,,,,,,,,
0,/home/capc1/ProfitabilityTool-new-27-07-26/ProfitabilityTool/capc_dataset_work_RyrnQw/feature_variants/fmaCompute_serial_N_151.c,1,151,3,0,5,0,5,0,0,0,0,0,0,5,3,1,24,8,1,0,0,0,4,0,0,,,,,,,,
0,/home/capc1/ProfitabilityTool-new-27-07-26/ProfitabilityTool/capc_dataset_work_RyrnQw/feature_variants/fmaCompute_serial_N_152.c,1,152,3,0,5,0,5,0,0,0,0,0,0,5,3,1,24,8,1,0,0,0,4,0,0,,,,,,,,
0,/home/capc1/ProfitabilityTool-new-27-07-26/ProfitabilityTool/capc_dataset_work_RyrnQw/feature_variants/fmaCompute_serial_N_153.c,1,153,3,0,5,0,5,0,0,0,0,0,0,5,3,1,24,8,1,0,0,0,4,0,0,,,,,,,,
0,/home/capc1/ProfitabilityTool-new-27-07-26/ProfitabilityTool/capc_dataset_work_RyrnQw/feature_variants/fmaCompute_serial_N_154.c,1,154,3,0,5,0,5,0,0,0,0,0,0,5,3,1,24,8,1,0,0,0,4,0,0,,,,,,,,
0,/home/capc1/ProfitabilityTool-new-27-07-26/ProfitabilityTool/capc_dataset_work_RyrnQw/feature_variants/fmaCompute_serial_N_155.c,1,155,3,0,5,0,5,0,0,0,0,0,0,5,3,1,24,8,1,0,0,0,4,0,0,,,,,,,,
0,/home/capc1/ProfitabilityTool-new-27-07-26/ProfitabilityTool/capc_dataset_work_RyrnQw/feature_variants/fmaCompute_serial_N_156.c,1,156,3,0,5,0,5,0,0,0,0,0,0,5,3,1,24,8,1,0,0,0,4,0,0,,,,,,,,
0,/home/capc1/ProfitabilityTool-new-27-07-26/ProfitabilityTool/capc_dataset_work_RyrnQw/feature_variants/fmaCompute_serial_N_157.c,1,157,3,0,5,0,5,0,0,0,0,0,0,5,3,1,24,8,1,0,0,0,4,0,0,,,,,,,,
0,/home/capc1/ProfitabilityTool-new-27-07-26/ProfitabilityTool/capc_dataset_work_RyrnQw/feature_variants/fmaCompute_serial_N_158.c,1,158,3,0,5,0,5,0,0,0,0,0,0,5,3,1,24,8,1,0,0,0,4,0,0,,,,,,,,
0,/home/capc1/ProfitabilityTool-new-27-07-26/ProfitabilityTool/capc_dataset_work_RyrnQw/feature_variants/fmaCompute_serial_N_159.c,1,159,3,0,5,0,5,0,0,0,0,0,0,5,3,1,24,8,1,0,0,0,4,0,0,,,,,,,,
0,/home/capc1/ProfitabilityTool-new-27-07-26/ProfitabilityTool/capc_dataset_work_RyrnQw/feature_variants/fmaCompute_serial_N_160.c,1,160,3,0,5,0,5,0,0,0,0,0,0,5,3,1,24,8,1,0,0,0,4,0,0,,,,,,,,
0,/home/capc1/ProfitabilityTool-new-27-07-26/ProfitabilityTool/capc_dataset_work_RyrnQw/feature_variants/fmaCompute_serial_N_161.c,1,161,3,0,5,0,5,0,0,0,0,0,0,5,3,1,24,8,1,0,0,0,4,0,0,,,,,,,,
0,/home/capc1/ProfitabilityTool-new-27-07-26/ProfitabilityTool/capc_dataset_work_RyrnQw/feature_variants/fmaCompute_serial_N_162.c,1,162,3,0,5,0,5,0,0,0,0,0,0,5,3,1,24,8,1,0,0,0,4,0,0,,,,,,,,
0,/home/capc1/ProfitabilityTool-new-27-07-26/ProfitabilityTool/capc_dataset_work_RyrnQw/feature_variants/fmaCompute_serial_N_163.c,1,163,3,0,5,0,5,0,0,0,0,0,0,5,3,1,24,8,1,0,0,0,4,0,0,,,,,,,,
0,/home/capc1/ProfitabilityTool-new-27-07-26/ProfitabilityTool/capc_dataset_work_RyrnQw/feature_variants/fmaCompute_serial_N_164.c,1,164,3,0,5,0,5,0,0,0,0,0,0,5,3,1,24,8,1,0,0,0,4,0,0,,,,,,,,
0,/home/capc1/ProfitabilityTool-new-27-07-26/ProfitabilityTool/capc_dataset_work_RyrnQw/feature_variants/fmaCompute_serial_N_165.c,1,165,3,0,5,0,5,0,0,0,0,0,0,5,3,1,24,8,1,0,0,0,4,0,0,,,,,,,,
0,/home/capc1/ProfitabilityTool-new-27-07-26/ProfitabilityTool/capc_dataset_work_RyrnQw/feature_variants/fmaCompute_serial_N_166.c,1,166,3,0,5,0,5,0,0,0,0,0,0,5,3,1,24,8,1,0,0,0,4,0,0,,,,,,,,
0,/home/capc1/ProfitabilityTool-new-27-07-26/ProfitabilityTool/capc_dataset_work_RyrnQw/feature_variants/fmaCompute_serial_N_167.c,1,167,3,0,5,0,5,0,0,0,0,0,0,5,3,1,24,8,1,0,0,0,4,0,0,,,,,,,,
0,/home/capc1/ProfitabilityTool-new-27-07-26/ProfitabilityTool/capc_dataset_work_RyrnQw/feature_variants/fmaCompute_serial_N_168.c,1,168,3,0,5,0,5,0,0,0,0,0,0,5,3,1,24,8,1,0,0,0,4,0,0,,,,,,,,
0,/home/capc1/ProfitabilityTool-new-27-07-26/ProfitabilityTool/capc_dataset_work_RyrnQw/feature_variants/fmaCompute_serial_N_169.c,1,169,3,0,5,0,5,0,0,0,0,0,0,5,3,1,24,8,1,0,0,0,4,0,0,,,,,,,,
0,/home/capc1/ProfitabilityTool-new-27-07-26/ProfitabilityTool/capc_dataset_work_RyrnQw/feature_variants/fmaCompute_serial_N_170.c,1,170,3,0,5,0,5,0,0,0,0,0,0,5,3,1,24,8,1,0,0,0,4,0,0,,,,,,,,
0,/home/capc1/ProfitabilityTool-new-27-07-26/ProfitabilityTool/capc_dataset_work_RyrnQw/feature_variants/fmaCompute_serial_N_171.c,1,171,3,0,5,0,5,0,0,0,0,0,0,5,3,1,24,8,1,0,0,0,4,0,0,,,,,,,,
0,/home/capc1/ProfitabilityTool-new-27-07-26/ProfitabilityTool/capc_dataset_work_RyrnQw/feature_variants/fmaCompute_serial_N_172.c,1,172,3,0,5,0,5,0,0,0,0,0,0,5,3,1,24,8,1,0,0,0,4,0,0,,,,,,,,
0,/home/capc1/ProfitabilityTool-new-27-07-26/ProfitabilityTool/capc_dataset_work_RyrnQw/feature_variants/fmaCompute_serial_N_173.c,1,173,3,0,5,0,5,0,0,0,0,0,0,5,3,1,24,8,1,0,0,0,4,0,0,,,,,,,,
0,/home/capc1/ProfitabilityTool-new-27-07-26/ProfitabilityTool/capc_dataset_work_RyrnQw/feature_variants/fmaCompute_serial_N_174.c,1,174,3,0,5,0,5,0,0,0,0,0,0,5,3,1,24,8,1,0,0,0,4,0,0,,,,,,,,
0,/home/capc1/ProfitabilityTool-new-27-07-26/ProfitabilityTool/capc_dataset_work_RyrnQw/feature_variants/fmaCompute_serial_N_175.c,1,175,3,0,5,0,5,0,0,0,0,0,0,5,3,1,24,8,1,0,0,0,4,0,0,,,,,,,,
0,/home/capc1/ProfitabilityTool-new-27-07-26/ProfitabilityTool/capc_dataset_work_RyrnQw/feature_variants/fmaCompute_serial_N_176.c,1,176,3,0,5,0,5,0,0,0,0,0,0,5,3,1,24,8,1,0,0,0,4,0,0,,,,,,,,
0,/home/capc1/ProfitabilityTool-new-27-07-26/ProfitabilityTool/capc_dataset_work_RyrnQw/feature_variants/fmaCompute_serial_N_177.c,1,177,3,0,5,0,5,0,0,0,0,0,0,5,3,1,24,8,1,0,0,0,4,0,0,,,,,,,,
0,/home/capc1/ProfitabilityTool-new-27-07-26/ProfitabilityTool/capc_dataset_work_RyrnQw/feature_variants/fmaCompute_serial_N_178.c,1,178,3,0,5,0,5,0,0,0,0,0,0,5,3,1,24,8,1,0,0,0,4,0,0,,,,,,,,
0,/home/capc1/ProfitabilityTool-new-27-07-26/ProfitabilityTool/capc_dataset_work_RyrnQw/feature_variants/fmaCompute_serial_N_179.c,1,179,3,0,5,0,5,0,0,0,0,0,0,5,3,1,24,8,1,0,0,0,4,0,0,,,,,,,,
0,/home/capc1/ProfitabilityTool-new-27-07-26/ProfitabilityTool/capc_dataset_work_RyrnQw/feature_variants/fmaCompute_serial_N_180.c,1,180,3,0,5,0,5,0,0,0,0,0,0,5,3,1,24,8,1,0,0,0,4,0,0,,,,,,,,
0,/home/capc1/ProfitabilityTool-new-27-07-26/ProfitabilityTool/capc_dataset_work_RyrnQw/feature_variants/fmaCompute_serial_N_181.c,1,181,3,0,5,0,5,0,0,0,0,0,0,5,3,1,24,8,1,0,0,0,4,0,0,,,,,,,,
0,/home/capc1/ProfitabilityTool-new-27-07-26/ProfitabilityTool/capc_dataset_work_RyrnQw/feature_variants/fmaCompute_serial_N_182.c,1,182,3,0,5,0,5,0,0,0,0,0,0,5,3,1,24,8,1,0,0,0,4,0,0,,,,,,,,
0,/home/capc1/ProfitabilityTool-new-27-07-26/ProfitabilityTool/capc_dataset_work_RyrnQw/feature_variants/fmaCompute_serial_N_183.c,1,183,3,0,5,0,5,0,0,0,0,0,0,5,3,1,24,8,1,0,0,0,4,0,0,,,,,,,,
0,/home/capc1/ProfitabilityTool-new-27-07-26/ProfitabilityTool/capc_dataset_work_RyrnQw/feature_variants/fmaCompute_serial_N_184.c,1,184,3,0,5,0,5,0,0,0,0,0,0,5,3,1,24,8,1,0,0,0,4,0,0,,,,,,,,
0,/home/capc1/ProfitabilityTool-new-27-07-26/ProfitabilityTool/capc_dataset_work_RyrnQw/feature_variants/fmaCompute_serial_N_185.c,1,185,3,0,5,0,5,0,0,0,0,0,0,5,3,1,24,8,1,0,0,0,4,0,0,,,,,,,,
0,/home/capc1/ProfitabilityTool-new-27-07-26/ProfitabilityTool/capc_dataset_work_RyrnQw/feature_variants/fmaCompute_serial_N_186.c,1,186,3,0,5,0,5,0,0,0,0,0,0,5,3,1,24,8,1,0,0,0,4,0,0,,,,,,,,
0,/home/capc1/ProfitabilityTool-new-27-07-26/ProfitabilityTool/capc_dataset_work_RyrnQw/feature_variants/fmaCompute_serial_N_187.c,1,187,3,0,5,0,5,0,0,0,0,0,0,5,3,1,24,8,1,0,0,0,4,0,0,,,,,,,,
0,/home/capc1/ProfitabilityTool-new-27-07-26/ProfitabilityTool/capc_dataset_work_RyrnQw/feature_variants/fmaCompute_serial_N_188.c,1,188,3,0,5,0,5,0,0,0,0,0,0,5,3,1,24,8,1,0,0,0,4,0,0,,,,,,,,
0,/home/capc1/ProfitabilityTool-new-27-07-26/ProfitabilityTool/capc_dataset_work_RyrnQw/feature_variants/fmaCompute_serial_N_189.c,1,189,3,0,5,0,5,0,0,0,0,0,0,5,3,1,24,8,1,0,0,0,4,0,0,,,,,,,,
0,/home/capc1/ProfitabilityTool-new-27-07-26/ProfitabilityTool/capc_dataset_work_RyrnQw/feature_variants/fmaCompute_serial_N_190.c,1,190,3,0,5,0,5,0,0,0,0,0,0,5,3,1,24,8,1,0,0,0,4,0,0,,,,,,,,
0,/home/capc1/ProfitabilityTool-new-27-07-26/ProfitabilityTool/capc_dataset_work_RyrnQw/feature_variants/fmaCompute_serial_N_191.c,1,191,3,0,5,0,5,0,0,0,0,0,0,5,3,1,24,8,1,0,0,0,4,0,0,,,,,,,,
0,/home/capc1/ProfitabilityTool-new-27-07-26/ProfitabilityTool/capc_dataset_work_RyrnQw/feature_variants/fmaCompute_serial_N_192.c,1,192,3,0,5,0,5,0,0,0,0,0,0,5,3,1,24,8,1,0,0,0,4,0,0,,,,,,,,
0,/home/capc1/ProfitabilityTool-new-27-07-26/ProfitabilityTool/capc_dataset_work_RyrnQw/feature_variants/fmaCompute_serial_N_193.c,1,193,3,0,5,0,5,0,0,0,0,0,0,5,3,1,24,8,1,0,0,0,4,0,0,,,,,,,,
0,/home/capc1/ProfitabilityTool-new-27-07-26/ProfitabilityTool/capc_dataset_work_RyrnQw/feature_variants/fmaCompute_serial_N_194.c,1,194,3,0,5,0,5,0,0,0,0,0,0,5,3,1,24,8,1,0,0,0,4,0,0,,,,,,,,
0,/home/capc1/ProfitabilityTool-new-27-07-26/ProfitabilityTool/capc_dataset_work_RyrnQw/feature_variants/fmaCompute_serial_N_195.c,1,195,3,0,5,0,5,0,0,0,0,0,0,5,3,1,24,8,1,0,0,0,4,0,0,,,,,,,,
0,/home/capc1/ProfitabilityTool-new-27-07-26/ProfitabilityTool/capc_dataset_work_RyrnQw/feature_variants/fmaCompute_serial_N_196.c,1,196,3,0,5,0,5,0,0,0,0,0,0,5,3,1,24,8,1,0,0,0,4,0,0,,,,,,,,
0,/home/capc1/ProfitabilityTool-new-27-07-26/ProfitabilityTool/capc_dataset_work_RyrnQw/feature_variants/fmaCompute_serial_N_197.c,1,197,3,0,5,0,5,0,0,0,0,0,0,5,3,1,24,8,1,0,0,0,4,0,0,,,,,,,,
0,/home/capc1/ProfitabilityTool-new-27-07-26/ProfitabilityTool/capc_dataset_work_RyrnQw/feature_variants/fmaCompute_serial_N_198.c,1,198,3,0,5,0,5,0,0,0,0,0,0,5,3,1,24,8,1,0,0,0,4,0,0,,,,,,,,
0,/home/capc1/ProfitabilityTool-new-27-07-26/ProfitabilityTool/capc_dataset_work_RyrnQw/feature_variants/fmaCompute_serial_N_199.c,1,199,3,0,5,0,5,0,0,0,0,0,0,5,3,1,24,8,1,0,0,0,4,0,0,,,,,,,,
0,/home/capc1/ProfitabilityTool-new-27-07-26/ProfitabilityTool/capc_dataset_work_RyrnQw/feature_variants/fmaCompute_serial_N_200.c,1,200,3,0,5,0,5,0,0,0,0,0,0,5,3,1,24,8,1,0,0,0,4,0,0,,,,,,,,
0,/home/capc1/ProfitabilityTool-new-27-07-26/ProfitabilityTool/capc_dataset_work_RyrnQw/feature_variants/fmaCompute_serial_N_300.c,1,300,3,0,5,0,5,0,0,0,0,0,0,5,3,1,24,8,1,0,0,0,4,0,0,,,,,,,,
0,/home/capc1/ProfitabilityTool-new-27-07-26/ProfitabilityTool/capc_dataset_work_RyrnQw/feature_variants/fmaCompute_serial_N_400.c,1,400,3,0,5,0,5,0,0,0,0,0,0,5,3,1,24,8,1,0,0,0,4,0,0,,,,,,,,
0,/home/capc1/ProfitabilityTool-new-27-07-26/ProfitabilityTool/capc_dataset_work_RyrnQw/feature_variants/fmaCompute_serial_N_500.c,1,500,3,0,5,0,5,0,0,0,0,0,0,5,3,1,24,8,1,0,0,0,4,0,0,,,,,,,,
0,/home/capc1/ProfitabilityTool-new-27-07-26/ProfitabilityTool/capc_dataset_work_RyrnQw/feature_variants/fmaCompute_serial_N_600.c,1,600,3,0,5,0,5,0,0,0,0,0,0,5,3,1,24,8,1,0,0,0,4,0,0,,,,,,,,
0,/home/capc1/ProfitabilityTool-new-27-07-26/ProfitabilityTool/capc_dataset_work_RyrnQw/feature_variants/fmaCompute_serial_N_700.c,1,700,3,0,5,0,5,0,0,0,0,0,0,5,3,1,24,8,1,0,0,0,4,0,0,,,,,,,,
0,/home/capc1/ProfitabilityTool-new-27-07-26/ProfitabilityTool/capc_dataset_work_RyrnQw/feature_variants/fmaCompute_serial_N_800.c,1,800,3,0,5,0,5,0,0,0,0,0,0,5,3,1,24,8,1,0,0,0,4,0,0,,,,,,,,
0,/home/capc1/ProfitabilityTool-new-27-07-26/ProfitabilityTool/capc_dataset_work_RyrnQw/feature_variants/fmaCompute_serial_N_900.c,1,900,3,0,5,0,5,0,0,0,0,0,0,5,3,1,24,8,1,0,0,0,4,0,0,,,,,,,,
0,/home/capc1/ProfitabilityTool-new-27-07-26/ProfitabilityTool/capc_dataset_work_RyrnQw/feature_variants/fmaCompute_serial_N_1000.c,1,1000,3,0,5,0,5,0,0,0,0,0,0,5,3,1,24,8,1,0,0,0,4,0,0,,,,,,,,
0,/home/capc1/ProfitabilityTool-new-27-07-26/ProfitabilityTool/capc_dataset_work_RyrnQw/feature_variants/fmaCompute_serial_N_2000.c,1,2000,3,0,5,0,5,0,0,0,0,0,0,5,3,1,24,8,1,0,0,0,4,0,0,,,,,,,,
0,/home/capc1/ProfitabilityTool-new-27-07-26/ProfitabilityTool/capc_dataset_work_RyrnQw/feature_variants/fmaCompute_serial_N_3000.c,1,3000,3,0,5,0,5,0,0,0,0,0,0,5,3,1,24,8,1,0,0,0,4,0,0,,,,,,,,
0,/home/capc1/ProfitabilityTool-new-27-07-26/ProfitabilityTool/capc_dataset_work_RyrnQw/feature_variants/fmaCompute_serial_N_4000.c,1,4000,3,0,5,0,5,0,0,0,0,0,0,5,3,1,24,8,1,0,0,0,4,0,0,,,,,,,,
0,/home/capc1/ProfitabilityTool-new-27-07-26/ProfitabilityTool/capc_dataset_work_RyrnQw/feature_variants/fmaCompute_serial_N_5000.c,1,5000,3,0,5,0,5,0,0,0,0,0,0,5,3,1,24,8,1,0,0,0,4,0,0,,,,,,,,
0,/home/capc1/ProfitabilityTool-new-27-07-26/ProfitabilityTool/capc_dataset_work_RyrnQw/feature_variants/fmaCompute_serial_N_6000.c,1,6000,3,0,5,0,5,0,0,0,0,0,0,5,3,1,24,8,1,0,0,0,4,0,0,,,,,,,,
0,/home/capc1/ProfitabilityTool-new-27-07-26/ProfitabilityTool/capc_dataset_work_RyrnQw/feature_variants/fmaCompute_serial_N_7000.c,1,7000,3,0,5,0,5,0,0,0,0,0,0,5,3,1,24,8,1,0,0,0,4,0,0,,,,,,,,
0,/home/capc1/ProfitabilityTool-new-27-07-26/ProfitabilityTool/capc_dataset_work_RyrnQw/feature_variants/fmaCompute_serial_N_8000.c,1,8000,3,0,5,0,5,0,0,0,0,0,0,5,3,1,24,8,1,0,0,0,4,0,0,,,,,,,,
0,/home/capc1/ProfitabilityTool-new-27-07-26/ProfitabilityTool/capc_dataset_work_RyrnQw/feature_variants/fmaCompute_serial_N_9000.c,1,9000,3,0,5,0,5,0,0,0,0,0,0,5,3,1,24,8,1,0,0,0,4,0,0,,,,,,,,
0,/home/capc1/ProfitabilityTool-new-27-07-26/ProfitabilityTool/capc_dataset_work_RyrnQw/feature_variants/fmaCompute_serial_N_10000.c,1,10000,3,0,5,0,5,0,0,0,0,0,0,5,3,1,24,8,1,0,0,0,4,0,0,,,,,,,,
0,/home/capc1/ProfitabilityTool-new-27-07-26/ProfitabilityTool/capc_dataset_work_RyrnQw/feature_variants/fmaCompute_serial_N_20000.c,1,20000,3,0,5,0,5,0,0,0,0,0,0,5,3,1,24,8,1,0,0,0,4,0,0,,,,,,,,
0,/home/capc1/ProfitabilityTool-new-27-07-26/ProfitabilityTool/capc_dataset_work_RyrnQw/feature_variants/fmaCompute_serial_N_30000.c,1,30000,3,0,5,0,5,0,0,0,0,0,0,5,3,1,24,8,1,0,0,0,4,0,0,,,,,,,,
0,/home/capc1/ProfitabilityTool-new-27-07-26/ProfitabilityTool/capc_dataset_work_RyrnQw/feature_variants/fmaCompute_serial_N_40000.c,1,40000,3,0,5,0,5,0,0,0,0,0,0,5,3,1,24,8,1,0,0,0,4,0,0,,,,,,,,
0,/home/capc1/ProfitabilityTool-new-27-07-26/ProfitabilityTool/capc_dataset_work_RyrnQw/feature_variants/fmaCompute_serial_N_50000.c,1,50000,3,0,5,0,5,0,0,0,0,0,0,5,3,1,24,8,1,0,0,0,4,0,0,,,,,,,,
0,/home/capc1/ProfitabilityTool-new-27-07-26/ProfitabilityTool/capc_dataset_work_RyrnQw/feature_variants/fmaCompute_serial_N_60000.c,1,60000,3,0,5,0,5,0,0,0,0,0,0,5,3,1,24,8,1,0,0,0,4,0,0,,,,,,,,
0,/home/capc1/ProfitabilityTool-new-27-07-26/ProfitabilityTool/capc_dataset_work_RyrnQw/feature_variants/fmaCompute_serial_N_70000.c,1,70000,3,0,5,0,5,0,0,0,0,0,0,5,3,1,24,8,1,0,0,0,4,0,0,,,,,,,,
0,/home/capc1/ProfitabilityTool-new-27-07-26/ProfitabilityTool/capc_dataset_work_RyrnQw/feature_variants/fmaCompute_serial_N_80000.c,1,80000,3,0,5,0,5,0,0,0,0,0,0,5,3,1,24,8,1,0,0,0,4,0,0,,,,,,,,
0,/home/capc1/ProfitabilityTool-new-27-07-26/ProfitabilityTool/capc_dataset_work_RyrnQw/feature_variants/fmaCompute_serial_N_90000.c,1,90000,3,0,5,0,5,0,0,0,0,0,0,5,3,1,24,8,1,0,0,0,4,0,0,,,,,,,,
0,/home/capc1/ProfitabilityTool-new-27-07-26/ProfitabilityTool/capc_dataset_work_RyrnQw/feature_variants/fmaCompute_serial_N_100000.c,1,100000,3,0,5,0,5,0,0,0,0,0,0,5,3,1,24,8,1,0,0,0,4,0,0,,,,,,,,
0,/home/capc1/ProfitabilityTool-new-27-07-26/ProfitabilityTool/capc_dataset_work_RyrnQw/feature_variants/fmaCompute_serial_N_200000.c,1,200000,3,0,5,0,5,0,0,0,0,0,0,5,3,1,24,8,1,0,0,0,4,0,0,,,,,,,,
0,/home/capc1/ProfitabilityTool-new-27-07-26/ProfitabilityTool/capc_dataset_work_RyrnQw/feature_variants/fmaCompute_serial_N_300000.c,1,300000,3,0,5,0,5,0,0,0,0,0,0,5,3,1,24,8,1,0,0,0,4,0,0,,,,,,,,
0,/home/capc1/ProfitabilityTool-new-27-07-26/ProfitabilityTool/capc_dataset_work_RyrnQw/feature_variants/fmaCompute_serial_N_400000.c,1,400000,3,0,5,0,5,0,0,0,0,0,0,5,3,1,24,8,1,0,0,0,4,0,0,,,,,,,,
0,/home/capc1/ProfitabilityTool-new-27-07-26/ProfitabilityTool/capc_dataset_work_RyrnQw/feature_variants/fmaCompute_serial_N_500000.c,1,500000,3,0,5,0,5,0,0,0,0,0,0,5,3,1,24,8,1,0,0,0,4,0,0,,,,,,,,
0,/home/capc1/ProfitabilityTool-new-27-07-26/ProfitabilityTool/capc_dataset_work_RyrnQw/feature_variants/fmaCompute_serial_N_600000.c,1,600000,3,0,5,0,5,0,0,0,0,0,0,5,3,1,24,8,1,0,0,0,4,0,0,,,,,,,,
0,/home/capc1/ProfitabilityTool-new-27-07-26/ProfitabilityTool/capc_dataset_work_RyrnQw/feature_variants/fmaCompute_serial_N_700000.c,1,700000,3,0,5,0,5,0,0,0,0,0,0,5,3,1,24,8,1,0,0,0,4,0,0,,,,,,,,
0,/home/capc1/ProfitabilityTool-new-27-07-26/ProfitabilityTool/capc_dataset_work_RyrnQw/feature_variants/fmaCompute_serial_N_800000.c,1,800000,3,0,5,0,5,0,0,0,0,0,0,5,3,1,24,8,1,0,0,0,4,0,0,,,,,,,,
0,/home/capc1/ProfitabilityTool-new-27-07-26/ProfitabilityTool/capc_dataset_work_RyrnQw/feature_variants/fmaCompute_serial_N_900000.c,1,900000,3,0,5,0,5,0,0,0,0,0,0,5,3,1,24,8,1,0,0,0,4,0,0,,,,,,,,
0,/home/capc1/ProfitabilityTool-new-27-07-26/ProfitabilityTool/capc_dataset_work_RyrnQw/feature_variants/fmaCompute_serial_N_1000000.c,1,1000000,3,0,5,0,5,0,0,0,0,0,0,5,3,1,24,8,1,0,0,0,4,0,0,,,,,,,,
0,/home/capc1/ProfitabilityTool-new-27-07-26/ProfitabilityTool/capc_dataset_work_RyrnQw/feature_variants/fmaCompute_serial_N_2000000.c,1,2000000,3,0,5,0,5,0,0,0,0,0,0,5,3,1,24,8,1,0,0,0,4,0,0,,,,,,,,
0,/home/capc1/ProfitabilityTool-new-27-07-26/ProfitabilityTool/capc_dataset_work_RyrnQw/feature_variants/fmaCompute_serial_N_3000000.c,1,3000000,3,0,5,0,5,0,0,0,0,0,0,5,3,1,24,8,1,0,0,0,4,0,0,,,,,,,,
0,/home/capc1/ProfitabilityTool-new-27-07-26/ProfitabilityTool/capc_dataset_work_RyrnQw/feature_variants/fmaCompute_serial_N_4000000.c,1,4000000,3,0,5,0,5,0,0,0,0,0,0,5,3,1,24,8,1,0,0,0,4,0,0,,,,,,,,
0,/home/capc1/ProfitabilityTool-new-27-07-26/ProfitabilityTool/capc_dataset_work_RyrnQw/feature_variants/fmaCompute_serial_N_5000000.c,1,5000000,3,0,5,0,5,0,0,0,0,0,0,5,3,1,24,8,1,0,0,0,4,0,0,,,,,,,,
0,/home/capc1/ProfitabilityTool-new-27-07-26/ProfitabilityTool/capc_dataset_work_RyrnQw/feature_variants/fmaCompute_serial_N_6000000.c,1,6000000,3,0,5,0,5,0,0,0,0,0,0,5,3,1,24,8,1,0,0,0,4,0,0,,,,,,,,
0,/home/capc1/ProfitabilityTool-new-27-07-26/ProfitabilityTool/capc_dataset_work_RyrnQw/feature_variants/fmaCompute_serial_N_7000000.c,1,7000000,3,0,5,0,5,0,0,0,0,0,0,5,3,1,24,8,1,0,0,0,4,0,0,,,,,,,,
0,/home/capc1/ProfitabilityTool-new-27-07-26/ProfitabilityTool/capc_dataset_work_RyrnQw/feature_variants/fmaCompute_serial_N_8000000.c,1,8000000,3,0,5,0,5,0,0,0,0,0,0,5,3,1,24,8,1,0,0,0,4,0,0,,,,,,,,
0,/home/capc1/ProfitabilityTool-new-27-07-26/ProfitabilityTool/capc_dataset_work_RyrnQw/feature_variants/fmaCompute_serial_N_9000000.c,1,9000000,3,0,5,0,5,0,0,0,0,0,0,5,3,1,24,8,1,0,0,0,4,0,0,,,,,,,,
0,/home/capc1/ProfitabilityTool-new-27-07-26/ProfitabilityTool/capc_dataset_work_RyrnQw/feature_variants/fmaCompute_serial_N_10000000.c,1,10000000,3,0,5,0,5,0,0,0,0,0,0,5,3,1,24,8,1,0,0,0,4,0,0,,,,,,,,
0,/home/capc1/ProfitabilityTool-new-27-07-26/ProfitabilityTool/capc_dataset_work_RyrnQw/feature_variants/fmaCompute_serial_N_20000000.c,1,20000000,3,0,5,0,5,0,0,0,0,0,0,5,3,1,24,8,1,0,0,0,4,0,0,,,,,,,,
0,/home/capc1/ProfitabilityTool-new-27-07-26/ProfitabilityTool/capc_dataset_work_RyrnQw/feature_variants/fmaCompute_serial_N_30000000.c,1,30000000,3,0,5,0,5,0,0,0,0,0,0,5,3,1,24,8,1,0,0,0,4,0,0,,,,,,,,
0,/home/capc1/ProfitabilityTool-new-27-07-26/ProfitabilityTool/capc_dataset_work_RyrnQw/feature_variants/fmaCompute_serial_N_40000000.c,1,40000000,3,0,5,0,5,0,0,0,0,0,0,5,3,1,24,8,1,0,0,0,4,0,0,,,,,,,,
0,/home/capc1/ProfitabilityTool-new-27-07-26/ProfitabilityTool/capc_dataset_work_RyrnQw/feature_variants/fmaCompute_serial_N_50000000.c,1,50000000,3,0,5,0,5,0,0,0,0,0,0,5,3,1,24,8,1,0,0,0,4,0,0,,,,,,,,
0,/home/capc1/ProfitabilityTool-new-27-07-26/ProfitabilityTool/capc_dataset_work_RyrnQw/feature_variants/fmaCompute_serial_N_60000000.c,1,60000000,3,0,5,0,5,0,0,0,0,0,0,5,3,1,24,8,1,0,0,0,4,0,0,,,,,,,,
0,/home/capc1/ProfitabilityTool-new-27-07-26/ProfitabilityTool/capc_dataset_work_RyrnQw/feature_variants/fmaCompute_serial_N_70000000.c,1,70000000,3,0,5,0,5,0,0,0,0,0,0,5,3,1,24,8,1,0,0,0,4,0,0,,,,,,,,
0,/home/capc1/ProfitabilityTool-new-27-07-26/ProfitabilityTool/capc_dataset_work_RyrnQw/feature_variants/fmaCompute_serial_N_80000000.c,1,80000000,3,0,5,0,5,0,0,0,0,0,0,5,3,1,24,8,1,0,0,0,4,0,0,,,,,,,,
0,/home/capc1/ProfitabilityTool-new-27-07-26/ProfitabilityTool/capc_dataset_work_RyrnQw/feature_variants/fmaCompute_serial_N_90000000.c,1,90000000,3,0,5,0,5,0,0,0,0,0,0,5,3,1,24,8,1,0,0,0,4,0,0,,,,,,,,
0,/home/capc1/ProfitabilityTool-new-27-07-26/ProfitabilityTool/capc_dataset_work_RyrnQw/feature_variants/fmaCompute_serial_N_100000000.c,1,100000000,3,0,5,0,5,0,0,0,0,0,0,5,3,1,24,8,1,0,0,0,4,0,0,,,,,,,,
0,/home/capc1/ProfitabilityTool-new-27-07-26/ProfitabilityTool/capc_dataset_work_RyrnQw/feature_variants/fmaCompute_serial_N_200000000.c,1,200000000,3,0,5,0,5,0,0,0,0,0,0,5,3,1,24,8,1,0,0,0,4,0,0,,,,,,,,
0,/home/capc1/ProfitabilityTool-new-27-07-26/ProfitabilityTool/capc_dataset_work_RyrnQw/feature_variants/fmaCompute_serial_N_300000000.c,1,300000000,3,0,5,0,5,0,0,0,0,0,0,5,3,1,24,8,1,0,0,0,4,0,0,,,,,,,,
0,/home/capc1/ProfitabilityTool-new-27-07-26/ProfitabilityTool/capc_dataset_work_RyrnQw/feature_variants/fmaCompute_serial_N_400000000.c,1,400000000,3,0,5,0,5,0,0,0,0,0,0,5,3,1,24,8,1,0,0,0,4,0,0,,,,,,,,
0,/home/capc1/ProfitabilityTool-new-27-07-26/ProfitabilityTool/capc_dataset_work_RyrnQw/feature_variants/fmaCompute_serial_N_500000000.c,1,500000000,3,0,5,0,5,0,0,0,0,0,0,5,3,1,24,8,1,0,0,0,4,0,0,,,,,,,,
0,/home/capc1/ProfitabilityTool-new-27-07-26/ProfitabilityTool/capc_dataset_work_RyrnQw/feature_variants/fmaCompute_serial_N_600000000.c,1,600000000,3,0,5,0,5,0,0,0,0,0,0,5,3,1,24,8,1,0,0,0,4,0,0,,,,,,,,
0,/home/capc1/ProfitabilityTool-new-27-07-26/ProfitabilityTool/capc_dataset_work_RyrnQw/feature_variants/fmaCompute_serial_N_700000000.c,1,700000000,3,0,5,0,5,0,0,0,0,0,0,5,3,1,24,8,1,0,0,0,4,0,0,,,,,,,,
0,/home/capc1/ProfitabilityTool-new-27-07-26/ProfitabilityTool/capc_dataset_work_RyrnQw/feature_variants/fmaCompute_serial_N_800000000.c,1,800000000,3,0,5,0,5,0,0,0,0,0,0,5,3,1,24,8,1,0,0,0,4,0,0,,,,,,,,
0,/home/capc1/ProfitabilityTool-new-27-07-26/ProfitabilityTool/capc_dataset_work_RyrnQw/feature_variants/fmaCompute_serial_N_900000000.c,1,900000000,3,0,5,0,5,0,0,0,0,0,0,5,3,1,24,8,1,0,0,0,4,0,0,,,,,,,,
0,/home/capc1/ProfitabilityTool-new-27-07-26/ProfitabilityTool/capc_dataset_work_RyrnQw/feature_variants/fmaCompute_serial_N_1000000000.c,1,1000000000,3,0,5,0,5,0,0,0,0,0,0,5,3,1,24,8,1,0,0,0,4,0,0,,,,,,,,
0,/home/capc1/ProfitabilityTool-new-27-07-26/ProfitabilityTool/capc_dataset_work_RyrnQw/feature_variants/functionCallCompute_serial_N_1.c,1,1,0,0,0,0,0,0,0,0,0,0,0,0,0,0,0,0,0,0,0,1,3,0,0,0.000002403,0.027063750,0.000676,0.000748,3.011894,0.000079,0.000151,3.021067
0,/home/capc1/ProfitabilityTool-new-27-07-26/ProfitabilityTool/capc_dataset_work_RyrnQw/feature_variants/functionCallCompute_serial_N_2.c,1,2,0,0,0,0,0,0,0,0,0,0,0,0,0,0,0,0,0,0,0,1,3,0,0,0.000002690,0.032429323,0.000671,0.000744,3.090732,0.000074,0.000143,2.987257
0,/home/capc1/ProfitabilityTool-new-27-07-26/ProfitabilityTool/capc_dataset_work_RyrnQw/feature_variants/functionCallCompute_serial_N_3.c,1,3,0,0,0,0,0,0,0,0,0,0,0,0,0,0,0,0,0,0,0,1,3,0,0,0.000004727,0.030520424,0.000664,0.000737,3.093552,0.000073,0.000141,3.088702
0,/home/capc1/ProfitabilityTool-new-27-07-26/ProfitabilityTool/capc_dataset_work_RyrnQw/feature_variants/functionCallCompute_serial_N_4.c,1,4,0,0,0,0,0,0,0,0,0,0,0,0,0,0,0,0,0,0,0,1,3,0,0,0.000004601,0.027336977,0.000690,0.000774,3.163813,0.000098,0.000186,0.170421
0,/home/capc1/ProfitabilityTool-new-27-07-26/ProfitabilityTool/capc_dataset_work_RyrnQw/feature_variants/functionCallCompute_serial_N_5.c,1,5,0,0,0,0,0,0,0,0,0,0,0,0,0,0,0,0,0,0,0,1,3,0,0,0.000004858,0.030002903,0.000962,0.001084,0.166538,0.000091,0.000176,0.159312
0,/home/capc1/ProfitabilityTool-new-27-07-26/ProfitabilityTool/capc_dataset_work_RyrnQw/feature_variants/functionCallCompute_serial_N_6.c,1,6,0,0,0,0,0,0,0,0,0,0,0,0,0,0,0,0,0,0,0,1,3,0,0,0.000004668,0.028378054,0.000880,0.000990,0.149329,0.000082,0.000166,0.173211
0,/home/capc1/ProfitabilityTool-new-27-07-26/ProfitabilityTool/capc_dataset_work_RyrnQw/feature_variants/functionCallCompute_serial_N_7.c,1,7,0,0,0,0,0,0,0,0,0,0,0,0,0,0,0,0,0,0,0,1,3,0,0,0.000004668,0.028453279,0.000779,0.000875,0.140487,0.000116,0.000228,0.145565
0,/home/capc1/ProfitabilityTool-new-27-07-26/ProfitabilityTool/capc_dataset_work_RyrnQw/feature_variants/functionCallCompute_serial_N_8.c,1,8,0,0,0,0,0,0,0,0,0,0,0,0,0,0,0,0,0,0,0,1,3,0,0,0.000004783,0.028069276,0.000785,0.000874,0.150811,0.000112,0.000221,0.151114
0,/home/capc1/ProfitabilityTool-new-27-07-26/ProfitabilityTool/capc_dataset_work_RyrnQw/feature_variants/functionCallCompute_serial_N_9.c,1,9,0,0,0,0,0,0,0,0,0,0,0,0,0,0,0,0,0,0,0,1,3,0,0,0.000005074,0.026906252,0.000712,0.000785,0.171147,0.000088,0.000172,0.149568
0,/home/capc1/ProfitabilityTool-new-27-07-26/ProfitabilityTool/capc_dataset_work_RyrnQw/feature_variants/functionCallCompute_serial_N_10.c,1,10,0,0,0,0,0,0,0,0,0,0,0,0,0,0,0,0,0,0,0,1,3,0,0,0.000004962,0.026920680,0.000797,0.000887,0.174538,0.000089,0.000173,0.148452
0,/home/capc1/ProfitabilityTool-new-27-07-26/ProfitabilityTool/capc_dataset_work_RyrnQw/feature_variants/functionCallCompute_serial_N_11.c,1,11,0,0,0,0,0,0,0,0,0,0,0,0,0,0,0,0,0,0,0,1,3,0,0,0.000004858,0.028158668,0.000906,0.001023,0.175513,0.000090,0.000177,0.174232
0,/home/capc1/ProfitabilityTool-new-27-07-26/ProfitabilityTool/capc_dataset_work_RyrnQw/feature_variants/functionCallCompute_serial_N_12.c,1,12,0,0,0,0,0,0,0,0,0,0,0,0,0,0,0,0,0,0,0,1,3,0,0,0.000004891,0.027875815,0.000789,0.000882,0.158583,0.000108,0.000211,0.150671
0,/home/capc1/ProfitabilityTool-new-27-07-26/ProfitabilityTool/capc_dataset_work_RyrnQw/feature_variants/functionCallCompute_serial_N_13.c,1,13,0,0,0,0,0,0,0,0,0,0,0,0,0,0,0,0,0,0,0,1,3,0,0,0.000004329,0.029044379,0.000968,0.001091,0.175429,0.000090,0.000174,0.172600
0,/home/capc1/ProfitabilityTool-new-27-07-26/ProfitabilityTool/capc_dataset_work_RyrnQw/feature_variants/functionCallCompute_serial_N_14.c,1,14,0,0,0,0,0,0,0,0,0,0,0,0,0,0,0,0,0,0,0,1,3,0,0,0.000004765,0.027125865,0.000887,0.000996,0.171297,0.000106,0.000209,0.149902
0,/home/capc1/ProfitabilityTool-new-27-07-26/ProfitabilityTool/capc_dataset_work_RyrnQw/feature_variants/functionCallCompute_serial_N_15.c,1,15,0,0,0,0,0,0,0,0,0,0,0,0,0,0,0,0,0,0,0,1,3,0,0,0.000004895,0.028059632,0.000781,0.000872,0.159487,0.000098,0.000193,0.152794
0,/home/capc1/ProfitabilityTool-new-27-07-26/ProfitabilityTool/capc_dataset_work_RyrnQw/feature_variants/functionCallCompute_serial_N_16.c,1,16,0,0,0,0,0,0,0,0,0,0,0,0,0,0,0,0,0,0,0,1,3,0,0,0.000004783,0.026277952,0.000783,0.000873,0.174268,0.000107,0.000213,0.147810
0,/home/capc1/ProfitabilityTool-new-27-07-26/ProfitabilityTool/capc_dataset_work_RyrnQw/feature_variants/functionCallCompute_serial_N_17.c,1,17,0,0,0,0,0,0,0,0,0,0,0,0,0,0,0,0,0,0,0,1,3,0,0,0.000004787,0.028002586,0.000895,0.001009,0.171466,0.000138,0.000264,0.174897
0,/home/capc1/ProfitabilityTool-new-27-07-26/ProfitabilityTool/capc_dataset_work_RyrnQw/feature_variants/functionCallCompute_serial_N_18.c,1,18,0,0,0,0,0,0,0,0,0,0,0,0,0,0,0,0,0,0,0,1,3,0,0,0.000004835,0.028222077,0.000785,0.000875,0.170435,0.000097,0.000191,0.172886
0,/home/capc1/ProfitabilityTool-new-27-07-26/ProfitabilityTool/capc_dataset_work_RyrnQw/feature_variants/functionCallCompute_serial_N_19.c,1,19,0,0,0,0,0,0,0,0,0,0,0,0,0,0,0,0,0,0,0,1,3,0,0,0.000004817,0.035042398,0.000928,0.001047,0.141810,0.000131,0.000252,0.174183
0,/home/capc1/ProfitabilityTool-new-27-07-26/ProfitabilityTool/capc_dataset_work_RyrnQw/feature_variants/functionCallCompute_serial_N_20.c,1,20,0,0,0,0,0,0,0,0,0,0,0,0,0,0,0,0,0,0,0,1,3,0,0,0.000004802,0.028760649,0.000776,0.000862,0.174261,0.000118,0.000229,0.150396
0,/home/capc1/ProfitabilityTool-new-27-07-26/ProfitabilityTool/capc_dataset_work_RyrnQw/feature_variants/functionCallCompute_serial_N_21.c,1,21,0,0,0,0,0,0,0,0,0,0,0,0,0,0,0,0,0,0,0,1,3,0,0,0.000005227,0.027960893,0.000698,0.000782,0.174650,0.000118,0.000232,0.169771
0,/home/capc1/ProfitabilityTool-new-27-07-26/ProfitabilityTool/capc_dataset_work_RyrnQw/feature_variants/functionCallCompute_serial_N_22.c,1,22,0,0,0,0,0,0,0,0,0,0,0,0,0,0,0,0,0,0,0,1,3,0,0,0.000004921,0.041671909,0.000806,0.000903,0.147945,0.000095,0.000186,0.130058
0,/home/capc1/ProfitabilityTool-new-27-07-26/ProfitabilityTool/capc_dataset_work_RyrnQw/feature_variants/functionCallCompute_serial_N_23.c,1,23,0,0,0,0,0,0,0,0,0,0,0,0,0,0,0,0,0,0,0,1,3,0,0,0.000005271,0.028416879,0.000956,0.001095,0.149863,0.000086,0.000170,0.141209
0,/home/capc1/ProfitabilityTool-new-27-07-26/ProfitabilityTool/capc_dataset_work_RyrnQw/feature_variants/functionCallCompute_serial_N_24.c,1,24,0,0,0,0,0,0,0,0,0,0,0,0,0,0,0,0,0,0,0,1,3,0,0,0.000005390,0.026513260,0.000790,0.000879,0.175471,0.000111,0.000220,0.151178
0,/home/capc1/ProfitabilityTool-new-27-07-26/ProfitabilityTool/capc_dataset_work_RyrnQw/feature_variants/functionCallCompute_serial_N_25.c,1,25,0,0,0,0,0,0,0,0,0,0,0,0,0,0,0,0,0,0,0,1,3,0,0,0.000004876,0.027651738,0.000798,0.000888,0.149638,0.000089,0.000173,0.147515
0,/home/capc1/ProfitabilityTool-new-27-07-26/ProfitabilityTool/capc_dataset_work_RyrnQw/feature_variants/functionCallCompute_serial_N_26.c,1,26,0,0,0,0,0,0,0,0,0,0,0,0,0,0,0,0,0,0,0,1,3,0,0,0.000004482,0.030346297,0.000838,0.000939,0.145113,0.000091,0.000179,0.166808
0,/home/capc1/ProfitabilityTool-new-27-07-26/ProfitabilityTool/capc_dataset_work_RyrnQw/feature_variants/functionCallCompute_serial_N_27.c,1,27,0,0,0,0,0,0,0,0,0,0,0,0,0,0,0,0,0,0,0,1,3,0,0,0.000004970,0.028393023,0.000795,0.000885,0.176095,0.000123,0.000239,0.150571
0,/home/capc1/ProfitabilityTool-new-27-07-26/ProfitabilityTool/capc_dataset_work_RyrnQw/feature_variants/functionCallCompute_serial_N_28.c,1,28,0,0,0,0,0,0,0,0,0,0,0,0,0,0,0,0,0,0,0,1,3,0,0,0.000004876,0.028208382,0.000822,0.000920,0.150617,0.000163,0.000316,0.161305
0,/home/capc1/ProfitabilityTool-new-27-07-26/ProfitabilityTool/capc_dataset_work_RyrnQw/feature_variants/functionCallCompute_serial_N_29.c,1,29,0,0,0,0,0,0,0,0,0,0,0,0,0,0,0,0,0,0,0,1,3,0,0,0.000004895,0.029412281,0.000701,0.000774,0.175148,0.000096,0.000190,0.149897
0,/home/capc1/ProfitabilityTool-new-27-07-26/ProfitabilityTool/capc_dataset_work_RyrnQw/feature_variants/functionCallCompute_serial_N_30.c,1,30,0,0,0,0,0,0,0,0,0,0,0,0,0,0,0,0,0,0,0,1,3,0,0,0.000005007,0.028211862,0.000709,0.000784,0.175453,0.000078,0.000154,0.154523
0,/home/capc1/ProfitabilityTool-new-27-07-26/ProfitabilityTool/capc_dataset_work_RyrnQw/feature_variants/functionCallCompute_serial_N_31.c,1,31,0,0,0,0,0,0,0,0,0,0,0,0,0,0,0,0,0,0,0,1,3,0,0,0.000004873,0.028298791,0.000956,0.001080,0.148453,0.000088,0.000171,0.173600
0,/home/capc1/ProfitabilityTool-new-27-07-26/ProfitabilityTool/capc_dataset_work_RyrnQw/feature_variants/functionCallCompute_serial_N_32.c,1,32,0,0,0,0,0,0,0,0,0,0,0,0,0,0,0,0,0,0,0,1,3,0,0,0.000005182,0.034747053,0.000808,0.000900,0.170651,0.000112,0.000222,0.176340
0,/home/capc1/ProfitabilityTool-new-27-07-26/ProfitabilityTool/capc_dataset_work_RyrnQw/feature_variants/functionCallCompute_serial_N_33.c,1,33,0,0,0,0,0,0,0,0,0,0,0,0,0,0,0,0,0,0,0,1,3,0,0,0.000004888,0.026382923,0.000727,0.000805,0.148122,0.000130,0.000251,0.177055
0,/home/capc1/ProfitabilityTool-new-27-07-26/ProfitabilityTool/capc_dataset_work_RyrnQw/feature_variants/functionCallCompute_serial_N_34.c,1,34,0,0,0,0,0,0,0,0,0,0,0,0,0,0,0,0,0,0,0,1,3,0,0,0.000004888,0.027589418,0.000832,0.000931,0.119288,0.000119,0.000234,0.160861
0,/home/capc1/ProfitabilityTool-new-27-07-26/ProfitabilityTool/capc_dataset_work_RyrnQw/feature_variants/functionCallCompute_serial_N_35.c,1,35,0,0,0,0,0,0,0,0,0,0,0,0,0,0,0,0,0,0,0,1,3,0,0,0.000004914,0.027221907,0.001000,0.001130,0.175950,0.000108,0.000210,0.150382
0,/home/capc1/ProfitabilityTool-new-27-07-26/ProfitabilityTool/capc_dataset_work_RyrnQw/feature_variants/functionCallCompute_serial_N_36.c,1,36,0,0,0,0,0,0,0,0,0,0,0,0,0,0,0,0,0,0,0,1,3,0,0,0.000004929,0.027756728,0.000787,0.000875,0.174605,0.000126,0.000252,0.151284
0,/home/capc1/ProfitabilityTool-new-27-07-26/ProfitabilityTool/capc_dataset_work_RyrnQw/feature_variants/functionCallCompute_serial_N_37.c,1,37,0,0,0,0,0,0,0,0,0,0,0,0,0,0,0,0,0,0,0,1,3,0,0,0.000004943,0.027475595,0.000796,0.000886,0.152029,0.000090,0.000176,0.151735
0,/home/capc1/ProfitabilityTool-new-27-07-26/ProfitabilityTool/capc_dataset_work_RyrnQw/feature_variants/functionCallCompute_serial_N_38.c,1,38,0,0,0,0,0,0,0,0,0,0,0,0,0,0,0,0,0,0,0,1,3,0,0,0.000004921,0.027265146,0.000834,0.000932,0.150378,0.000076,0.000150,0.175713
0,/home/capc1/ProfitabilityTool-new-27-07-26/ProfitabilityTool/capc_dataset_work_RyrnQw/feature_variants/functionCallCompute_serial_N_39.c,1,39,0,0,0,0,0,0,0,0,0,0,0,0,0,0,0,0,0,0,0,1,3,0,0,0.000004914,0.027957879,0.000907,0.001021,0.146133,0.000073,0.000143,0.146486
0,/home/capc1/ProfitabilityTool-new-27-07-26/ProfitabilityTool/capc_dataset_work_RyrnQw/feature_variants/functionCallCompute_serial_N_40.c,1,40,0,0,0,0,0,0,0,0,0,0,0,0,0,0,0,0,0,0,0,1,3,0,0,0.000004902,0.027638350,0.000883,0.000992,0.175353,0.000093,0.000188,0.159539
0,/home/capc1/ProfitabilityTool-new-27-07-26/ProfitabilityTool/capc_dataset_work_RyrnQw/feature_variants/functionCallCompute_serial_N_41.c,1,41,0,0,0,0,0,0,0,0,0,0,0,0,0,0,0,0,0,0,0,1,3,0,0,0.000004925,0.027600389,0.000890,0.001001,0.175715,0.000189,0.000355,0.150744
0,/home/capc1/ProfitabilityTool-new-27-07-26/ProfitabilityTool/capc_dataset_work_RyrnQw/feature_variants/functionCallCompute_serial_N_42.c,1,42,0,0,0,0,0,0,0,0,0,0,0,0,0,0,0,0,0,0,0,1,3,0,0,0.000004899,0.028087128,0.000886,0.000996,0.151566,0.000107,0.000217,0.150916
0,/home/capc1/ProfitabilityTool-new-27-07-26/ProfitabilityTool/capc_dataset_work_RyrnQw/feature_variants/functionCallCompute_serial_N_43.c,1,43,0,0,0,0,0,0,0,0,0,0,0,0,0,0,0,0,0,0,0,1,3,0,0,0.000005003,0.031578723,0.000796,0.000887,0.152821,0.000086,0.000172,0.147273
0,/home/capc1/ProfitabilityTool-new-27-07-26/ProfitabilityTool/capc_dataset_work_RyrnQw/feature_variants/functionCallCompute_serial_N_44.c,1,44,0,0,0,0,0,0,0,0,0,0,0,0,0,0,0,0,0,0,0,1,3,0,0,0.000005070,0.028210916,0.000931,0.001044,0.157180,0.000093,0.000183,0.148842
0,/home/capc1/ProfitabilityTool-new-27-07-26/ProfitabilityTool/capc_dataset_work_RyrnQw/feature_variants/functionCallCompute_serial_N_45.c,1,45,0,0,0,0,0,0,0,0,0,0,0,0,0,0,0,0,0,0,0,1,3,0,0,0.000004992,0.032598864,0.000884,0.000994,0.151811,0.000119,0.000232,0.139342
0,/home/capc1/ProfitabilityTool-new-27-07-26/ProfitabilityTool/capc_dataset_work_RyrnQw/feature_variants/functionCallCompute_serial_N_46.c,1,46,0,0,0,0,0,0,0,0,0,0,0,0,0,0,0,0,0,0,0,1,3,0,0,0.000004932,0.032660477,0.000792,0.000885,0.172868,0.000093,0.000183,0.151492
0,/home/capc1/ProfitabilityTool-new-27-07-26/ProfitabilityTool/capc_dataset_work_RyrnQw/feature_variants/functionCallCompute_serial_N_47.c,1,47,0,0,0,0,0,0,0,0,0,0,0,0,0,0,0,0,0,0,0,1,3,0,0,0.000005100,0.031614542,0.000793,0.000883,0.146239,0.000113,0.000220,0.175305
0,/home/capc1/ProfitabilityTool-new-27-07-26/ProfitabilityTool/capc_dataset_work_RyrnQw/feature_variants/functionCallCompute_serial_N_48.c,1,48,0,0,0,0,0,0,0,0,0,0,0,0,0,0,0,0,0,0,0,1,3,0,0,0.000005040,0.027797565,0.000735,0.000819,0.151866,0.000124,0.000227,0.175461
0,/home/capc1/ProfitabilityTool-new-27-07-26/ProfitabilityTool/capc_dataset_work_RyrnQw/feature_variants/functionCallCompute_serial_N_49.c,1,49,0,0,0,0,0,0,0,0,0,0,0,0,0,0,0,0,0,0,0,1,3,0,0,0.000005104,0.033537265,0.000867,0.000973,0.153551,0.000105,0.000204,0.173256
0,/home/capc1/ProfitabilityTool-new-27-07-26/ProfitabilityTool/capc_dataset_work_RyrnQw/feature_variants/functionCallCompute_serial_N_50.c,1,50,0,0,0,0,0,0,0,0,0,0,0,0,0,0,0,0,0,0,0,1,3,0,0,0.000004914,0.028875493,0.000788,0.000877,0.172950,0.000103,0.000203,0.151102
0,/home/capc1/ProfitabilityTool-new-27-07-26/ProfitabilityTool/capc_dataset_work_RyrnQw/feature_variants/functionCallCompute_serial_N_51.c,1,51,0,0,0,0,0,0,0,0,0,0,0,0,0,0,0,0,0,0,0,1,3,0,0,0.000005051,0.027696159,0.000724,0.000811,0.209840,0.000089,0.000182,0.130616
0,/home/capc1/ProfitabilityTool-new-27-07-26/ProfitabilityTool/capc_dataset_work_RyrnQw/feature_variants/functionCallCompute_serial_N_52.c,1,52,0,0,0,0,0,0,0,0,0,0,0,0,0,0,0,0,0,0,0,1,3,0,0,0.000004962,0.027342286,0.000819,0.000916,0.175131,0.000107,0.000211,0.176557
0,/home/capc1/ProfitabilityTool-new-27-07-26/ProfitabilityTool/capc_dataset_work_RyrnQw/feature_variants/functionCallCompute_serial_N_53.c,1,53,0,0,0,0,0,0,0,0,0,0,0,0,0,0,0,0,0,0,0,1,3,0,0,0.000004664,0.026922617,0.001024,0.001155,0.174831,0.000113,0.000214,0.176032
0,/home/capc1/ProfitabilityTool-new-27-07-26/ProfitabilityTool/capc_dataset_work_RyrnQw/feature_variants/functionCallCompute_serial_N_54.c,1,54,0,0,0,0,0,0,0,0,0,0,0,0,0,0,0,0,0,0,0,1,3,0,0,0.000004865,0.026836984,0.000800,0.000888,0.174885,0.000115,0.000229,0.152953
0,/home/capc1/ProfitabilityTool-new-27-07-26/ProfitabilityTool/capc_dataset_work_RyrnQw/feature_variants/functionCallCompute_serial_N_55.c,1,55,0,0,0,0,0,0,0,0,0,0,0,0,0,0,0,0,0,0,0,1,3,0,0,0.000004925,0.027377460,0.000792,0.000882,0.175837,0.000088,0.000170,0.156158
0,/home/capc1/ProfitabilityTool-new-27-07-26/ProfitabilityTool/capc_dataset_work_RyrnQw/feature_variants/functionCallCompute_serial_N_56.c,1,56,0,0,0,0,0,0,0,0,0,0,0,0,0,0,0,0,0,0,0,1,3,0,0,0.000004947,0.026893709,0.000793,0.000883,0.176608,0.000087,0.000177,0.175369
0,/home/capc1/ProfitabilityTool-new-27-07-26/ProfitabilityTool/capc_dataset_work_RyrnQw/feature_variants/functionCallCompute_serial_N_57.c,1,57,0,0,0,0,0,0,0,0,0,0,0,0,0,0,0,0,0,0,0,1,3,0,0,0.000004958,0.028891388,0.000888,0.000999,0.152754,0.000089,0.000175,0.173508
0,/home/capc1/ProfitabilityTool-new-27-07-26/ProfitabilityTool/capc_dataset_work_RyrnQw/feature_variants/functionCallCompute_serial_N_58.c,1,58,0,0,0,0,0,0,0,0,0,0,0,0,0,0,0,0,0,0,0,1,3,0,0,0.000004910,0.035329878,0.000886,0.000997,0.150186,0.000107,0.000211,0.152450
0,/home/capc1/ProfitabilityTool-new-27-07-26/ProfitabilityTool/capc_dataset_work_RyrnQw/feature_variants/functionCallCompute_serial_N_59.c,1,59,0,0,0,0,0,0,0,0,0,0,0,0,0,0,0,0,0,0,0,1,3,0,0,0.000004847,0.027768325,0.000975,0.001100,0.148817,0.000104,0.000199,0.151974
0,/home/capc1/ProfitabilityTool-new-27-07-26/ProfitabilityTool/capc_dataset_work_RyrnQw/feature_variants/functionCallCompute_serial_N_60.c,1,60,0,0,0,0,0,0,0,0,0,0,0,0,0,0,0,0,0,0,0,1,3,0,0,0.000005096,0.027992416,0.000781,0.000869,0.148644,0.000117,0.000232,0.152238
0,/home/capc1/ProfitabilityTool-new-27-07-26/ProfitabilityTool/capc_dataset_work_RyrnQw/feature_variants/functionCallCompute_serial_N_61.c,1,61,0,0,0,0,0,0,0,0,0,0,0,0,0,0,0,0,0,0,0,1,3,0,0,0.000005059,0.028176740,0.000795,0.000886,0.152444,0.000082,0.000168,0.143523
0,/home/capc1/ProfitabilityTool-new-27-07-26/ProfitabilityTool/capc_dataset_work_RyrnQw/feature_variants/functionCallCompute_serial_N_62.c,1,62,0,0,0,0,0,0,0,0,0,0,0,0,0,0,0,0,0,0,0,1,3,0,0,0.000004735,0.027767397,0.000789,0.000877,0.175650,0.000087,0.000172,0.172787
0,/home/capc1/ProfitabilityTool-new-27-07-26/ProfitabilityTool/capc_dataset_work_RyrnQw/feature_variants/functionCallCompute_serial_N_63.c,1,63,0,0,0,0,0,0,0,0,0,0,0,0,0,0,0,0,0,0,0,1,3,0,0,0.000004847,0.036529180,0.000752,0.000843,0.149041,0.000088,0.000171,0.149497
0,/home/capc1/ProfitabilityTool-new-27-07-26/ProfitabilityTool/capc_dataset_work_RyrnQw/feature_variants/functionCallCompute_serial_N_64.c,1,64,0,0,0,0,0,0,0,0,0,0,0,0,0,0,0,0,0,0,0,1,3,0,0,0.000005122,0.027750812,0.000883,0.000994,0.149598,0.000098,0.000193,0.151664
0,/home/capc1/ProfitabilityTool-new-27-07-26/ProfitabilityTool/capc_dataset_work_RyrnQw/feature_variants/functionCallCompute_serial_N_65.c,1,65,0,0,0,0,0,0,0,0,0,0,0,0,0,0,0,0,0,0,0,1,3,0,0,0.000005029,0.028441351,0.000714,0.000789,0.173304,0.000093,0.000184,0.174805
0,/home/capc1/ProfitabilityTool-new-27-07-26/ProfitabilityTool/capc_dataset_work_RyrnQw/feature_variants/functionCallCompute_serial_N_66.c,1,66,0,0,0,0,0,0,0,0,0,0,0,0,0,0,0,0,0,0,0,1,3,0,0,0.000004560,0.027717862,0.000789,0.000886,0.175996,0.000100,0.000198,0.176567
0,/home/capc1/ProfitabilityTool-new-27-07-26/ProfitabilityTool/capc_dataset_work_RyrnQw/feature_variants/functionCallCompute_serial_N_67.c,1,67,0,0,0,0,0,0,0,0,0,0,0,0,0,0,0,0,0,0,0,1,3,0,0,0.000005003,0.027564548,0.000793,0.000883,0.152091,0.000124,0.000243,0.176508
0,/home/capc1/ProfitabilityTool-new-27-07-26/ProfitabilityTool/capc_dataset_work_RyrnQw/feature_variants/functionCallCompute_serial_N_68.c,1,68,0,0,0,0,0,0,0,0,0,0,0,0,0,0,0,0,0,0,0,1,3,0,0,0.000004586,0.035365593,0.000779,0.000872,0.144964,0.000091,0.000177,0.146147
0,/home/capc1/ProfitabilityTool-new-27-07-26/ProfitabilityTool/capc_dataset_work_RyrnQw/feature_variants/functionCallCompute_serial_N_69.c,1,69,0,0,0,0,0,0,0,0,0,0,0,0,0,0,0,0,0,0,0,1,3,0,0,0.000005029,0.028938636,0.000886,0.000997,0.175724,0.000089,0.000173,0.175187
0,/home/capc1/ProfitabilityTool-new-27-07-26/ProfitabilityTool/capc_dataset_work_RyrnQw/feature_variants/functionCallCompute_serial_N_70.c,1,70,0,0,0,0,0,0,0,0,0,0,0,0,0,0,0,0,0,0,0,1,3,0,0,0.000005066,0.036149368,0.000754,0.000833,0.152031,0.000110,0.000215,0.114832
0,/home/capc1/ProfitabilityTool-new-27-07-26/ProfitabilityTool/capc_dataset_work_RyrnQw/feature_variants/functionCallCompute_serial_N_71.c,1,71,0,0,0,0,0,0,0,0,0,0,0,0,0,0,0,0,0,0,0,1,3,0,0,0.000005007,0.029770680,0.000687,0.000757,0.152715,0.000090,0.000182,0.150514
0,/home/capc1/ProfitabilityTool-new-27-07-26/ProfitabilityTool/capc_dataset_work_RyrnQw/feature_variants/functionCallCompute_serial_N_72.c,1,72,0,0,0,0,0,0,0,0,0,0,0,0,0,0,0,0,0,0,0,1,3,0,0,0.000005044,0.027701605,0.000789,0.000880,0.176726,0.000087,0.000171,0.176531
0,/home/capc1/ProfitabilityTool-new-27-07-26/ProfitabilityTool/capc_dataset_work_RyrnQw/feature_variants/functionCallCompute_serial_N_73.c,1,73,0,0,0,0,0,0,0,0,0,0,0,0,0,0,0,0,0,0,0,1,3,0,0,0.000005130,0.028619073,0.000810,0.000908,0.176414,0.000090,0.000173,0.149918
0,/home/capc1/ProfitabilityTool-new-27-07-26/ProfitabilityTool/capc_dataset_work_RyrnQw/feature_variants/functionCallCompute_serial_N_74.c,1,74,0,0,0,0,0,0,0,0,0,0,0,0,0,0,0,0,0,0,0,1,3,0,0,0.000005055,0.027859308,0.000790,0.000880,0.117110,0.000108,0.000210,0.152614
0,/home/capc1/ProfitabilityTool-new-27-07-26/ProfitabilityTool/capc_dataset_work_RyrnQw/feature_variants/functionCallCompute_serial_N_75.c,1,75,0,0,0,0,0,0,0,0,0,0,0,0,0,0,0,0,0,0,0,1,3,0,0,0.000005018,0.028605223,0.000724,0.000800,0.170561,0.000087,0.000171,0.174901
0,/home/capc1/ProfitabilityTool-new-27-07-26/ProfitabilityTool/capc_dataset_work_RyrnQw/feature_variants/functionCallCompute_serial_N_76.c,1,76,0,0,0,0,0,0,0,0,0,0,0,0,0,0,0,0,0,0,0,1,3,0,0,0.000005014,0.042775348,0.000784,0.000876,0.152051,0.000098,0.000191,0.152542
0,/home/capc1/ProfitabilityTool-new-27-07-26/ProfitabilityTool/capc_dataset_work_RyrnQw/feature_variants/functionCallCompute_serial_N_77.c,1,77,0,0,0,0,0,0,0,0,0,0,0,0,0,0,0,0,0,0,0,1,3,0,0,0.000004750,0.027840495,0.000724,0.000800,0.153658,0.000109,0.000219,0.152081
0,/home/capc1/ProfitabilityTool-new-27-07-26/ProfitabilityTool/capc_dataset_work_RyrnQw/feature_variants/functionCallCompute_serial_N_78.c,1,78,0,0,0,0,0,0,0,0,0,0,0,0,0,0,0,0,0,0,0,1,3,0,0,0.000005033,0.032533392,0.000786,0.000875,0.161023,0.000092,0.000183,0.148139
0,/home/capc1/ProfitabilityTool-new-27-07-26/ProfitabilityTool/capc_dataset_work_RyrnQw/feature_variants/functionCallCompute_serial_N_79.c,1,79,0,0,0,0,0,0,0,0,0,0,0,0,0,0,0,0,0,0,0,1,3,0,0,0.000005238,0.031521749,0.000752,0.000833,0.143865,0.000090,0.000178,0.145034
0,/home/capc1/ProfitabilityTool-new-27-07-26/ProfitabilityTool/capc_dataset_work_RyrnQw/feature_variants/functionCallCompute_serial_N_80.c,1,80,0,0,0,0,0,0,0,0,0,0,0,0,0,0,0,0,0,0,0,1,3,0,0,0.000004623,0.027626824,0.000795,0.000886,0.145395,0.000091,0.000177,0.145993
0,/home/capc1/ProfitabilityTool-new-27-07-26/ProfitabilityTool/capc_dataset_work_RyrnQw/feature_variants/functionCallCompute_serial_N_81.c,1,81,0,0,0,0,0,0,0,0,0,0,0,0,0,0,0,0,0,0,0,1,3,0,0,0.000005204,0.027924500,0.000709,0.000789,0.134843,0.000090,0.000181,0.147027
0,/home/capc1/ProfitabilityTool-new-27-07-26/ProfitabilityTool/capc_dataset_work_RyrnQw/feature_variants/functionCallCompute_serial_N_82.c,1,82,0,0,0,0,0,0,0,0,0,0,0,0,0,0,0,0,0,0,0,1,3,0,0,0.000005182,0.024845570,0.000788,0.000878,0.135487,0.000089,0.000174,0.145317
0,/home/capc1/ProfitabilityTool-new-27-07-26/ProfitabilityTool/capc_dataset_work_RyrnQw/feature_variants/functionCallCompute_serial_N_83.c,1,83,0,0,0,0,0,0,0,0,0,0,0,0,0,0,0,0,0,0,0,1,3,0,0,0.000005227,0.030981943,0.000790,0.000881,0.147495,0.000090,0.000177,0.146069
0,/home/capc1/ProfitabilityTool-new-27-07-26/ProfitabilityTool/capc_dataset_work_RyrnQw/feature_variants/functionCallCompute_serial_N_84.c,1,84,0,0,0,0,0,0,0,0,0,0,0,0,0,0,0,0,0,0,0,1,3,0,0,0.000005104,0.029402200,0.000822,0.000917,0.150881,0.000084,0.000164,0.175951
0,/home/capc1/ProfitabilityTool-new-27-07-26/ProfitabilityTool/capc_dataset_work_RyrnQw/feature_variants/functionCallCompute_serial_N_85.c,1,85,0,0,0,0,0,0,0,0,0,0,0,0,0,0,0,0,0,0,0,1,3,0,0,0.000005078,0.038979053,0.000702,0.000774,0.147402,0.000091,0.000177,0.110107
0,/home/capc1/ProfitabilityTool-new-27-07-26/ProfitabilityTool/capc_dataset_work_RyrnQw/feature_variants/functionCallCompute_serial_N_86.c,1,86,0,0,0,0,0,0,0,0,0,0,0,0,0,0,0,0,0,0,0,1,3,0,0,0.000005152,0.026881743,0.000786,0.000880,0.147908,0.000090,0.000183,0.145749
0,/home/capc1/ProfitabilityTool-new-27-07-26/ProfitabilityTool/capc_dataset_work_RyrnQw/feature_variants/functionCallCompute_serial_N_87.c,1,87,0,0,0,0,0,0,0,0,0,0,0,0,0,0,0,0,0,0,0,1,3,0,0,0.000004932,0.028419849,0.000804,0.000897,0.151857,0.000081,0.000167,0.135277
0,/home/capc1/ProfitabilityTool-new-27-07-26/ProfitabilityTool/capc_dataset_work_RyrnQw/feature_variants/functionCallCompute_serial_N_88.c,1,88,0,0,0,0,0,0,0,0,0,0,0,0,0,0,0,0,0,0,0,1,3,0,0,0.000005059,0.028312586,0.000799,0.000892,0.144869,0.000091,0.000178,0.145659
0,/home/capc1/ProfitabilityTool-new-27-07-26/ProfitabilityTool/capc_dataset_work_RyrnQw/feature_variants/functionCallCompute_serial_N_89.c,1,89,0,0,0,0,0,0,0,0,0,0,0,0,0,0,0,0,0,0,0,1,3,0,0,0.000005122,0.027806468,0.000787,0.000880,0.145532,0.000089,0.000175,0.146550
0,/home/capc1/ProfitabilityTool-new-27-07-26/ProfitabilityTool/capc_dataset_work_RyrnQw/feature_variants/functionCallCompute_serial_N_90.c,1,90,0,0,0,0,0,0,0,0,0,0,0,0,0,0,0,0,0,0,0,1,3,0,0,0.000005063,0.026348073,0.000755,0.000838,0.125584,0.000073,0.000146,0.147625
0,/home/capc1/ProfitabilityTool-new-27-07-26/ProfitabilityTool/capc_dataset_work_RyrnQw/feature_variants/functionCallCompute_serial_N_91.c,1,91,0,0,0,0,0,0,0,0,0,0,0,0,0,0,0,0,0,0,0,1,3,0,0,0.000004791,0.027827878,0.000778,0.000869,0.144142,0.000090,0.000177,0.144405
0,/home/capc1/ProfitabilityTool-new-27-07-26/ProfitabilityTool/capc_dataset_work_RyrnQw/feature_variants/functionCallCompute_serial_N_92.c,1,92,0,0,0,0,0,0,0,0,0,0,0,0,0,0,0,0,0,0,0,1,3,0,0,0.000004638,0.027348701,0.000780,0.000872,0.144729,0.000090,0.000178,0.145832
0,/home/capc1/ProfitabilityTool-new-27-07-26/ProfitabilityTool/capc_dataset_work_RyrnQw/feature_variants/functionCallCompute_serial_N_93.c,1,93,0,0,0,0,0,0,0,0,0,0,0,0,0,0,0,0,0,0,0,1,3,0,0,0.000005145,0.026374474,0.000795,0.000891,0.137312,0.000089,0.000176,0.137706
0,/home/capc1/ProfitabilityTool-new-27-07-26/ProfitabilityTool/capc_dataset_work_RyrnQw/feature_variants/functionCallCompute_serial_N_94.c,1,94,0,0,0,0,0,0,0,0,0,0,0,0,0,0,0,0,0,0,0,1,3,0,0,0.000003666,0.028734185,0.000785,0.000880,0.147791,0.000090,0.000176,0.146223
0,/home/capc1/ProfitabilityTool-new-27-07-26/ProfitabilityTool/capc_dataset_work_RyrnQw/feature_variants/functionCallCompute_serial_N_95.c,1,95,0,0,0,0,0,0,0,0,0,0,0,0,0,0,0,0,0,0,0,1,3,0,0,0.000004854,0.034892198,0.000717,0.000793,0.144185,0.000088,0.000174,0.145727
0,/home/capc1/ProfitabilityTool-new-27-07-26/ProfitabilityTool/capc_dataset_work_RyrnQw/feature_variants/functionCallCompute_serial_N_96.c,1,96,0,0,0,0,0,0,0,0,0,0,0,0,0,0,0,0,0,0,0,1,3,0,0,0.000005033,0.037717875,0.000786,0.000888,0.146378,0.000072,0.000145,0.154105
0,/home/capc1/ProfitabilityTool-new-27-07-26/ProfitabilityTool/capc_dataset_work_RyrnQw/feature_variants/functionCallCompute_serial_N_97.c,1,97,0,0,0,0,0,0,0,0,0,0,0,0,0,0,0,0,0,0,0,1,3,0,0,0.000005182,0.027522385,0.000793,0.000886,0.148272,0.000090,0.000178,0.146172
0,/home/capc1/ProfitabilityTool-new-27-07-26/ProfitabilityTool/capc_dataset_work_RyrnQw/feature_variants/functionCallCompute_serial_N_98.c,1,98,0,0,0,0,0,0,0,0,0,0,0,0,0,0,0,0,0,0,0,1,3,0,0,0.000005197,0.026960526,0.000792,0.000885,0.146118,0.000090,0.000177,0.112800
0,/home/capc1/ProfitabilityTool-new-27-07-26/ProfitabilityTool/capc_dataset_work_RyrnQw/feature_variants/functionCallCompute_serial_N_99.c,1,99,0,0,0,0,0,0,0,0,0,0,0,0,0,0,0,0,0,0,0,1,3,0,0,0.000005092,0.027437214,0.000788,0.000881,0.146244,0.000076,0.000151,0.145848
0,/home/capc1/ProfitabilityTool-new-27-07-26/ProfitabilityTool/capc_dataset_work_RyrnQw/feature_variants/functionCallCompute_serial_N_100.c,1,100,0,0,0,0,0,0,0,0,0,0,0,0,0,0,0,0,0,0,0,1,3,0,0,0.000005167,0.027655642,0.000781,0.000873,0.159780,0.000098,0.000188,0.110758
0,/home/capc1/ProfitabilityTool-new-27-07-26/ProfitabilityTool/capc_dataset_work_RyrnQw/feature_variants/functionCallCompute_serial_N_101.c,1,101,0,0,0,0,0,0,0,0,0,0,0,0,0,0,0,0,0,0,0,1,3,0,0,0.000004765,0.027833700,0.000805,0.000898,0.146145,0.000084,0.000165,0.146446
0,/home/capc1/ProfitabilityTool-new-27-07-26/ProfitabilityTool/capc_dataset_work_RyrnQw/feature_variants/functionCallCompute_serial_N_102.c,1,102,0,0,0,0,0,0,0,0,0,0,0,0,0,0,0,0,0,0,0,1,3,0,0,0.000005301,0.032232877,0.000786,0.000879,0.145516,0.000090,0.000176,0.145909
0,/home/capc1/ProfitabilityTool-new-27-07-26/ProfitabilityTool/capc_dataset_work_RyrnQw/feature_variants/functionCallCompute_serial_N_103.c,1,103,0,0,0,0,0,0,0,0,0,0,0,0,0,0,0,0,0,0,0,1,3,0,0,0.000005096,0.027704820,0.000797,0.000891,0.146167,0.000090,0.000177,0.146372
0,/home/capc1/ProfitabilityTool-new-27-07-26/ProfitabilityTool/capc_dataset_work_RyrnQw/feature_variants/functionCallCompute_serial_N_104.c,1,104,0,0,0,0,0,0,0,0,0,0,0,0,0,0,0,0,0,0,0,1,3,0,0,0.000003628,0.027651917,0.000789,0.000881,0.145239,0.000098,0.000186,0.142734
0,/home/capc1/ProfitabilityTool-new-27-07-26/ProfitabilityTool/capc_dataset_work_RyrnQw/feature_variants/functionCallCompute_serial_N_105.c,1,105,0,0,0,0,0,0,0,0,0,0,0,0,0,0,0,0,0,0,0,1,3,0,0,0.000005245,0.028543137,0.000782,0.000873,0.141650,0.000089,0.000178,0.148850
0,/home/capc1/ProfitabilityTool-new-27-07-26/ProfitabilityTool/capc_dataset_work_RyrnQw/feature_variants/functionCallCompute_serial_N_106.c,1,106,0,0,0,0,0,0,0,0,0,0,0,0,0,0,0,0,0,0,0,1,3,0,0,0.000005130,0.026773680,0.000707,0.000784,0.145157,0.000090,0.000180,0.135339
0,/home/capc1/ProfitabilityTool-new-27-07-26/ProfitabilityTool/capc_dataset_work_RyrnQw/feature_variants/functionCallCompute_serial_N_107.c,1,107,0,0,0,0,0,0,0,0,0,0,0,0,0,0,0,0,0,0,0,1,3,0,0,0.000005145,0.028149247,0.000780,0.000870,0.147408,0.000098,0.000184,0.146121
0,/home/capc1/ProfitabilityTool-new-27-07-26/ProfitabilityTool/capc_dataset_work_RyrnQw/feature_variants/functionCallCompute_serial_N_108.c,1,108,0,0,0,0,0,0,0,0,0,0,0,0,0,0,0,0,0,0,0,1,3,0,0,0.000005614,0.037180539,0.000713,0.000791,0.140267,0.000089,0.000176,0.134350
0,/home/capc1/ProfitabilityTool-new-27-07-26/ProfitabilityTool/capc_dataset_work_RyrnQw/feature_variants/functionCallCompute_serial_N_109.c,1,109,0,0,0,0,0,0,0,0,0,0,0,0,0,0,0,0,0,0,0,1,3,0,0,0.000005212,0.033679169,0.000796,0.000887,0.152964,0.000088,0.000172,0.166436
0,/home/capc1/ProfitabilityTool-new-27-07-26/ProfitabilityTool/capc_dataset_work_RyrnQw/feature_variants/functionCallCompute_serial_N_110.c,1,110,0,0,0,0,0,0,0,0,0,0,0,0,0,0,0,0,0,0,0,1,3,0,0,0.000005141,0.038357072,0.000790,0.000877,0.151629,0.000067,0.000133,0.152397
0,/home/capc1/ProfitabilityTool-new-27-07-26/ProfitabilityTool/capc_dataset_work_RyrnQw/feature_variants/functionCallCompute_serial_N_111.c,1,111,0,0,0,0,0,0,0,0,0,0,0,0,0,0,0,0,0,0,0,1,3,0,0,0.000005055,0.027896538,0.000788,0.000877,0.149159,0.000096,0.000180,0.149368
0,/home/capc1/ProfitabilityTool-new-27-07-26/ProfitabilityTool/capc_dataset_work_RyrnQw/feature_variants/functionCallCompute_serial_N_112.c,1,112,0,0,0,0,0,0,0,0,0,0,0,0,0,0,0,0,0,0,0,1,3,0,0,0.000005271,0.028382909,0.000805,0.000899,0.146450,0.000092,0.000178,0.147610
0,/home/capc1/ProfitabilityTool-new-27-07-26/ProfitabilityTool/capc_dataset_work_RyrnQw/feature_variants/functionCallCompute_serial_N_113.c,1,113,0,0,0,0,0,0,0,0,0,0,0,0,0,0,0,0,0,0,0,1,3,0,0,0.000004966,0.027613893,0.000795,0.000890,0.146248,0.000069,0.000137,0.147439
0,/home/capc1/ProfitabilityTool-new-27-07-26/ProfitabilityTool/capc_dataset_work_RyrnQw/feature_variants/functionCallCompute_serial_N_114.c,1,114,0,0,0,0,0,0,0,0,0,0,0,0,0,0,0,0,0,0,0,1,3,0,0,0.000005029,0.028324746,0.000801,0.000893,0.135808,0.000094,0.000184,0.140615
0,/home/capc1/ProfitabilityTool-new-27-07-26/ProfitabilityTool/capc_dataset_work_RyrnQw/feature_variants/functionCallCompute_serial_N_115.c,1,115,0,0,0,0,0,0,0,0,0,0,0,0,0,0,0,0,0,0,0,1,3,0,0,0.000005167,0.026975147,0.000782,0.000874,0.148476,0.000091,0.000186,0.148095
0,/home/capc1/ProfitabilityTool-new-27-07-26/ProfitabilityTool/capc_dataset_work_RyrnQw/feature_variants/functionCallCompute_serial_N_116.c,1,116,0,0,0,0,0,0,0,0,0,0,0,0,0,0,0,0,0,0,0,1,3,0,0,0.000005204,0.030023701,0.000785,0.000887,0.129459,0.000089,0.000176,0.145306
0,/home/capc1/ProfitabilityTool-new-27-07-26/ProfitabilityTool/capc_dataset_work_RyrnQw/feature_variants/functionCallCompute_serial_N_117.c,1,117,0,0,0,0,0,0,0,0,0,0,0,0,0,0,0,0,0,0,0,1,3,0,0,0.000005122,0.029483687,0.000783,0.000874,0.144918,0.000091,0.000179,0.145788
0,/home/capc1/ProfitabilityTool-new-27-07-26/ProfitabilityTool/capc_dataset_work_RyrnQw/feature_variants/functionCallCompute_serial_N_118.c,1,118,0,0,0,0,0,0,0,0,0,0,0,0,0,0,0,0,0,0,0,1,3,0,0,0.000005141,0.037204560,0.000787,0.000878,0.137802,0.000089,0.000176,0.145911
0,/home/capc1/ProfitabilityTool-new-27-07-26/ProfitabilityTool/capc_dataset_work_RyrnQw/feature_variants/functionCallCompute_serial_N_119.c,1,119,0,0,0,0,0,0,0,0,0,0,0,0,0,0,0,0,0,0,0,1,3,0,0,0.000005201,0.028344125,0.000795,0.000895,0.145203,0.000085,0.000166,0.145343
0,/home/capc1/ProfitabilityTool-new-27-07-26/ProfitabilityTool/capc_dataset_work_RyrnQw/feature_variants/functionCallCompute_serial_N_120.c,1,120,0,0,0,0,0,0,0,0,0,0,0,0,0,0,0,0,0,0,0,1,3,0,0,0.000005152,0.028909441,0.000782,0.000874,0.151409,0.000088,0.000172,0.146188
0,/home/capc1/ProfitabilityTool-new-27-07-26/ProfitabilityTool/capc_dataset_work_RyrnQw/feature_variants/functionCallCompute_serial_N_121.c,1,121,0,0,0,0,0,0,0,0,0,0,0,0,0,0,0,0,0,0,0,1,3,0,0,0.000005383,0.039138157,0.000791,0.000884,0.146397,0.000078,0.000162,0.146705
0,/home/capc1/ProfitabilityTool-new-27-07-26/ProfitabilityTool/capc_dataset_work_RyrnQw/feature_variants/functionCallCompute_serial_N_122.c,1,122,0,0,0,0,0,0,0,0,0,0,0,0,0,0,0,0,0,0,0,1,3,0,0,0.000005219,0.028141461,0.000781,0.000876,0.527619,0.000071,0.000142,3.169876
0,/home/capc1/ProfitabilityTool-new-27-07-26/ProfitabilityTool/capc_dataset_work_RyrnQw/feature_variants/functionCallCompute_serial_N_123.c,1,123,0,0,0,0,0,0,0,0,0,0,0,0,0,0,0,0,0,0,0,1,3,0,0,0.000002507,0.026437107,0.000677,0.000751,2.952382,0.000071,0.000142,3.138874
0,/home/capc1/ProfitabilityTool-new-27-07-26/ProfitabilityTool/capc_dataset_work_RyrnQw/feature_variants/functionCallCompute_serial_N_124.c,1,124,0,0,0,0,0,0,0,0,0,0,0,0,0,0,0,0,0,0,0,1,3,0,0,0.000005230,0.029201418,0.000689,0.000769,3.173770,0.000072,0.000143,3.179617
0,/home/capc1/ProfitabilityTool-new-27-07-26/ProfitabilityTool/capc_dataset_work_RyrnQw/feature_variants/functionCallCompute_serial_N_125.c,1,125,0,0,0,0,0,0,0,0,0,0,0,0,0,0,0,0,0,0,0,1,3,0,0,0.000002176,0.026368260,0.000677,0.000749,3.078356,0.000071,0.000140,2.916035
0,/home/capc1/ProfitabilityTool-new-27-07-26/ProfitabilityTool/capc_dataset_work_RyrnQw/feature_variants/functionCallCompute_serial_N_126.c,1,126,0,0,0,0,0,0,0,0,0,0,0,0,0,0,0,0,0,0,0,1,3,0,0,0.000002503,0.026484534,0.001184,0.001266,2.987727,0.000078,0.000156,2.072714
0,/home/capc1/ProfitabilityTool-new-27-07-26/ProfitabilityTool/capc_dataset_work_RyrnQw/feature_variants/functionCallCompute_serial_N_127.c,1,127,0,0,0,0,0,0,0,0,0,0,0,0,0,0,0,0,0,0,0,1,3,0,0,0.000005070,0.035614438,0.000978,0.001106,0.144232,0.000077,0.000155,0.144778
0,/home/capc1/ProfitabilityTool-new-27-07-26/ProfitabilityTool/capc_dataset_work_RyrnQw/feature_variants/functionCallCompute_serial_N_128.c,1,128,0,0,0,0,0,0,0,0,0,0,0,0,0,0,0,0,0,0,0,1,3,0,0,0.000004955,0.030618113,0.000815,0.000908,0.141360,0.000102,0.000197,0.142297
0,/home/capc1/ProfitabilityTool-new-27-07-26/ProfitabilityTool/capc_dataset_work_RyrnQw/feature_variants/functionCallCompute_serial_N_129.c,1,129,0,0,0,0,0,0,0,0,0,0,0,0,0,0,0,0,0,0,0,1,3,0,0,0.000003755,0.026188258,0.000721,0.000801,0.146261,0.000116,0.000234,0.154435
0,/home/capc1/ProfitabilityTool-new-27-07-26/ProfitabilityTool/capc_dataset_work_RyrnQw/feature_variants/functionCallCompute_serial_N_130.c,1,130,0,0,0,0,0,0,0,0,0,0,0,0,0,0,0,0,0,0,0,1,3,0,0,0.000005327,0.027865324,0.000904,0.001020,0.150592,0.000093,0.000185,0.153348
0,/home/capc1/ProfitabilityTool-new-27-07-26/ProfitabilityTool/capc_dataset_work_RyrnQw/feature_variants/functionCallCompute_serial_N_131.c,1,131,0,0,0,0,0,0,0,0,0,0,0,0,0,0,0,0,0,0,0,1,3,0,0,0.000003908,0.027995471,0.000804,0.000901,0.145338,0.000090,0.000180,0.147295
0,/home/capc1/ProfitabilityTool-new-27-07-26/ProfitabilityTool/capc_dataset_work_RyrnQw/feature_variants/functionCallCompute_serial_N_132.c,1,132,0,0,0,0,0,0,0,0,0,0,0,0,0,0,0,0,0,0,0,1,3,0,0,0.000005111,0.034317724,0.000795,0.000888,0.149104,0.000075,0.000157,0.147950
0,/home/capc1/ProfitabilityTool-new-27-07-26/ProfitabilityTool/capc_dataset_work_RyrnQw/feature_variants/functionCallCompute_serial_N_133.c,1,133,0,0,0,0,0,0,0,0,0,0,0,0,0,0,0,0,0,0,0,1,3,0,0,0.000003945,0.028078020,0.000810,0.000904,0.145021,0.000091,0.000184,0.148501
0,/home/capc1/ProfitabilityTool-new-27-07-26/ProfitabilityTool/capc_dataset_work_RyrnQw/feature_variants/functionCallCompute_serial_N_134.c,1,134,0,0,0,0,0,0,0,0,0,0,0,0,0,0,0,0,0,0,0,1,3,0,0,0.000004798,0.028535556,0.000756,0.000840,0.161039,0.000089,0.000177,0.111176
0,/home/capc1/ProfitabilityTool-new-27-07-26/ProfitabilityTool/capc_dataset_work_RyrnQw/feature_variants/functionCallCompute_serial_N_135.c,1,135,0,0,0,0,0,0,0,0,0,0,0,0,0,0,0,0,0,0,0,1,3,0,0,0.000004645,0.028697625,0.000790,0.000884,0.129852,0.000100,0.000206,0.132492
0,/home/capc1/ProfitabilityTool-new-27-07-26/ProfitabilityTool/capc_dataset_work_RyrnQw/feature_variants/functionCallCompute_serial_N_136.c,1,136,0,0,0,0,0,0,0,0,0,0,0,0,0,0,0,0,0,0,0,1,3,0,0,0.000005566,0.027826715,0.000790,0.000883,0.141509,0.000093,0.000185,0.140904
0,/home/capc1/ProfitabilityTool-new-27-07-26/ProfitabilityTool/capc_dataset_work_RyrnQw/feature_variants/functionCallCompute_serial_N_137.c,1,137,0,0,0,0,0,0,0,0,0,0,0,0,0,0,0,0,0,0,0,1,3,0,0,0.000004500,0.036487442,0.000780,0.000875,0.159393,0.000100,0.000195,0.135837
0,/home/capc1/ProfitabilityTool-new-27-07-26/ProfitabilityTool/capc_dataset_work_RyrnQw/feature_variants/functionCallCompute_serial_N_138.c,1,138,0,0,0,0,0,0,0,0,0,0,0,0,0,0,0,0,0,0,0,1,3,0,0,0.000005040,0.028088659,0.000791,0.000885,0.142401,0.000105,0.000197,0.144276
0,/home/capc1/ProfitabilityTool-new-27-07-26/ProfitabilityTool/capc_dataset_work_RyrnQw/feature_variants/functionCallCompute_serial_N_139.c,1,139,0,0,0,0,0,0,0,0,0,0,0,0,0,0,0,0,0,0,0,1,3,0,0,0.000005346,0.021187738,0.000791,0.000884,0.146337,0.000090,0.000190,0.146285
0,/home/capc1/ProfitabilityTool-new-27-07-26/ProfitabilityTool/capc_dataset_work_RyrnQw/feature_variants/functionCallCompute_serial_N_140.c,1,140,0,0,0,0,0,0,0,0,0,0,0,0,0,0,0,0,0,0,0,1,3,0,0,0.000005338,0.027357347,0.000968,0.001096,0.132899,0.000070,0.000142,0.145392
0,/home/capc1/ProfitabilityTool-new-27-07-26/ProfitabilityTool/capc_dataset_work_RyrnQw/feature_variants/functionCallCompute_serial_N_141.c,1,141,0,0,0,0,0,0,0,0,0,0,0,0,0,0,0,0,0,0,0,1,3,0,0,0.000004631,0.027479630,0.000789,0.000894,0.176213,0.000073,0.000146,0.149999
0,/home/capc1/ProfitabilityTool-new-27-07-26/ProfitabilityTool/capc_dataset_work_RyrnQw/feature_variants/functionCallCompute_serial_N_142.c,1,142,0,0,0,0,0,0,0,0,0,0,0,0,0,0,0,0,0,0,0,1,3,0,0,0.000004433,0.027668945,0.000787,0.000886,0.142350,0.000091,0.000183,0.105098
0,/home/capc1/ProfitabilityTool-new-27-07-26/ProfitabilityTool/capc_dataset_work_RyrnQw/feature_variants/functionCallCompute_serial_N_143.c,1,143,0,0,0,0,0,0,0,0,0,0,0,0,0,0,0,0,0,0,0,1,3,0,0,0.000004590,0.028119572,0.000777,0.000883,0.165560,0.000095,0.000188,0.124936
0,/home/capc1/ProfitabilityTool-new-27-07-26/ProfitabilityTool/capc_dataset_work_RyrnQw/feature_variants/functionCallCompute_serial_N_144.c,1,144,0,0,0,0,0,0,0,0,0,0,0,0,0,0,0,0,0,0,0,1,3,0,0,0.000004597,0.028684981,0.000796,0.000895,0.146396,0.000084,0.000172,0.134663
0,/home/capc1/ProfitabilityTool-new-27-07-26/ProfitabilityTool/capc_dataset_work_RyrnQw/feature_variants/functionCallCompute_serial_N_145.c,1,145,0,0,0,0,0,0,0,0,0,0,0,0,0,0,0,0,0,0,0,1,3,0,0,0.000004519,0.028122328,0.000793,0.000893,0.137144,0.000091,0.000184,0.147969
0,/home/capc1/ProfitabilityTool-new-27-07-26/ProfitabilityTool/capc_dataset_work_RyrnQw/feature_variants/functionCallCompute_serial_N_146.c,1,146,0,0,0,0,0,0,0,0,0,0,0,0,0,0,0,0,0,0,0,1,3,0,0,0.000005331,0.027568277,0.000755,0.000846,0.138321,0.000082,0.000168,0.130321
0,/home/capc1/ProfitabilityTool-new-27-07-26/ProfitabilityTool/capc_dataset_work_RyrnQw/feature_variants/functionCallCompute_serial_N_147.c,1,147,0,0,0,0,0,0,0,0,0,0,0,0,0,0,0,0,0,0,0,1,3,0,0,0.000005279,0.027528554,0.000900,0.001018,0.144245,0.000096,0.000193,0.126233
0,/home/capc1/ProfitabilityTool-new-27-07-26/ProfitabilityTool/capc_dataset_work_RyrnQw/feature_variants/functionCallCompute_serial_N_148.c,1,148,0,0,0,0,0,0,0,0,0,0,0,0,0,0,0,0,0,0,0,1,3,0,0,0.000004925,0.024170939,0.000808,0.000907,0.137092,0.000075,0.000152,0.181766
0,/home/capc1/ProfitabilityTool-new-27-07-26/ProfitabilityTool/capc_dataset_work_RyrnQw/feature_variants/functionCallCompute_serial_N_149.c,1,149,0,0,0,0,0,0,0,0,0,0,0,0,0,0,0,0,0,0,0,1,3,0,0,0.000005297,0.038272459,0.001226,0.001324,0.153090,0.000109,0.000217,0.139825
0,/home/capc1/ProfitabilityTool-new-27-07-26/ProfitabilityTool/capc_dataset_work_RyrnQw/feature_variants/functionCallCompute_serial_N_150.c,1,150,0,0,0,0,0,0,0,0,0,0,0,0,0,0,0,0,0,0,0,1,3,0,0,0.000005253,0.027540866,0.000680,0.000757,0.143529,0.000129,0.000248,0.096295
0,/home/capc1/ProfitabilityTool-new-27-07-26/ProfitabilityTool/capc_dataset_work_RyrnQw/feature_variants/functionCallCompute_serial_N_151.c,1,151,0,0,0,0,0,0,0,0,0,0,0,0,0,0,0,0,0,0,0,1,3,0,0,0.000005230,0.027326301,0.000696,0.000775,0.100996,0.000070,0.000142,0.106916
0,/home/capc1/ProfitabilityTool-new-27-07-26/ProfitabilityTool/capc_dataset_work_RyrnQw/feature_variants/functionCallCompute_serial_N_152.c,1,152,0,0,0,0,0,0,0,0,0,0,0,0,0,0,0,0,0,0,0,1,3,0,0,0.000002198,0.026360676,0.000870,0.000984,0.146651,0.000069,0.000141,0.153593
0,/home/capc1/ProfitabilityTool-new-27-07-26/ProfitabilityTool/capc_dataset_work_RyrnQw/feature_variants/functionCallCompute_serial_N_153.c,1,153,0,0,0,0,0,0,0,0,0,0,0,0,0,0,0,0,0,0,0,1,3,0,0,0.000002474,0.028383460,0.000817,0.000916,0.101480,0.000153,0.000272,0.097253
0,/home/capc1/ProfitabilityTool-new-27-07-26/ProfitabilityTool/capc_dataset_work_RyrnQw/feature_variants/functionCallCompute_serial_N_154.c,1,154,0,0,0,0,0,0,0,0,0,0,0,0,0,0,0,0,0,0,0,1,3,0,0,0.000005424,0.028412785,0.000996,0.001133,0.147384,0.000097,0.000193,0.104971
0,/home/capc1/ProfitabilityTool-new-27-07-26/ProfitabilityTool/capc_dataset_work_RyrnQw/feature_variants/functionCallCompute_serial_N_155.c,1,155,0,0,0,0,0,0,0,0,0,0,0,0,0,0,0,0,0,0,0,1,3,0,0,0.000005305,0.009158626,0.000705,0.000784,0.131543,0.000112,0.000220,0.096316
0,/home/capc1/ProfitabilityTool-new-27-07-26/ProfitabilityTool/capc_dataset_work_RyrnQw/feature_variants/functionCallCompute_serial_N_156.c,1,156,0,0,0,0,0,0,0,0,0,0,0,0,0,0,0,0,0,0,0,1,3,0,0,0.000001907,0.015992895,0.000698,0.000774,0.137090,0.000071,0.000145,0.099867
0,/home/capc1/ProfitabilityTool-new-27-07-26/ProfitabilityTool/capc_dataset_work_RyrnQw/feature_variants/functionCallCompute_serial_N_157.c,1,157,0,0,0,0,0,0,0,0,0,0,0,0,0,0,0,0,0,0,0,1,3,0,0,0.000005294,0.027782142,0.000707,0.000781,0.140196,0.000073,0.000148,0.149162
0,/home/capc1/ProfitabilityTool-new-27-07-26/ProfitabilityTool/capc_dataset_work_RyrnQw/feature_variants/functionCallCompute_serial_N_158.c,1,158,0,0,0,0,0,0,0,0,0,0,0,0,0,0,0,0,0,0,0,1,3,0,0,0.000005465,0.027478222,0.000706,0.000780,0.100608,0.000106,0.000220,0.102860
0,/home/capc1/ProfitabilityTool-new-27-07-26/ProfitabilityTool/capc_dataset_work_RyrnQw/feature_variants/functionCallCompute_serial_N_159.c,1,159,0,0,0,0,0,0,0,0,0,0,0,0,0,0,0,0,0,0,0,1,3,0,0,0.000002529,0.031385966,0.000696,0.000770,0.097252,0.000107,0.000216,0.111193
0,/home/capc1/ProfitabilityTool-new-27-07-26/ProfitabilityTool/capc_dataset_work_RyrnQw/feature_variants/functionCallCompute_serial_N_160.c,1,160,0,0,0,0,0,0,0,0,0,0,0,0,0,0,0,0,0,0,0,1,3,0,0,0.000005424,0.022504788,0.000814,0.000912,0.166932,0.000075,0.000145,0.100808
0,/home/capc1/ProfitabilityTool-new-27-07-26/ProfitabilityTool/capc_dataset_work_RyrnQw/feature_variants/functionCallCompute_serial_N_161.c,1,161,0,0,0,0,0,0,0,0,0,0,0,0,0,0,0,0,0,0,0,1,3,0,0,0.000005294,0.032427877,0.000721,0.000807,0.150252,0.000075,0.000157,0.096121
0,/home/capc1/ProfitabilityTool-new-27-07-26/ProfitabilityTool/capc_dataset_work_RyrnQw/feature_variants/functionCallCompute_serial_N_162.c,1,162,0,0,0,0,0,0,0,0,0,0,0,0,0,0,0,0,0,0,0,1,3,0,0,0.000004888,0.028149042,0.000686,0.000760,0.109745,0.000070,0.000141,0.141232
0,/home/capc1/ProfitabilityTool-new-27-07-26/ProfitabilityTool/capc_dataset_work_RyrnQw/feature_variants/functionCallCompute_serial_N_163.c,1,163,0,0,0,0,0,0,0,0,0,0,0,0,0,0,0,0,0,0,0,1,3,0,0,0.000005465,0.030668825,0.000694,0.000769,0.139839,0.000070,0.000148,0.095469
0,/home/capc1/ProfitabilityTool-new-27-07-26/ProfitabilityTool/capc_dataset_work_RyrnQw/feature_variants/functionCallCompute_serial_N_164.c,1,164,0,0,0,0,0,0,0,0,0,0,0,0,0,0,0,0,0,0,0,1,3,0,0,0.000005331,0.008096781,0.000692,0.000766,0.101275,0.000130,0.000256,0.143334
0,/home/capc1/ProfitabilityTool-new-27-07-26/ProfitabilityTool/capc_dataset_work_RyrnQw/feature_variants/functionCallCompute_serial_N_165.c,1,165,0,0,0,0,0,0,0,0,0,0,0,0,0,0,0,0,0,0,0,1,3,0,0,0.000002850,0.026547976,0.000716,0.000792,0.095995,0.000114,0.000227,0.170087
0,/home/capc1/ProfitabilityTool-new-27-07-26/ProfitabilityTool/capc_dataset_work_RyrnQw/feature_variants/functionCallCompute_serial_N_166.c,1,166,0,0,0,0,0,0,0,0,0,0,0,0,0,0,0,0,0,0,0,1,3,0,0,0.000002164,0.027733471,0.000876,0.000990,0.110593,0.000075,0.000153,0.145076
0,/home/capc1/ProfitabilityTool-new-27-07-26/ProfitabilityTool/capc_dataset_work_RyrnQw/feature_variants/functionCallCompute_serial_N_167.c,1,167,0,0,0,0,0,0,0,0,0,0,0,0,0,0,0,0,0,0,0,1,3,0,0,0.000002217,0.028300863,0.000802,0.000902,0.141831,0.000091,0.000182,0.171216
0,/home/capc1/ProfitabilityTool-new-27-07-26/ProfitabilityTool/capc_dataset_work_RyrnQw/feature_variants/functionCallCompute_serial_N_168.c,1,168,0,0,0,0,0,0,0,0,0,0,0,0,0,0,0,0,0,0,0,1,3,0,0,0.000005327,0.016987130,0.000689,0.000762,0.100689,0.000109,0.000218,0.096732
0,/home/capc1/ProfitabilityTool-new-27-07-26/ProfitabilityTool/capc_dataset_work_RyrnQw/feature_variants/functionCallCompute_serial_N_169.c,1,169,0,0,0,0,0,0,0,0,0,0,0,0,0,0,0,0,0,0,0,1,3,0,0,0.000005007,0.028399169,0.000829,0.000931,0.142339,0.000079,0.000158,0.097167
0,/home/capc1/ProfitabilityTool-new-27-07-26/ProfitabilityTool/capc_dataset_work_RyrnQw/feature_variants/functionCallCompute_serial_N_170.c,1,170,0,0,0,0,0,0,0,0,0,0,0,0,0,0,0,0,0,0,0,1,3,0,0,0.000005290,0.029369816,0.000702,0.000780,0.146702,0.000151,0.000297,0.149715
0,/home/capc1/ProfitabilityTool-new-27-07-26/ProfitabilityTool/capc_dataset_work_RyrnQw/feature_variants/functionCallCompute_serial_N_171.c,1,171,0,0,0,0,0,0,0,0,0,0,0,0,0,0,0,0,0,0,0,1,3,0,0,0.000003003,0.027723055,0.000913,0.001035,0.097239,0.000069,0.000139,0.174743
0,/home/capc1/ProfitabilityTool-new-27-07-26/ProfitabilityTool/capc_dataset_work_RyrnQw/feature_variants/functionCallCompute_serial_N_172.c,1,172,0,0,0,0,0,0,0,0,0,0,0,0,0,0,0,0,0,0,0,1,3,0,0,0.000004962,0.027774144,0.000700,0.000777,0.145883,0.000109,0.000216,0.096547
0,/home/capc1/ProfitabilityTool-new-27-07-26/ProfitabilityTool/capc_dataset_work_RyrnQw/feature_variants/functionCallCompute_serial_N_173.c,1,173,0,0,0,0,0,0,0,0,0,0,0,0,0,0,0,0,0,0,0,1,3,0,0,0.000005260,0.032382879,0.000742,0.000828,0.132496,0.000093,0.000188,0.097719
0,/home/capc1/ProfitabilityTool-new-27-07-26/ProfitabilityTool/capc_dataset_work_RyrnQw/feature_variants/functionCallCompute_serial_N_174.c,1,174,0,0,0,0,0,0,0,0,0,0,0,0,0,0,0,0,0,0,0,1,3,0,0,0.000005346,0.028033476,0.000800,0.000898,0.106806,0.000110,0.000222,0.096086
0,/home/capc1/ProfitabilityTool-new-27-07-26/ProfitabilityTool/capc_dataset_work_RyrnQw/feature_variants/functionCallCompute_serial_N_175.c,1,175,0,0,0,0,0,0,0,0,0,0,0,0,0,0,0,0,0,0,0,1,3,0,0,0.000005379,0.026771504,0.000785,0.000882,0.146897,0.000069,0.000144,0.147270
0,/home/capc1/ProfitabilityTool-new-27-07-26/ProfitabilityTool/capc_dataset_work_RyrnQw/feature_variants/functionCallCompute_serial_N_176.c,1,176,0,0,0,0,0,0,0,0,0,0,0,0,0,0,0,0,0,0,0,1,3,0,0,0.000002459,0.027900480,0.000937,0.001061,0.101602,0.000070,0.000138,0.146941
0,/home/capc1/ProfitabilityTool-new-27-07-26/ProfitabilityTool/capc_dataset_work_RyrnQw/feature_variants/functionCallCompute_serial_N_177.c,1,177,0,0,0,0,0,0,0,0,0,0,0,0,0,0,0,0,0,0,0,1,3,0,0,0.000002615,0.033124942,0.000674,0.000760,0.147284,0.000070,0.000141,0.104585
0,/home/capc1/ProfitabilityTool-new-27-07-26/ProfitabilityTool/capc_dataset_work_RyrnQw/feature_variants/functionCallCompute_serial_N_178.c,1,178,0,0,0,0,0,0,0,0,0,0,0,0,0,0,0,0,0,0,0,1,3,0,0,0.000003017,0.027579773,0.000915,0.001034,0.144123,0.000071,0.000143,0.096902
0,/home/capc1/ProfitabilityTool-new-27-07-26/ProfitabilityTool/capc_dataset_work_RyrnQw/feature_variants/functionCallCompute_serial_N_179.c,1,179,0,0,0,0,0,0,0,0,0,0,0,0,0,0,0,0,0,0,0,1,3,0,0,0.000005368,0.026444551,0.000723,0.000804,0.146532,0.000122,0.000254,0.098575
0,/home/capc1/ProfitabilityTool-new-27-07-26/ProfitabilityTool/capc_dataset_work_RyrnQw/feature_variants/functionCallCompute_serial_N_180.c,1,180,0,0,0,0,0,0,0,0,0,0,0,0,0,0,0,0,0,0,0,1,3,0,0,0.000005368,0.026319217,0.000800,0.000894,0.138613,0.000084,0.000168,0.106843
0,/home/capc1/ProfitabilityTool-new-27-07-26/ProfitabilityTool/capc_dataset_work_RyrnQw/feature_variants/functionCallCompute_serial_N_181.c,1,181,0,0,0,0,0,0,0,0,0,0,0,0,0,0,0,0,0,0,0,1,3,0,0,0.000004884,0.028320495,0.000777,0.000876,0.097289,0.000070,0.000141,0.095986
0,/home/capc1/ProfitabilityTool-new-27-07-26/ProfitabilityTool/capc_dataset_work_RyrnQw/feature_variants/functionCallCompute_serial_N_182.c,1,182,0,0,0,0,0,0,0,0,0,0,0,0,0,0,0,0,0,0,0,1,3,0,0,0.000005383,0.028989594,0.000688,0.000767,0.155123,0.000069,0.000138,0.096799
0,/home/capc1/ProfitabilityTool-new-27-07-26/ProfitabilityTool/capc_dataset_work_RyrnQw/feature_variants/functionCallCompute_serial_N_183.c,1,183,0,0,0,0,0,0,0,0,0,0,0,0,0,0,0,0,0,0,0,1,3,0,0,0.000002701,0.028413359,0.000699,0.000776,0.112959,0.000073,0.000146,0.147719
0,/home/capc1/ProfitabilityTool-new-27-07-26/ProfitabilityTool/capc_dataset_work_RyrnQw/feature_variants/functionCallCompute_serial_N_184.c,1,184,0,0,0,0,0,0,0,0,0,0,0,0,0,0,0,0,0,0,0,1,3,0,0,0.000005491,0.035791740,0.000693,0.000771,0.133644,0.000071,0.000143,0.095684
0,/home/capc1/ProfitabilityTool-new-27-07-26/ProfitabilityTool/capc_dataset_work_RyrnQw/feature_variants/functionCallCompute_serial_N_185.c,1,185,0,0,0,0,0,0,0,0,0,0,0,0,0,0,0,0,0,0,0,1,3,0,0,0.000005294,0.028466120,0.000736,0.000816,0.101069,0.000070,0.000139,0.099842
0,/home/capc1/ProfitabilityTool-new-27-07-26/ProfitabilityTool/capc_dataset_work_RyrnQw/feature_variants/functionCallCompute_serial_N_186.c,1,186,0,0,0,0,0,0,0,0,0,0,0,0,0,0,0,0,0,0,0,1,3,0,0,0.000005342,0.026589911,0.000957,0.001092,0.097773,0.000077,0.000145,0.111317
0,/home/capc1/ProfitabilityTool-new-27-07-26/ProfitabilityTool/capc_dataset_work_RyrnQw/feature_variants/functionCallCompute_serial_N_187.c,1,187,0,0,0,0,0,0,0,0,0,0,0,0,0,0,0,0,0,0,0,1,3,0,0,0.000005458,0.027680982,0.000960,0.001090,0.145931,0.000103,0.000196,0.096936
0,/home/capc1/ProfitabilityTool-new-27-07-26/ProfitabilityTool/capc_dataset_work_RyrnQw/feature_variants/functionCallCompute_serial_N_188.c,1,188,0,0,0,0,0,0,0,0,0,0,0,0,0,0,0,0,0,0,0,1,3,0,0,0.000002079,0.026744816,0.000805,0.000918,0.102562,0.000109,0.000220,0.097294
0,/home/capc1/ProfitabilityTool-new-27-07-26/ProfitabilityTool/capc_dataset_work_RyrnQw/feature_variants/functionCallCompute_serial_N_189.c,1,189,0,0,0,0,0,0,0,0,0,0,0,0,0,0,0,0,0,0,0,1,3,0,0,0.000002190,0.027859040,0.000675,0.000751,0.148947,0.000069,0.000144,0.140325
0,/home/capc1/ProfitabilityTool-new-27-07-26/ProfitabilityTool/capc_dataset_work_RyrnQw/feature_variants/functionCallCompute_serial_N_190.c,1,190,0,0,0,0,0,0,0,0,0,0,0,0,0,0,0,0,0,0,0,1,3,0,0,0.000005461,0.027148560,0.000695,0.000775,0.142416,0.000090,0.000179,0.152536
0,/home/capc1/ProfitabilityTool-new-27-07-26/ProfitabilityTool/capc_dataset_work_RyrnQw/feature_variants/functionCallCompute_serial_N_191.c,1,191,0,0,0,0,0,0,0,0,0,0,0,0,0,0,0,0,0,0,0,1,3,0,0,0.000002746,0.029330712,0.000841,0.000948,0.101723,0.000070,0.000140,0.100125
0,/home/capc1/ProfitabilityTool-new-27-07-26/ProfitabilityTool/capc_dataset_work_RyrnQw/feature_variants/functionCallCompute_serial_N_192.c,1,192,0,0,0,0,0,0,0,0,0,0,0,0,0,0,0,0,0,0,0,1,3,0,0,0.000005458,0.028454412,0.000673,0.000749,3.045244,0.000076,0.000152,0.195105
0,/home/capc1/ProfitabilityTool-new-27-07-26/ProfitabilityTool/capc_dataset_work_RyrnQw/feature_variants/functionCallCompute_serial_N_193.c,1,193,0,0,0,0,0,0,0,0,0,0,0,0,0,0,0,0,0,0,0,1,3,0,0,0.000003248,0.026598088,0.000696,0.000776,3.066839,0.000075,0.000147,3.164196
0,/home/capc1/ProfitabilityTool-new-27-07-26/ProfitabilityTool/capc_dataset_work_RyrnQw/feature_variants/functionCallCompute_serial_N_194.c,1,194,0,0,0,0,0,0,0,0,0,0,0,0,0,0,0,0,0,0,0,1,3,0,0,0.000004821,0.028345134,0.000675,0.000751,3.081679,0.000073,0.000147,3.233700
0,/home/capc1/ProfitabilityTool-new-27-07-26/ProfitabilityTool/capc_dataset_work_RyrnQw/feature_variants/functionCallCompute_serial_N_195.c,1,195,0,0,0,0,0,0,0,0,0,0,0,0,0,0,0,0,0,0,0,1,3,0,0,0.000005443,0.027568731,0.000675,0.000751,3.093065,0.000074,0.000147,3.190132
0,/home/capc1/ProfitabilityTool-new-27-07-26/ProfitabilityTool/capc_dataset_work_RyrnQw/feature_variants/functionCallCompute_serial_N_196.c,1,196,0,0,0,0,0,0,0,0,0,0,0,0,0,0,0,0,0,0,0,1,3,0,0,0.000003118,0.036038473,0.000674,0.000750,3.163077,0.000073,0.000144,3.052500
0,/home/capc1/ProfitabilityTool-new-27-07-26/ProfitabilityTool/capc_dataset_work_RyrnQw/feature_variants/functionCallCompute_serial_N_197.c,1,197,0,0,0,0,0,0,0,0,0,0,0,0,0,0,0,0,0,0,0,1,3,0,0,0.000002593,0.039418031,0.000674,0.000752,3.187626,0.000074,0.000146,3.137649
0,/home/capc1/ProfitabilityTool-new-27-07-26/ProfitabilityTool/capc_dataset_work_RyrnQw/feature_variants/functionCallCompute_serial_N_198.c,1,198,0,0,0,0,0,0,0,0,0,0,0,0,0,0,0,0,0,0,0,1,3,0,0,0.000005364,0.026856918,0.000672,0.000749,3.060376,0.000074,0.000146,3.044967
0,/home/capc1/ProfitabilityTool-new-27-07-26/ProfitabilityTool/capc_dataset_work_RyrnQw/feature_variants/functionCallCompute_serial_N_199.c,1,199,0,0,0,0,0,0,0,0,0,0,0,0,0,0,0,0,0,0,0,1,3,0,0,0.000005439,0.030209679,0.000695,0.000785,3.013161,0.000073,0.000145,3.080312
0,/home/capc1/ProfitabilityTool-new-27-07-26/ProfitabilityTool/capc_dataset_work_RyrnQw/feature_variants/functionCallCompute_serial_N_200.c,1,200,0,0,0,0,0,0,0,0,0,0,0,0,0,0,0,0,0,0,0,1,3,0,0,0.000005603,0.026305862,0.000710,0.000789,3.050888,0.000081,0.000153,3.160157
0,/home/capc1/ProfitabilityTool-new-27-07-26/ProfitabilityTool/capc_dataset_work_RyrnQw/feature_variants/functionCallCompute_serial_N_300.c,1,300,0,0,0,0,0,0,0,0,0,0,0,0,0,0,0,0,0,0,0,1,3,0,0,0.000005603,0.039532430,0.000681,0.000760,3.073317,0.000071,0.000148,3.193981
0,/home/capc1/ProfitabilityTool-new-27-07-26/ProfitabilityTool/capc_dataset_work_RyrnQw/feature_variants/functionCallCompute_serial_N_400.c,1,400,0,0,0,0,0,0,0,0,0,0,0,0,0,0,0,0,0,0,0,1,3,0,0,0.000006132,0.028587356,0.000677,0.000755,3.028515,0.000072,0.000148,3.127651
0,/home/capc1/ProfitabilityTool-new-27-07-26/ProfitabilityTool/capc_dataset_work_RyrnQw/feature_variants/functionCallCompute_serial_N_500.c,1,500,0,0,0,0,0,0,0,0,0,0,0,0,0,0,0,0,0,0,0,1,3,0,0,0.000007205,0.027591158,0.000681,0.000764,3.031479,0.000076,0.000155,3.093038
0,/home/capc1/ProfitabilityTool-new-27-07-26/ProfitabilityTool/capc_dataset_work_RyrnQw/feature_variants/functionCallCompute_serial_N_600.c,1,600,0,0,0,0,0,0,0,0,0,0,0,0,0,0,0,0,0,0,0,1,3,0,0,0.000006292,0.031505782,0.000699,0.000784,3.226809,0.000079,0.000168,3.022472
0,/home/capc1/ProfitabilityTool-new-27-07-26/ProfitabilityTool/capc_dataset_work_RyrnQw/feature_variants/functionCallCompute_serial_N_700.c,1,700,0,0,0,0,0,0,0,0,0,0,0,0,0,0,0,0,0,0,0,1,3,0,0,0.000006303,0.027727228,0.000681,0.000768,3.005316,0.000076,0.000160,3.047289
0,/home/capc1/ProfitabilityTool-new-27-07-26/ProfitabilityTool/capc_dataset_work_RyrnQw/feature_variants/functionCallCompute_serial_N_800.c,1,800,0,0,0,0,0,0,0,0,0,0,0,0,0,0,0,0,0,0,0,1,3,0,0,0.000013169,0.026632071,0.000684,0.000771,3.109905,0.000075,0.000159,2.973582
0,/home/capc1/ProfitabilityTool-new-27-07-26/ProfitabilityTool/capc_dataset_work_RyrnQw/feature_variants/functionCallCompute_serial_N_900.c,1,900,0,0,0,0,0,0,0,0,0,0,0,0,0,0,0,0,0,0,0,1,3,0,0,0.000007443,0.028451301,0.000664,0.000752,2.952020,0.000073,0.000162,3.132296
0,/home/capc1/ProfitabilityTool-new-27-07-26/ProfitabilityTool/capc_dataset_work_RyrnQw/feature_variants/functionCallCompute_serial_N_1000.c,1,1000,0,0,0,0,0,0,0,0,0,0,0,0,0,0,0,0,0,0,0,1,3,0,0,0.000003662,0.029794350,0.000682,0.000772,2.983941,0.000077,0.000164,3.182348
0,/home/capc1/ProfitabilityTool-new-27-07-26/ProfitabilityTool/capc_dataset_work_RyrnQw/feature_variants/functionCallCompute_serial_N_2000.c,1,2000,0,0,0,0,0,0,0,0,0,0,0,0,0,0,0,0,0,0,0,1,3,0,0,0.000021510,0.028844774,0.000685,0.000791,3.097199,0.000096,0.000198,2.995627
0,/home/capc1/ProfitabilityTool-new-27-07-26/ProfitabilityTool/capc_dataset_work_RyrnQw/feature_variants/functionCallCompute_serial_N_3000.c,1,3000,0,0,0,0,0,0,0,0,0,0,0,0,0,0,0,0,0,0,0,1,3,0,0,0.000037100,0.028161842,0.000684,0.000804,3.043423,0.000081,0.000254,3.148126
0,/home/capc1/ProfitabilityTool-new-27-07-26/ProfitabilityTool/capc_dataset_work_RyrnQw/feature_variants/functionCallCompute_serial_N_4000.c,1,4000,0,0,0,0,0,0,0,0,0,0,0,0,0,0,0,0,0,0,0,1,3,0,0,0.000020109,0.016416796,0.000678,0.000824,3.141778,0.000073,0.000268,3.023096
0,/home/capc1/ProfitabilityTool-new-27-07-26/ProfitabilityTool/capc_dataset_work_RyrnQw/feature_variants/functionCallCompute_serial_N_5000.c,1,5000,0,0,0,0,0,0,0,0,0,0,0,0,0,0,0,0,0,0,0,1,3,0,0,0.000062354,0.027683713,0.000678,0.000834,3.108054,0.000072,0.000231,3.182128
0,/home/capc1/ProfitabilityTool-new-27-07-26/ProfitabilityTool/capc_dataset_work_RyrnQw/feature_variants/functionCallCompute_serial_N_6000.c,1,6000,0,0,0,0,0,0,0,0,0,0,0,0,0,0,0,0,0,0,0,1,3,0,0,0.000076480,0.015629947,0.000681,0.000858,3.152198,0.000074,0.000248,3.230680
0,/home/capc1/ProfitabilityTool-new-27-07-26/ProfitabilityTool/capc_dataset_work_RyrnQw/feature_variants/functionCallCompute_serial_N_7000.c,1,7000,0,0,0,0,0,0,0,0,0,0,0,0,0,0,0,0,0,0,0,1,3,0,0,0.000028919,0.021267619,0.000669,0.000859,3.147871,0.000074,0.000269,3.162835
0,/home/capc1/ProfitabilityTool-new-27-07-26/ProfitabilityTool/capc_dataset_work_RyrnQw/feature_variants/functionCallCompute_serial_N_8000.c,1,8000,0,0,0,0,0,0,0,0,0,0,0,0,0,0,0,0,0,0,0,1,3,0,0,0.000042938,0.028475918,0.000679,0.000885,3.112728,0.000073,0.000280,3.066193
0,/home/capc1/ProfitabilityTool-new-27-07-26/ProfitabilityTool/capc_dataset_work_RyrnQw/feature_variants/functionCallCompute_serial_N_9000.c,1,9000,0,0,0,0,0,0,0,0,0,0,0,0,0,0,0,0,0,0,0,1,3,0,0,0.000039499,0.042209484,0.001183,0.001530,3.011525,0.000075,0.000309,3.077951
0,/home/capc1/ProfitabilityTool-new-27-07-26/ProfitabilityTool/capc_dataset_work_RyrnQw/feature_variants/functionCallCompute_serial_N_10000.c,1,10000,0,0,0,0,0,0,0,0,0,0,0,0,0,0,0,0,0,0,0,1,3,0,0,0.000136670,0.032296181,0.000681,0.000913,2.979152,0.000080,0.000313,3.183322
0,/home/capc1/ProfitabilityTool-new-27-07-26/ProfitabilityTool/capc_dataset_work_RyrnQw/feature_variants/functionCallCompute_serial_N_20000.c,1,20000,0,0,0,0,0,0,0,0,0,0,0,0,0,0,0,0,0,0,0,1,3,0,0,0.000095077,0.026404690,0.000730,0.001155,3.089020,0.000076,0.000463,3.069733
0,/home/capc1/ProfitabilityTool-new-27-07-26/ProfitabilityTool/capc_dataset_work_RyrnQw/feature_variants/functionCallCompute_serial_N_30000.c,1,30000,0,0,0,0,0,0,0,0,0,0,0,0,0,0,0,0,0,0,0,1,3,0,0,0.000415940,0.027005620,0.001187,0.002104,3.038609,0.000082,0.001005,3.076859
0,/home/capc1/ProfitabilityTool-new-27-07-26/ProfitabilityTool/capc_dataset_work_RyrnQw/feature_variants/functionCallCompute_serial_N_40000.c,1,40000,0,0,0,0,0,0,0,0,0,0,0,0,0,0,0,0,0,0,0,1,3,0,0,0.000445057,0.042591762,0.000690,0.001399,3.137824,0.000084,0.000826,3.203945
0,/home/capc1/ProfitabilityTool-new-27-07-26/ProfitabilityTool/capc_dataset_work_RyrnQw/feature_variants/functionCallCompute_serial_N_50000.c,1,50000,0,0,0,0,0,0,0,0,0,0,0,0,0,0,0,0,0,0,0,1,3,0,0,0.000633117,0.030363355,0.000696,0.001556,3.133354,0.000086,0.000982,3.065303
0,/home/capc1/ProfitabilityTool-new-27-07-26/ProfitabilityTool/capc_dataset_work_RyrnQw/feature_variants/functionCallCompute_serial_N_60000.c,1,60000,0,0,0,0,0,0,0,0,0,0,0,0,0,0,0,0,0,0,0,1,3,0,0,0.000676759,0.033565242,0.001181,0.002921,2.929438,0.000084,0.001108,2.927927
0,/home/capc1/ProfitabilityTool-new-27-07-26/ProfitabilityTool/capc_dataset_work_RyrnQw/feature_variants/functionCallCompute_serial_N_70000.c,1,70000,0,0,0,0,0,0,0,0,0,0,0,0,0,0,0,0,0,0,0,1,3,0,0,0.000864949,0.027302377,0.000716,0.001944,3.122497,0.000085,0.002123,3.122346
0,/home/capc1/ProfitabilityTool-new-27-07-26/ProfitabilityTool/capc_dataset_work_RyrnQw/feature_variants/functionCallCompute_serial_N_80000.c,1,80000,0,0,0,0,0,0,0,0,0,0,0,0,0,0,0,0,0,0,0,1,3,0,0,0.000984184,0.029722888,0.000701,0.002054,3.236664,0.000086,0.001447,3.199185
0,/home/capc1/ProfitabilityTool-new-27-07-26/ProfitabilityTool/capc_dataset_work_RyrnQw/feature_variants/functionCallCompute_serial_N_90000.c,1,90000,0,0,0,0,0,0,0,0,0,0,0,0,0,0,0,0,0,0,0,1,3,0,0,0.001233287,0.027771719,0.000711,0.002244,3.036080,0.000088,0.001627,3.080402
0,/home/capc1/ProfitabilityTool-new-27-07-26/ProfitabilityTool/capc_dataset_work_RyrnQw/feature_variants/functionCallCompute_serial_N_100000.c,1,100000,0,0,0,0,0,0,0,0,0,0,0,0,0,0,0,0,0,0,0,1,3,0,0,0.001390181,0.027832154,0.000692,0.002355,3.170049,0.000087,0.001755,3.167677
0,/home/capc1/ProfitabilityTool-new-27-07-26/ProfitabilityTool/capc_dataset_work_RyrnQw/feature_variants/functionCallCompute_serial_N_200000.c,1,200000,0,0,0,0,0,0,0,0,0,0,0,0,0,0,0,0,0,0,0,1,3,0,0,0.002409521,0.026721261,0.000701,0.002945,3.103780,0.000090,0.002360,3.002173
0,/home/capc1/ProfitabilityTool-new-27-07-26/ProfitabilityTool/capc_dataset_work_RyrnQw/feature_variants/functionCallCompute_serial_N_300000.c,1,300000,0,0,0,0,0,0,0,0,0,0,0,0,0,0,0,0,0,0,0,1,3,0,0,0.003397249,0.035487890,0.000696,0.003662,3.162567,0.000090,0.003050,2.966883
0,/home/capc1/ProfitabilityTool-new-27-07-26/ProfitabilityTool/capc_dataset_work_RyrnQw/feature_variants/functionCallCompute_serial_N_400000.c,1,400000,0,0,0,0,0,0,0,0,0,0,0,0,0,0,0,0,0,0,0,1,3,0,0,0.002931662,0.026603416,0.000701,0.004369,3.140798,0.000115,0.003808,3.129120
0,/home/capc1/ProfitabilityTool-new-27-07-26/ProfitabilityTool/capc_dataset_work_RyrnQw/feature_variants/functionCallCompute_serial_N_500000.c,1,500000,0,0,0,0,0,0,0,0,0,0,0,0,0,0,0,0,0,0,0,1,3,0,0,0.003764432,0.032001782,0.000710,0.005261,3.132422,0.000106,0.004727,2.904708
0,/home/capc1/ProfitabilityTool-new-27-07-26/ProfitabilityTool/capc_dataset_work_RyrnQw/feature_variants/functionCallCompute_serial_N_600000.c,1,600000,0,0,0,0,0,0,0,0,0,0,0,0,0,0,0,0,0,0,0,1,3,0,0,0.004489593,0.028190482,0.000710,0.005976,3.130171,0.000106,0.005387,3.105853
0,/home/capc1/ProfitabilityTool-new-27-07-26/ProfitabilityTool/capc_dataset_work_RyrnQw/feature_variants/functionCallCompute_serial_N_700000.c,1,700000,0,0,0,0,0,0,0,0,0,0,0,0,0,0,0,0,0,0,0,1,3,0,0,0.004998054,0.026970614,0.000790,0.006261,3.080817,0.000109,0.005143,2.970754
0,/home/capc1/ProfitabilityTool-new-27-07-26/ProfitabilityTool/capc_dataset_work_RyrnQw/feature_variants/functionCallCompute_serial_N_800000.c,1,800000,0,0,0,0,0,0,0,0,0,0,0,0,0,0,0,0,0,0,0,1,3,0,0,0.005468473,0.033372488,0.000726,0.006519,3.071602,0.000114,0.005946,3.242128
0,/home/capc1/ProfitabilityTool-new-27-07-26/ProfitabilityTool/capc_dataset_work_RyrnQw/feature_variants/functionCallCompute_serial_N_900000.c,1,900000,0,0,0,0,0,0,0,0,0,0,0,0,0,0,0,0,0,0,0,1,3,0,0,0.006030709,0.033317972,0.000733,0.007473,3.048673,0.000122,0.006889,2.936671
0,/home/capc1/ProfitabilityTool-new-27-07-26/ProfitabilityTool/capc_dataset_work_RyrnQw/feature_variants/functionCallCompute_serial_N_1000000.c,1,1000000,0,0,0,0,0,0,0,0,0,0,0,0,0,0,0,0,0,0,0,1,3,0,0,0.003505513,0.026629053,0.000725,0.008127,2.964679,0.000119,0.007488,3.106454
0,/home/capc1/ProfitabilityTool-new-27-07-26/ProfitabilityTool/capc_dataset_work_RyrnQw/feature_variants/functionCallCompute_serial_N_2000000.c,1,2000000,0,0,0,0,0,0,0,0,0,0,0,0,0,0,0,0,0,0,0,1,3,0,0,0.009423096,0.027679447,0.000752,0.014527,3.074178,0.000150,0.014030,3.207751
0,/home/capc1/ProfitabilityTool-new-27-07-26/ProfitabilityTool/capc_dataset_work_RyrnQw/feature_variants/functionCallCompute_serial_N_3000000.c,1,3000000,0,0,0,0,0,0,0,0,0,0,0,0,0,0,0,0,0,0,0,1,3,0,0,0.014077708,0.028450795,0.000776,0.020231,3.039245,0.000176,0.019474,3.098729
0,/home/capc1/ProfitabilityTool-new-27-07-26/ProfitabilityTool/capc_dataset_work_RyrnQw/feature_variants/functionCallCompute_serial_N_4000000.c,1,4000000,0,0,0,0,0,0,0,0,0,0,0,0,0,0,0,0,0,0,0,1,3,0,0,0.017733883,0.028177101,0.000849,0.026815,3.087325,0.000206,0.026003,3.079260
0,/home/capc1/ProfitabilityTool-new-27-07-26/ProfitabilityTool/capc_dataset_work_RyrnQw/feature_variants/functionCallCompute_serial_N_5000000.c,1,5000000,0,0,0,0,0,0,0,0,0,0,0,0,0,0,0,0,0,0,0,1,3,0,0,0.020064503,0.028430097,0.000849,0.032428,3.208262,0.000233,0.032130,3.077455
0,/home/capc1/ProfitabilityTool-new-27-07-26/ProfitabilityTool/capc_dataset_work_RyrnQw/feature_variants/functionCallCompute_serial_N_6000000.c,1,6000000,0,0,0,0,0,0,0,0,0,0,0,0,0,0,0,0,0,0,0,1,3,0,0,0.023323037,0.026747074,0.000872,0.038940,3.046919,0.000261,0.037756,3.125419
0,/home/capc1/ProfitabilityTool-new-27-07-26/ProfitabilityTool/capc_dataset_work_RyrnQw/feature_variants/functionCallCompute_serial_N_7000000.c,1,7000000,0,0,0,0,0,0,0,0,0,0,0,0,0,0,0,0,0,0,0,1,3,0,0,0.026767038,0.028846931,0.000908,0.044831,3.072322,0.000293,0.044506,3.186106
0,/home/capc1/ProfitabilityTool-new-27-07-26/ProfitabilityTool/capc_dataset_work_RyrnQw/feature_variants/functionCallCompute_serial_N_8000000.c,1,8000000,0,0,0,0,0,0,0,0,0,0,0,0,0,0,0,0,0,0,0,1,3,0,0,0.030956663,0.041693132,0.000933,0.050726,3.198739,0.000322,0.050765,3.012981
0,/home/capc1/ProfitabilityTool-new-27-07-26/ProfitabilityTool/capc_dataset_work_RyrnQw/feature_variants/functionCallCompute_serial_N_9000000.c,1,9000000,0,0,0,0,0,0,0,0,0,0,0,0,0,0,0,0,0,0,0,1,3,0,0,0.033370141,0.028244622,0.000990,0.057912,3.137351,0.000352,0.057279,3.263505
0,/home/capc1/ProfitabilityTool-new-27-07-26/ProfitabilityTool/capc_dataset_work_RyrnQw/feature_variants/functionCallCompute_serial_N_10000000.c,1,10000000,0,0,0,0,0,0,0,0,0,0,0,0,0,0,0,0,0,0,0,1,3,0,0,0.033389311,0.028316975,0.000984,0.063641,3.128957,0.000384,0.062225,3.368310
0,/home/capc1/ProfitabilityTool-new-27-07-26/ProfitabilityTool/capc_dataset_work_RyrnQw/feature_variants/functionCallCompute_serial_N_20000000.c,1,20000000,0,0,0,0,0,0,0,0,0,0,0,0,0,0,0,0,0,0,0,1,3,0,0,0.062747959,0.035278674,0.001273,0.124620,3.271482,0.000660,0.126879,3.190378
0,/home/capc1/ProfitabilityTool-new-27-07-26/ProfitabilityTool/capc_dataset_work_RyrnQw/feature_variants/functionCallCompute_serial_N_30000000.c,1,30000000,0,0,0,0,0,0,0,0,0,0,0,0,0,0,0,0,0,0,0,1,3,0,0,0.093541864,0.029627502,0.001547,0.182381,3.104111,0.000952,0.188004,3.211232
0,/home/capc1/ProfitabilityTool-new-27-07-26/ProfitabilityTool/capc_dataset_work_RyrnQw/feature_variants/functionCallCompute_serial_N_40000000.c,1,40000000,0,0,0,0,0,0,0,0,0,0,0,0,0,0,0,0,0,0,0,1,3,0,0,0.129716106,0.031578176,0.001847,0.250981,3.358886,0.001224,0.250957,3.247543
0,/home/capc1/ProfitabilityTool-new-27-07-26/ProfitabilityTool/capc_dataset_work_RyrnQw/feature_variants/functionCallCompute_serial_N_50000000.c,1,50000000,0,0,0,0,0,0,0,0,0,0,0,0,0,0,0,0,0,0,0,1,3,0,0,0.156396564,0.052507460,0.002123,0.306668,3.300900,0.001610,0.308076,3.269120
0,/home/capc1/ProfitabilityTool-new-27-07-26/ProfitabilityTool/capc_dataset_work_RyrnQw/feature_variants/functionCallCompute_serial_N_60000000.c,1,60000000,0,0,0,0,0,0,0,0,0,0,0,0,0,0,0,0,0,0,0,1,3,0,0,0.186514519,0.053095687,0.002402,0.370216,3.488350,0.001808,0.368367,3.370938
0,/home/capc1/ProfitabilityTool-new-27-07-26/ProfitabilityTool/capc_dataset_work_RyrnQw/feature_variants/functionCallCompute_serial_N_70000000.c,1,70000000,0,0,0,0,0,0,0,0,0,0,0,0,0,0,0,0,0,0,0,1,3,0,0,0.218095735,0.056450848,0.002693,0.432655,3.454004,0.002082,0.435344,3.410032
0,/home/capc1/ProfitabilityTool-new-27-07-26/ProfitabilityTool/capc_dataset_work_RyrnQw/feature_variants/functionCallCompute_serial_N_80000000.c,1,80000000,0,0,0,0,0,0,0,0,0,0,0,0,0,0,0,0,0,0,0,1,3,0,0,0.256942667,0.055816479,0.002978,0.494477,3.715179,0.002361,0.499545,3.469554
0,/home/capc1/ProfitabilityTool-new-27-07-26/ProfitabilityTool/capc_dataset_work_RyrnQw/feature_variants/functionCallCompute_serial_N_90000000.c,1,90000000,0,0,0,0,0,0,0,0,0,0,0,0,0,0,0,0,0,0,0,1,3,0,0,,,,,,,,
0,/home/capc1/ProfitabilityTool-new-27-07-26/ProfitabilityTool/capc_dataset_work_RyrnQw/feature_variants/functionCallCompute_serial_N_100000000.c,1,100000000,0,0,0,0,0,0,0,0,0,0,0,0,0,0,0,0,0,0,0,1,3,0,0,,,,,,,,
0,/home/capc1/ProfitabilityTool-new-27-07-26/ProfitabilityTool/capc_dataset_work_RyrnQw/feature_variants/functionCallCompute_serial_N_200000000.c,1,200000000,0,0,0,0,0,0,0,0,0,0,0,0,0,0,0,0,0,0,0,1,3,0,0,,,,,,,,
0,/home/capc1/ProfitabilityTool-new-27-07-26/ProfitabilityTool/capc_dataset_work_RyrnQw/feature_variants/functionCallCompute_serial_N_300000000.c,1,300000000,0,0,0,0,0,0,0,0,0,0,0,0,0,0,0,0,0,0,0,1,3,0,0,,,,,,,,
0,/home/capc1/ProfitabilityTool-new-27-07-26/ProfitabilityTool/capc_dataset_work_RyrnQw/feature_variants/functionCallCompute_serial_N_400000000.c,1,400000000,0,0,0,0,0,0,0,0,0,0,0,0,0,0,0,0,0,0,0,1,3,0,0,,,,,,,,
0,/home/capc1/ProfitabilityTool-new-27-07-26/ProfitabilityTool/capc_dataset_work_RyrnQw/feature_variants/functionCallCompute_serial_N_500000000.c,1,500000000,0,0,0,0,0,0,0,0,0,0,0,0,0,0,0,0,0,0,0,1,3,0,0,,,,,,,,
0,/home/capc1/ProfitabilityTool-new-27-07-26/ProfitabilityTool/capc_dataset_work_RyrnQw/feature_variants/functionCallCompute_serial_N_600000000.c,1,600000000,0,0,0,0,0,0,0,0,0,0,0,0,0,0,0,0,0,0,0,1,3,0,0,,,,,,,,
0,/home/capc1/ProfitabilityTool-new-27-07-26/ProfitabilityTool/capc_dataset_work_RyrnQw/feature_variants/functionCallCompute_serial_N_700000000.c,1,700000000,0,0,0,0,0,0,0,0,0,0,0,0,0,0,0,0,0,0,0,1,3,0,0,,,,,,,,
0,/home/capc1/ProfitabilityTool-new-27-07-26/ProfitabilityTool/capc_dataset_work_RyrnQw/feature_variants/functionCallCompute_serial_N_800000000.c,1,800000000,0,0,0,0,0,0,0,0,0,0,0,0,0,0,0,0,0,0,0,1,3,0,0,,,,,,,,
0,/home/capc1/ProfitabilityTool-new-27-07-26/ProfitabilityTool/capc_dataset_work_RyrnQw/feature_variants/functionCallCompute_serial_N_900000000.c,1,900000000,0,0,0,0,0,0,0,0,0,0,0,0,0,0,0,0,0,0,0,1,3,0,0,,,,,,,,
0,/home/capc1/ProfitabilityTool-new-27-07-26/ProfitabilityTool/capc_dataset_work_RyrnQw/feature_variants/functionCallCompute_serial_N_1000000000.c,1,1000000000,0,0,0,0,0,0,0,0,0,0,0,0,0,0,0,0,0,0,0,1,3,0,0,,,,,,,,
0,/home/capc1/ProfitabilityTool-new-27-07-26/ProfitabilityTool/capc_dataset_work_RyrnQw/feature_variants/indirectAccess_serial_N_1.c,1,1,1,0,1,0,2,0,0,0,0,0,0,0,2,1,12,8,0,0,0,0,3,0,0,,,,,,,,
0,/home/capc1/ProfitabilityTool-new-27-07-26/ProfitabilityTool/capc_dataset_work_RyrnQw/feature_variants/indirectAccess_serial_N_2.c,1,2,3,0,1,0,2,0,0,0,0,0,0,0,2,1,12,8,3,1,0,0,3,0,0,,,,,,,,
0,/home/capc1/ProfitabilityTool-new-27-07-26/ProfitabilityTool/capc_dataset_work_RyrnQw/feature_variants/indirectAccess_serial_N_3.c,1,3,3,0,1,0,2,0,0,0,0,0,0,0,2,1,12,8,3,1,0,0,3,0,0,,,,,,,,
0,/home/capc1/ProfitabilityTool-new-27-07-26/ProfitabilityTool/capc_dataset_work_RyrnQw/feature_variants/indirectAccess_serial_N_4.c,1,4,3,0,1,0,2,0,0,0,0,0,0,0,2,1,12,8,3,1,0,0,3,0,0,,,,,,,,
0,/home/capc1/ProfitabilityTool-new-27-07-26/ProfitabilityTool/capc_dataset_work_RyrnQw/feature_variants/indirectAccess_serial_N_5.c,1,5,3,0,1,0,2,0,0,0,0,0,0,0,2,1,12,8,3,1,0,0,3,0,0,,,,,,,,
0,/home/capc1/ProfitabilityTool-new-27-07-26/ProfitabilityTool/capc_dataset_work_RyrnQw/feature_variants/indirectAccess_serial_N_6.c,1,6,3,0,1,0,2,0,0,0,0,0,0,0,2,1,12,8,3,1,0,0,3,0,0,,,,,,,,
0,/home/capc1/ProfitabilityTool-new-27-07-26/ProfitabilityTool/capc_dataset_work_RyrnQw/feature_variants/indirectAccess_serial_N_7.c,1,7,3,0,1,0,2,0,0,0,0,0,0,0,2,1,12,8,3,1,0,0,3,0,0,,,,,,,,
0,/home/capc1/ProfitabilityTool-new-27-07-26/ProfitabilityTool/capc_dataset_work_RyrnQw/feature_variants/indirectAccess_serial_N_8.c,1,8,3,0,1,0,2,0,0,0,0,0,0,0,2,1,12,8,3,1,0,0,3,0,0,,,,,,,,
0,/home/capc1/ProfitabilityTool-new-27-07-26/ProfitabilityTool/capc_dataset_work_RyrnQw/feature_variants/indirectAccess_serial_N_9.c,1,9,3,0,1,0,2,0,0,0,0,0,0,0,2,1,12,8,3,1,0,0,3,0,0,,,,,,,,
0,/home/capc1/ProfitabilityTool-new-27-07-26/ProfitabilityTool/capc_dataset_work_RyrnQw/feature_variants/indirectAccess_serial_N_10.c,1,10,3,0,1,0,2,0,0,0,0,0,0,0,2,1,12,8,3,1,0,0,3,0,0,,,,,,,,
0,/home/capc1/ProfitabilityTool-new-27-07-26/ProfitabilityTool/capc_dataset_work_RyrnQw/feature_variants/indirectAccess_serial_N_11.c,1,11,3,0,1,0,2,0,0,0,0,0,0,0,2,1,12,8,3,1,0,0,3,0,0,,,,,,,,
0,/home/capc1/ProfitabilityTool-new-27-07-26/ProfitabilityTool/capc_dataset_work_RyrnQw/feature_variants/indirectAccess_serial_N_12.c,1,12,3,0,1,0,2,0,0,0,0,0,0,0,2,1,12,8,3,1,0,0,3,0,0,,,,,,,,
0,/home/capc1/ProfitabilityTool-new-27-07-26/ProfitabilityTool/capc_dataset_work_RyrnQw/feature_variants/indirectAccess_serial_N_13.c,1,13,3,0,1,0,2,0,0,0,0,0,0,0,2,1,12,8,3,1,0,0,3,0,0,,,,,,,,
0,/home/capc1/ProfitabilityTool-new-27-07-26/ProfitabilityTool/capc_dataset_work_RyrnQw/feature_variants/indirectAccess_serial_N_14.c,1,14,3,0,1,0,2,0,0,0,0,0,0,0,2,1,12,8,3,1,0,0,3,0,0,,,,,,,,
0,/home/capc1/ProfitabilityTool-new-27-07-26/ProfitabilityTool/capc_dataset_work_RyrnQw/feature_variants/indirectAccess_serial_N_15.c,1,15,3,0,1,0,2,0,0,0,0,0,0,0,2,1,12,8,3,1,0,0,3,0,0,,,,,,,,
0,/home/capc1/ProfitabilityTool-new-27-07-26/ProfitabilityTool/capc_dataset_work_RyrnQw/feature_variants/indirectAccess_serial_N_16.c,1,16,3,0,1,0,2,0,0,0,0,0,0,0,2,1,12,8,3,1,0,0,3,0,0,,,,,,,,
0,/home/capc1/ProfitabilityTool-new-27-07-26/ProfitabilityTool/capc_dataset_work_RyrnQw/feature_variants/indirectAccess_serial_N_17.c,1,17,3,0,1,0,2,0,0,0,0,0,0,0,2,1,12,8,3,1,0,0,3,0,0,,,,,,,,
0,/home/capc1/ProfitabilityTool-new-27-07-26/ProfitabilityTool/capc_dataset_work_RyrnQw/feature_variants/indirectAccess_serial_N_18.c,1,18,3,0,1,0,2,0,0,0,0,0,0,0,2,1,12,8,3,1,0,0,3,0,0,,,,,,,,
0,/home/capc1/ProfitabilityTool-new-27-07-26/ProfitabilityTool/capc_dataset_work_RyrnQw/feature_variants/indirectAccess_serial_N_19.c,1,19,3,0,1,0,2,0,0,0,0,0,0,0,2,1,12,8,3,1,0,0,3,0,0,,,,,,,,
0,/home/capc1/ProfitabilityTool-new-27-07-26/ProfitabilityTool/capc_dataset_work_RyrnQw/feature_variants/indirectAccess_serial_N_20.c,1,20,3,0,1,0,2,0,0,0,0,0,0,0,2,1,12,8,3,1,0,0,3,0,0,,,,,,,,
0,/home/capc1/ProfitabilityTool-new-27-07-26/ProfitabilityTool/capc_dataset_work_RyrnQw/feature_variants/indirectAccess_serial_N_21.c,1,21,3,0,1,0,2,0,0,0,0,0,0,0,2,1,12,8,3,1,0,0,3,0,0,,,,,,,,
0,/home/capc1/ProfitabilityTool-new-27-07-26/ProfitabilityTool/capc_dataset_work_RyrnQw/feature_variants/indirectAccess_serial_N_22.c,1,22,3,0,1,0,2,0,0,0,0,0,0,0,2,1,12,8,3,1,0,0,3,0,0,,,,,,,,
0,/home/capc1/ProfitabilityTool-new-27-07-26/ProfitabilityTool/capc_dataset_work_RyrnQw/feature_variants/indirectAccess_serial_N_23.c,1,23,3,0,1,0,2,0,0,0,0,0,0,0,2,1,12,8,3,1,0,0,3,0,0,,,,,,,,
0,/home/capc1/ProfitabilityTool-new-27-07-26/ProfitabilityTool/capc_dataset_work_RyrnQw/feature_variants/indirectAccess_serial_N_24.c,1,24,3,0,1,0,2,0,0,0,0,0,0,0,2,1,12,8,3,1,0,0,3,0,0,,,,,,,,
0,/home/capc1/ProfitabilityTool-new-27-07-26/ProfitabilityTool/capc_dataset_work_RyrnQw/feature_variants/indirectAccess_serial_N_25.c,1,25,3,0,1,0,2,0,0,0,0,0,0,0,2,1,12,8,3,1,0,0,3,0,0,,,,,,,,
0,/home/capc1/ProfitabilityTool-new-27-07-26/ProfitabilityTool/capc_dataset_work_RyrnQw/feature_variants/indirectAccess_serial_N_26.c,1,26,3,0,1,0,2,0,0,0,0,0,0,0,2,1,12,8,3,1,0,0,3,0,0,,,,,,,,
0,/home/capc1/ProfitabilityTool-new-27-07-26/ProfitabilityTool/capc_dataset_work_RyrnQw/feature_variants/indirectAccess_serial_N_27.c,1,27,3,0,1,0,2,0,0,0,0,0,0,0,2,1,12,8,3,1,0,0,3,0,0,,,,,,,,
0,/home/capc1/ProfitabilityTool-new-27-07-26/ProfitabilityTool/capc_dataset_work_RyrnQw/feature_variants/indirectAccess_serial_N_28.c,1,28,3,0,1,0,2,0,0,0,0,0,0,0,2,1,12,8,3,1,0,0,3,0,0,,,,,,,,
0,/home/capc1/ProfitabilityTool-new-27-07-26/ProfitabilityTool/capc_dataset_work_RyrnQw/feature_variants/indirectAccess_serial_N_29.c,1,29,3,0,1,0,2,0,0,0,0,0,0,0,2,1,12,8,3,1,0,0,3,0,0,,,,,,,,
0,/home/capc1/ProfitabilityTool-new-27-07-26/ProfitabilityTool/capc_dataset_work_RyrnQw/feature_variants/indirectAccess_serial_N_30.c,1,30,3,0,1,0,2,0,0,0,0,0,0,0,2,1,12,8,3,1,0,0,3,0,0,,,,,,,,
0,/home/capc1/ProfitabilityTool-new-27-07-26/ProfitabilityTool/capc_dataset_work_RyrnQw/feature_variants/indirectAccess_serial_N_31.c,1,31,3,0,1,0,2,0,0,0,0,0,0,0,2,1,12,8,3,1,0,0,3,0,0,,,,,,,,
0,/home/capc1/ProfitabilityTool-new-27-07-26/ProfitabilityTool/capc_dataset_work_RyrnQw/feature_variants/indirectAccess_serial_N_32.c,1,32,3,0,1,0,2,0,0,0,0,0,0,0,2,1,12,8,3,1,0,0,3,0,0,,,,,,,,
0,/home/capc1/ProfitabilityTool-new-27-07-26/ProfitabilityTool/capc_dataset_work_RyrnQw/feature_variants/indirectAccess_serial_N_33.c,1,33,3,0,1,0,2,0,0,0,0,0,0,0,2,1,12,8,3,1,0,0,3,0,0,,,,,,,,
0,/home/capc1/ProfitabilityTool-new-27-07-26/ProfitabilityTool/capc_dataset_work_RyrnQw/feature_variants/indirectAccess_serial_N_34.c,1,34,3,0,1,0,2,0,0,0,0,0,0,0,2,1,12,8,3,1,0,0,3,0,0,,,,,,,,
0,/home/capc1/ProfitabilityTool-new-27-07-26/ProfitabilityTool/capc_dataset_work_RyrnQw/feature_variants/indirectAccess_serial_N_35.c,1,35,3,0,1,0,2,0,0,0,0,0,0,0,2,1,12,8,3,1,0,0,3,0,0,,,,,,,,
0,/home/capc1/ProfitabilityTool-new-27-07-26/ProfitabilityTool/capc_dataset_work_RyrnQw/feature_variants/indirectAccess_serial_N_36.c,1,36,3,0,1,0,2,0,0,0,0,0,0,0,2,1,12,8,3,1,0,0,3,0,0,,,,,,,,
0,/home/capc1/ProfitabilityTool-new-27-07-26/ProfitabilityTool/capc_dataset_work_RyrnQw/feature_variants/indirectAccess_serial_N_37.c,1,37,3,0,1,0,2,0,0,0,0,0,0,0,2,1,12,8,3,1,0,0,3,0,0,,,,,,,,
0,/home/capc1/ProfitabilityTool-new-27-07-26/ProfitabilityTool/capc_dataset_work_RyrnQw/feature_variants/indirectAccess_serial_N_38.c,1,38,3,0,1,0,2,0,0,0,0,0,0,0,2,1,12,8,3,1,0,0,3,0,0,,,,,,,,
0,/home/capc1/ProfitabilityTool-new-27-07-26/ProfitabilityTool/capc_dataset_work_RyrnQw/feature_variants/indirectAccess_serial_N_39.c,1,39,3,0,1,0,2,0,0,0,0,0,0,0,2,1,12,8,3,1,0,0,3,0,0,,,,,,,,
0,/home/capc1/ProfitabilityTool-new-27-07-26/ProfitabilityTool/capc_dataset_work_RyrnQw/feature_variants/indirectAccess_serial_N_40.c,1,40,3,0,1,0,2,0,0,0,0,0,0,0,2,1,12,8,3,1,0,0,3,0,0,,,,,,,,
0,/home/capc1/ProfitabilityTool-new-27-07-26/ProfitabilityTool/capc_dataset_work_RyrnQw/feature_variants/indirectAccess_serial_N_41.c,1,41,3,0,1,0,2,0,0,0,0,0,0,0,2,1,12,8,3,1,0,0,3,0,0,,,,,,,,
0,/home/capc1/ProfitabilityTool-new-27-07-26/ProfitabilityTool/capc_dataset_work_RyrnQw/feature_variants/indirectAccess_serial_N_42.c,1,42,3,0,1,0,2,0,0,0,0,0,0,0,2,1,12,8,3,1,0,0,3,0,0,,,,,,,,
0,/home/capc1/ProfitabilityTool-new-27-07-26/ProfitabilityTool/capc_dataset_work_RyrnQw/feature_variants/indirectAccess_serial_N_43.c,1,43,3,0,1,0,2,0,0,0,0,0,0,0,2,1,12,8,3,1,0,0,3,0,0,,,,,,,,
0,/home/capc1/ProfitabilityTool-new-27-07-26/ProfitabilityTool/capc_dataset_work_RyrnQw/feature_variants/indirectAccess_serial_N_44.c,1,44,3,0,1,0,2,0,0,0,0,0,0,0,2,1,12,8,3,1,0,0,3,0,0,,,,,,,,
0,/home/capc1/ProfitabilityTool-new-27-07-26/ProfitabilityTool/capc_dataset_work_RyrnQw/feature_variants/indirectAccess_serial_N_45.c,1,45,3,0,1,0,2,0,0,0,0,0,0,0,2,1,12,8,3,1,0,0,3,0,0,,,,,,,,
0,/home/capc1/ProfitabilityTool-new-27-07-26/ProfitabilityTool/capc_dataset_work_RyrnQw/feature_variants/indirectAccess_serial_N_46.c,1,46,3,0,1,0,2,0,0,0,0,0,0,0,2,1,12,8,3,1,0,0,3,0,0,,,,,,,,
0,/home/capc1/ProfitabilityTool-new-27-07-26/ProfitabilityTool/capc_dataset_work_RyrnQw/feature_variants/indirectAccess_serial_N_47.c,1,47,3,0,1,0,2,0,0,0,0,0,0,0,2,1,12,8,3,1,0,0,3,0,0,,,,,,,,
0,/home/capc1/ProfitabilityTool-new-27-07-26/ProfitabilityTool/capc_dataset_work_RyrnQw/feature_variants/indirectAccess_serial_N_48.c,1,48,3,0,1,0,2,0,0,0,0,0,0,0,2,1,12,8,3,1,0,0,3,0,0,,,,,,,,
0,/home/capc1/ProfitabilityTool-new-27-07-26/ProfitabilityTool/capc_dataset_work_RyrnQw/feature_variants/indirectAccess_serial_N_49.c,1,49,3,0,1,0,2,0,0,0,0,0,0,0,2,1,12,8,3,1,0,0,3,0,0,,,,,,,,
0,/home/capc1/ProfitabilityTool-new-27-07-26/ProfitabilityTool/capc_dataset_work_RyrnQw/feature_variants/indirectAccess_serial_N_50.c,1,50,3,0,1,0,2,0,0,0,0,0,0,0,2,1,12,8,3,1,0,0,3,0,0,,,,,,,,
0,/home/capc1/ProfitabilityTool-new-27-07-26/ProfitabilityTool/capc_dataset_work_RyrnQw/feature_variants/indirectAccess_serial_N_51.c,1,51,3,0,1,0,2,0,0,0,0,0,0,0,2,1,12,8,3,1,0,0,3,0,0,,,,,,,,
0,/home/capc1/ProfitabilityTool-new-27-07-26/ProfitabilityTool/capc_dataset_work_RyrnQw/feature_variants/indirectAccess_serial_N_52.c,1,52,3,0,1,0,2,0,0,0,0,0,0,0,2,1,12,8,3,1,0,0,3,0,0,,,,,,,,
0,/home/capc1/ProfitabilityTool-new-27-07-26/ProfitabilityTool/capc_dataset_work_RyrnQw/feature_variants/indirectAccess_serial_N_53.c,1,53,3,0,1,0,2,0,0,0,0,0,0,0,2,1,12,8,3,1,0,0,3,0,0,,,,,,,,
0,/home/capc1/ProfitabilityTool-new-27-07-26/ProfitabilityTool/capc_dataset_work_RyrnQw/feature_variants/indirectAccess_serial_N_54.c,1,54,3,0,1,0,2,0,0,0,0,0,0,0,2,1,12,8,3,1,0,0,3,0,0,,,,,,,,
0,/home/capc1/ProfitabilityTool-new-27-07-26/ProfitabilityTool/capc_dataset_work_RyrnQw/feature_variants/indirectAccess_serial_N_55.c,1,55,3,0,1,0,2,0,0,0,0,0,0,0,2,1,12,8,3,1,0,0,3,0,0,,,,,,,,
0,/home/capc1/ProfitabilityTool-new-27-07-26/ProfitabilityTool/capc_dataset_work_RyrnQw/feature_variants/indirectAccess_serial_N_56.c,1,56,3,0,1,0,2,0,0,0,0,0,0,0,2,1,12,8,3,1,0,0,3,0,0,,,,,,,,
0,/home/capc1/ProfitabilityTool-new-27-07-26/ProfitabilityTool/capc_dataset_work_RyrnQw/feature_variants/indirectAccess_serial_N_57.c,1,57,3,0,1,0,2,0,0,0,0,0,0,0,2,1,12,8,3,1,0,0,3,0,0,,,,,,,,
0,/home/capc1/ProfitabilityTool-new-27-07-26/ProfitabilityTool/capc_dataset_work_RyrnQw/feature_variants/indirectAccess_serial_N_58.c,1,58,3,0,1,0,2,0,0,0,0,0,0,0,2,1,12,8,3,1,0,0,3,0,0,,,,,,,,
0,/home/capc1/ProfitabilityTool-new-27-07-26/ProfitabilityTool/capc_dataset_work_RyrnQw/feature_variants/indirectAccess_serial_N_59.c,1,59,3,0,1,0,2,0,0,0,0,0,0,0,2,1,12,8,3,1,0,0,3,0,0,,,,,,,,
0,/home/capc1/ProfitabilityTool-new-27-07-26/ProfitabilityTool/capc_dataset_work_RyrnQw/feature_variants/indirectAccess_serial_N_60.c,1,60,3,0,1,0,2,0,0,0,0,0,0,0,2,1,12,8,3,1,0,0,3,0,0,,,,,,,,
0,/home/capc1/ProfitabilityTool-new-27-07-26/ProfitabilityTool/capc_dataset_work_RyrnQw/feature_variants/indirectAccess_serial_N_61.c,1,61,3,0,1,0,2,0,0,0,0,0,0,0,2,1,12,8,3,1,0,0,3,0,0,,,,,,,,
0,/home/capc1/ProfitabilityTool-new-27-07-26/ProfitabilityTool/capc_dataset_work_RyrnQw/feature_variants/indirectAccess_serial_N_62.c,1,62,3,0,1,0,2,0,0,0,0,0,0,0,2,1,12,8,3,1,0,0,3,0,0,,,,,,,,
0,/home/capc1/ProfitabilityTool-new-27-07-26/ProfitabilityTool/capc_dataset_work_RyrnQw/feature_variants/indirectAccess_serial_N_63.c,1,63,3,0,1,0,2,0,0,0,0,0,0,0,2,1,12,8,3,1,0,0,3,0,0,,,,,,,,
0,/home/capc1/ProfitabilityTool-new-27-07-26/ProfitabilityTool/capc_dataset_work_RyrnQw/feature_variants/indirectAccess_serial_N_64.c,1,64,3,0,1,0,2,0,0,0,0,0,0,0,2,1,12,8,3,1,0,0,3,0,0,,,,,,,,
0,/home/capc1/ProfitabilityTool-new-27-07-26/ProfitabilityTool/capc_dataset_work_RyrnQw/feature_variants/indirectAccess_serial_N_65.c,1,65,3,0,1,0,2,0,0,0,0,0,0,0,2,1,12,8,3,1,0,0,3,0,0,,,,,,,,
0,/home/capc1/ProfitabilityTool-new-27-07-26/ProfitabilityTool/capc_dataset_work_RyrnQw/feature_variants/indirectAccess_serial_N_66.c,1,66,3,0,1,0,2,0,0,0,0,0,0,0,2,1,12,8,3,1,0,0,3,0,0,,,,,,,,
0,/home/capc1/ProfitabilityTool-new-27-07-26/ProfitabilityTool/capc_dataset_work_RyrnQw/feature_variants/indirectAccess_serial_N_67.c,1,67,3,0,1,0,2,0,0,0,0,0,0,0,2,1,12,8,3,1,0,0,3,0,0,,,,,,,,
0,/home/capc1/ProfitabilityTool-new-27-07-26/ProfitabilityTool/capc_dataset_work_RyrnQw/feature_variants/indirectAccess_serial_N_68.c,1,68,3,0,1,0,2,0,0,0,0,0,0,0,2,1,12,8,3,1,0,0,3,0,0,,,,,,,,
0,/home/capc1/ProfitabilityTool-new-27-07-26/ProfitabilityTool/capc_dataset_work_RyrnQw/feature_variants/indirectAccess_serial_N_69.c,1,69,3,0,1,0,2,0,0,0,0,0,0,0,2,1,12,8,3,1,0,0,3,0,0,,,,,,,,
0,/home/capc1/ProfitabilityTool-new-27-07-26/ProfitabilityTool/capc_dataset_work_RyrnQw/feature_variants/indirectAccess_serial_N_70.c,1,70,3,0,1,0,2,0,0,0,0,0,0,0,2,1,12,8,3,1,0,0,3,0,0,,,,,,,,
0,/home/capc1/ProfitabilityTool-new-27-07-26/ProfitabilityTool/capc_dataset_work_RyrnQw/feature_variants/indirectAccess_serial_N_71.c,1,71,3,0,1,0,2,0,0,0,0,0,0,0,2,1,12,8,3,1,0,0,3,0,0,,,,,,,,
0,/home/capc1/ProfitabilityTool-new-27-07-26/ProfitabilityTool/capc_dataset_work_RyrnQw/feature_variants/indirectAccess_serial_N_72.c,1,72,3,0,1,0,2,0,0,0,0,0,0,0,2,1,12,8,3,1,0,0,3,0,0,,,,,,,,
0,/home/capc1/ProfitabilityTool-new-27-07-26/ProfitabilityTool/capc_dataset_work_RyrnQw/feature_variants/indirectAccess_serial_N_73.c,1,73,3,0,1,0,2,0,0,0,0,0,0,0,2,1,12,8,3,1,0,0,3,0,0,,,,,,,,
0,/home/capc1/ProfitabilityTool-new-27-07-26/ProfitabilityTool/capc_dataset_work_RyrnQw/feature_variants/indirectAccess_serial_N_74.c,1,74,3,0,1,0,2,0,0,0,0,0,0,0,2,1,12,8,3,1,0,0,3,0,0,,,,,,,,
0,/home/capc1/ProfitabilityTool-new-27-07-26/ProfitabilityTool/capc_dataset_work_RyrnQw/feature_variants/indirectAccess_serial_N_75.c,1,75,3,0,1,0,2,0,0,0,0,0,0,0,2,1,12,8,3,1,0,0,3,0,0,,,,,,,,
0,/home/capc1/ProfitabilityTool-new-27-07-26/ProfitabilityTool/capc_dataset_work_RyrnQw/feature_variants/indirectAccess_serial_N_76.c,1,76,3,0,1,0,2,0,0,0,0,0,0,0,2,1,12,8,3,1,0,0,3,0,0,,,,,,,,
0,/home/capc1/ProfitabilityTool-new-27-07-26/ProfitabilityTool/capc_dataset_work_RyrnQw/feature_variants/indirectAccess_serial_N_77.c,1,77,3,0,1,0,2,0,0,0,0,0,0,0,2,1,12,8,3,1,0,0,3,0,0,,,,,,,,
0,/home/capc1/ProfitabilityTool-new-27-07-26/ProfitabilityTool/capc_dataset_work_RyrnQw/feature_variants/indirectAccess_serial_N_78.c,1,78,3,0,1,0,2,0,0,0,0,0,0,0,2,1,12,8,3,1,0,0,3,0,0,,,,,,,,
0,/home/capc1/ProfitabilityTool-new-27-07-26/ProfitabilityTool/capc_dataset_work_RyrnQw/feature_variants/indirectAccess_serial_N_79.c,1,79,3,0,1,0,2,0,0,0,0,0,0,0,2,1,12,8,3,1,0,0,3,0,0,,,,,,,,
0,/home/capc1/ProfitabilityTool-new-27-07-26/ProfitabilityTool/capc_dataset_work_RyrnQw/feature_variants/indirectAccess_serial_N_80.c,1,80,3,0,1,0,2,0,0,0,0,0,0,0,2,1,12,8,3,1,0,0,3,0,0,,,,,,,,
0,/home/capc1/ProfitabilityTool-new-27-07-26/ProfitabilityTool/capc_dataset_work_RyrnQw/feature_variants/indirectAccess_serial_N_81.c,1,81,3,0,1,0,2,0,0,0,0,0,0,0,2,1,12,8,3,1,0,0,3,0,0,,,,,,,,
0,/home/capc1/ProfitabilityTool-new-27-07-26/ProfitabilityTool/capc_dataset_work_RyrnQw/feature_variants/indirectAccess_serial_N_82.c,1,82,3,0,1,0,2,0,0,0,0,0,0,0,2,1,12,8,3,1,0,0,3,0,0,,,,,,,,
0,/home/capc1/ProfitabilityTool-new-27-07-26/ProfitabilityTool/capc_dataset_work_RyrnQw/feature_variants/indirectAccess_serial_N_83.c,1,83,3,0,1,0,2,0,0,0,0,0,0,0,2,1,12,8,3,1,0,0,3,0,0,,,,,,,,
0,/home/capc1/ProfitabilityTool-new-27-07-26/ProfitabilityTool/capc_dataset_work_RyrnQw/feature_variants/indirectAccess_serial_N_84.c,1,84,3,0,1,0,2,0,0,0,0,0,0,0,2,1,12,8,3,1,0,0,3,0,0,,,,,,,,
0,/home/capc1/ProfitabilityTool-new-27-07-26/ProfitabilityTool/capc_dataset_work_RyrnQw/feature_variants/indirectAccess_serial_N_85.c,1,85,3,0,1,0,2,0,0,0,0,0,0,0,2,1,12,8,3,1,0,0,3,0,0,,,,,,,,
0,/home/capc1/ProfitabilityTool-new-27-07-26/ProfitabilityTool/capc_dataset_work_RyrnQw/feature_variants/indirectAccess_serial_N_86.c,1,86,3,0,1,0,2,0,0,0,0,0,0,0,2,1,12,8,3,1,0,0,3,0,0,,,,,,,,
0,/home/capc1/ProfitabilityTool-new-27-07-26/ProfitabilityTool/capc_dataset_work_RyrnQw/feature_variants/indirectAccess_serial_N_87.c,1,87,3,0,1,0,2,0,0,0,0,0,0,0,2,1,12,8,3,1,0,0,3,0,0,,,,,,,,
0,/home/capc1/ProfitabilityTool-new-27-07-26/ProfitabilityTool/capc_dataset_work_RyrnQw/feature_variants/indirectAccess_serial_N_88.c,1,88,3,0,1,0,2,0,0,0,0,0,0,0,2,1,12,8,3,1,0,0,3,0,0,,,,,,,,
0,/home/capc1/ProfitabilityTool-new-27-07-26/ProfitabilityTool/capc_dataset_work_RyrnQw/feature_variants/indirectAccess_serial_N_89.c,1,89,3,0,1,0,2,0,0,0,0,0,0,0,2,1,12,8,3,1,0,0,3,0,0,,,,,,,,
0,/home/capc1/ProfitabilityTool-new-27-07-26/ProfitabilityTool/capc_dataset_work_RyrnQw/feature_variants/indirectAccess_serial_N_90.c,1,90,3,0,1,0,2,0,0,0,0,0,0,0,2,1,12,8,3,1,0,0,3,0,0,,,,,,,,
0,/home/capc1/ProfitabilityTool-new-27-07-26/ProfitabilityTool/capc_dataset_work_RyrnQw/feature_variants/indirectAccess_serial_N_91.c,1,91,3,0,1,0,2,0,0,0,0,0,0,0,2,1,12,8,3,1,0,0,3,0,0,,,,,,,,
0,/home/capc1/ProfitabilityTool-new-27-07-26/ProfitabilityTool/capc_dataset_work_RyrnQw/feature_variants/indirectAccess_serial_N_92.c,1,92,3,0,1,0,2,0,0,0,0,0,0,0,2,1,12,8,3,1,0,0,3,0,0,,,,,,,,
0,/home/capc1/ProfitabilityTool-new-27-07-26/ProfitabilityTool/capc_dataset_work_RyrnQw/feature_variants/indirectAccess_serial_N_93.c,1,93,3,0,1,0,2,0,0,0,0,0,0,0,2,1,12,8,3,1,0,0,3,0,0,,,,,,,,
0,/home/capc1/ProfitabilityTool-new-27-07-26/ProfitabilityTool/capc_dataset_work_RyrnQw/feature_variants/indirectAccess_serial_N_94.c,1,94,3,0,1,0,2,0,0,0,0,0,0,0,2,1,12,8,3,1,0,0,3,0,0,,,,,,,,
0,/home/capc1/ProfitabilityTool-new-27-07-26/ProfitabilityTool/capc_dataset_work_RyrnQw/feature_variants/indirectAccess_serial_N_95.c,1,95,3,0,1,0,2,0,0,0,0,0,0,0,2,1,12,8,3,1,0,0,3,0,0,,,,,,,,
0,/home/capc1/ProfitabilityTool-new-27-07-26/ProfitabilityTool/capc_dataset_work_RyrnQw/feature_variants/indirectAccess_serial_N_96.c,1,96,3,0,1,0,2,0,0,0,0,0,0,0,2,1,12,8,3,1,0,0,3,0,0,,,,,,,,
0,/home/capc1/ProfitabilityTool-new-27-07-26/ProfitabilityTool/capc_dataset_work_RyrnQw/feature_variants/indirectAccess_serial_N_97.c,1,97,3,0,1,0,2,0,0,0,0,0,0,0,2,1,12,8,3,1,0,0,3,0,0,,,,,,,,
0,/home/capc1/ProfitabilityTool-new-27-07-26/ProfitabilityTool/capc_dataset_work_RyrnQw/feature_variants/indirectAccess_serial_N_98.c,1,98,3,0,1,0,2,0,0,0,0,0,0,0,2,1,12,8,3,1,0,0,3,0,0,,,,,,,,
0,/home/capc1/ProfitabilityTool-new-27-07-26/ProfitabilityTool/capc_dataset_work_RyrnQw/feature_variants/indirectAccess_serial_N_99.c,1,99,3,0,1,0,2,0,0,0,0,0,0,0,2,1,12,8,3,1,0,0,3,0,0,,,,,,,,
0,/home/capc1/ProfitabilityTool-new-27-07-26/ProfitabilityTool/capc_dataset_work_RyrnQw/feature_variants/indirectAccess_serial_N_100.c,1,100,3,0,1,0,2,0,0,0,0,0,0,0,2,1,12,8,3,1,0,0,3,0,0,,,,,,,,
0,/home/capc1/ProfitabilityTool-new-27-07-26/ProfitabilityTool/capc_dataset_work_RyrnQw/feature_variants/indirectAccess_serial_N_101.c,1,101,3,0,1,0,2,0,0,0,0,0,0,0,2,1,12,8,3,1,0,0,3,0,0,,,,,,,,
0,/home/capc1/ProfitabilityTool-new-27-07-26/ProfitabilityTool/capc_dataset_work_RyrnQw/feature_variants/indirectAccess_serial_N_102.c,1,102,3,0,1,0,2,0,0,0,0,0,0,0,2,1,12,8,3,1,0,0,3,0,0,,,,,,,,
0,/home/capc1/ProfitabilityTool-new-27-07-26/ProfitabilityTool/capc_dataset_work_RyrnQw/feature_variants/indirectAccess_serial_N_103.c,1,103,3,0,1,0,2,0,0,0,0,0,0,0,2,1,12,8,3,1,0,0,3,0,0,,,,,,,,
0,/home/capc1/ProfitabilityTool-new-27-07-26/ProfitabilityTool/capc_dataset_work_RyrnQw/feature_variants/indirectAccess_serial_N_104.c,1,104,3,0,1,0,2,0,0,0,0,0,0,0,2,1,12,8,3,1,0,0,3,0,0,,,,,,,,
0,/home/capc1/ProfitabilityTool-new-27-07-26/ProfitabilityTool/capc_dataset_work_RyrnQw/feature_variants/indirectAccess_serial_N_105.c,1,105,3,0,1,0,2,0,0,0,0,0,0,0,2,1,12,8,3,1,0,0,3,0,0,,,,,,,,
0,/home/capc1/ProfitabilityTool-new-27-07-26/ProfitabilityTool/capc_dataset_work_RyrnQw/feature_variants/indirectAccess_serial_N_106.c,1,106,3,0,1,0,2,0,0,0,0,0,0,0,2,1,12,8,3,1,0,0,3,0,0,,,,,,,,
0,/home/capc1/ProfitabilityTool-new-27-07-26/ProfitabilityTool/capc_dataset_work_RyrnQw/feature_variants/indirectAccess_serial_N_107.c,1,107,3,0,1,0,2,0,0,0,0,0,0,0,2,1,12,8,3,1,0,0,3,0,0,,,,,,,,
0,/home/capc1/ProfitabilityTool-new-27-07-26/ProfitabilityTool/capc_dataset_work_RyrnQw/feature_variants/indirectAccess_serial_N_108.c,1,108,3,0,1,0,2,0,0,0,0,0,0,0,2,1,12,8,3,1,0,0,3,0,0,,,,,,,,
0,/home/capc1/ProfitabilityTool-new-27-07-26/ProfitabilityTool/capc_dataset_work_RyrnQw/feature_variants/indirectAccess_serial_N_109.c,1,109,3,0,1,0,2,0,0,0,0,0,0,0,2,1,12,8,3,1,0,0,3,0,0,,,,,,,,
0,/home/capc1/ProfitabilityTool-new-27-07-26/ProfitabilityTool/capc_dataset_work_RyrnQw/feature_variants/indirectAccess_serial_N_110.c,1,110,3,0,1,0,2,0,0,0,0,0,0,0,2,1,12,8,3,1,0,0,3,0,0,,,,,,,,
0,/home/capc1/ProfitabilityTool-new-27-07-26/ProfitabilityTool/capc_dataset_work_RyrnQw/feature_variants/indirectAccess_serial_N_111.c,1,111,3,0,1,0,2,0,0,0,0,0,0,0,2,1,12,8,3,1,0,0,3,0,0,,,,,,,,
0,/home/capc1/ProfitabilityTool-new-27-07-26/ProfitabilityTool/capc_dataset_work_RyrnQw/feature_variants/indirectAccess_serial_N_112.c,1,112,3,0,1,0,2,0,0,0,0,0,0,0,2,1,12,8,3,1,0,0,3,0,0,,,,,,,,
0,/home/capc1/ProfitabilityTool-new-27-07-26/ProfitabilityTool/capc_dataset_work_RyrnQw/feature_variants/indirectAccess_serial_N_113.c,1,113,3,0,1,0,2,0,0,0,0,0,0,0,2,1,12,8,3,1,0,0,3,0,0,,,,,,,,
0,/home/capc1/ProfitabilityTool-new-27-07-26/ProfitabilityTool/capc_dataset_work_RyrnQw/feature_variants/indirectAccess_serial_N_114.c,1,114,3,0,1,0,2,0,0,0,0,0,0,0,2,1,12,8,3,1,0,0,3,0,0,,,,,,,,
0,/home/capc1/ProfitabilityTool-new-27-07-26/ProfitabilityTool/capc_dataset_work_RyrnQw/feature_variants/indirectAccess_serial_N_115.c,1,115,3,0,1,0,2,0,0,0,0,0,0,0,2,1,12,8,3,1,0,0,3,0,0,,,,,,,,
0,/home/capc1/ProfitabilityTool-new-27-07-26/ProfitabilityTool/capc_dataset_work_RyrnQw/feature_variants/indirectAccess_serial_N_116.c,1,116,3,0,1,0,2,0,0,0,0,0,0,0,2,1,12,8,3,1,0,0,3,0,0,,,,,,,,
0,/home/capc1/ProfitabilityTool-new-27-07-26/ProfitabilityTool/capc_dataset_work_RyrnQw/feature_variants/indirectAccess_serial_N_117.c,1,117,3,0,1,0,2,0,0,0,0,0,0,0,2,1,12,8,3,1,0,0,3,0,0,,,,,,,,
0,/home/capc1/ProfitabilityTool-new-27-07-26/ProfitabilityTool/capc_dataset_work_RyrnQw/feature_variants/indirectAccess_serial_N_118.c,1,118,3,0,1,0,2,0,0,0,0,0,0,0,2,1,12,8,3,1,0,0,3,0,0,,,,,,,,
0,/home/capc1/ProfitabilityTool-new-27-07-26/ProfitabilityTool/capc_dataset_work_RyrnQw/feature_variants/indirectAccess_serial_N_119.c,1,119,3,0,1,0,2,0,0,0,0,0,0,0,2,1,12,8,3,1,0,0,3,0,0,,,,,,,,
0,/home/capc1/ProfitabilityTool-new-27-07-26/ProfitabilityTool/capc_dataset_work_RyrnQw/feature_variants/indirectAccess_serial_N_120.c,1,120,3,0,1,0,2,0,0,0,0,0,0,0,2,1,12,8,3,1,0,0,3,0,0,,,,,,,,
0,/home/capc1/ProfitabilityTool-new-27-07-26/ProfitabilityTool/capc_dataset_work_RyrnQw/feature_variants/indirectAccess_serial_N_121.c,1,121,3,0,1,0,2,0,0,0,0,0,0,0,2,1,12,8,3,1,0,0,3,0,0,,,,,,,,
0,/home/capc1/ProfitabilityTool-new-27-07-26/ProfitabilityTool/capc_dataset_work_RyrnQw/feature_variants/indirectAccess_serial_N_122.c,1,122,3,0,1,0,2,0,0,0,0,0,0,0,2,1,12,8,3,1,0,0,3,0,0,,,,,,,,
0,/home/capc1/ProfitabilityTool-new-27-07-26/ProfitabilityTool/capc_dataset_work_RyrnQw/feature_variants/indirectAccess_serial_N_123.c,1,123,3,0,1,0,2,0,0,0,0,0,0,0,2,1,12,8,3,1,0,0,3,0,0,,,,,,,,
0,/home/capc1/ProfitabilityTool-new-27-07-26/ProfitabilityTool/capc_dataset_work_RyrnQw/feature_variants/indirectAccess_serial_N_124.c,1,124,3,0,1,0,2,0,0,0,0,0,0,0,2,1,12,8,3,1,0,0,3,0,0,,,,,,,,
0,/home/capc1/ProfitabilityTool-new-27-07-26/ProfitabilityTool/capc_dataset_work_RyrnQw/feature_variants/indirectAccess_serial_N_125.c,1,125,3,0,1,0,2,0,0,0,0,0,0,0,2,1,12,8,3,1,0,0,3,0,0,,,,,,,,
0,/home/capc1/ProfitabilityTool-new-27-07-26/ProfitabilityTool/capc_dataset_work_RyrnQw/feature_variants/indirectAccess_serial_N_126.c,1,126,3,0,1,0,2,0,0,0,0,0,0,0,2,1,12,8,3,1,0,0,3,0,0,,,,,,,,
0,/home/capc1/ProfitabilityTool-new-27-07-26/ProfitabilityTool/capc_dataset_work_RyrnQw/feature_variants/indirectAccess_serial_N_127.c,1,127,3,0,1,0,2,0,0,0,0,0,0,0,2,1,12,8,3,1,0,0,3,0,0,,,,,,,,
0,/home/capc1/ProfitabilityTool-new-27-07-26/ProfitabilityTool/capc_dataset_work_RyrnQw/feature_variants/indirectAccess_serial_N_128.c,1,128,3,0,1,0,2,0,0,0,0,0,0,0,2,1,12,8,3,1,0,0,3,0,0,,,,,,,,
0,/home/capc1/ProfitabilityTool-new-27-07-26/ProfitabilityTool/capc_dataset_work_RyrnQw/feature_variants/indirectAccess_serial_N_129.c,1,129,3,0,1,0,2,0,0,0,0,0,0,0,2,1,12,8,3,1,0,0,3,0,0,,,,,,,,
0,/home/capc1/ProfitabilityTool-new-27-07-26/ProfitabilityTool/capc_dataset_work_RyrnQw/feature_variants/indirectAccess_serial_N_130.c,1,130,3,0,1,0,2,0,0,0,0,0,0,0,2,1,12,8,3,1,0,0,3,0,0,,,,,,,,
0,/home/capc1/ProfitabilityTool-new-27-07-26/ProfitabilityTool/capc_dataset_work_RyrnQw/feature_variants/indirectAccess_serial_N_131.c,1,131,3,0,1,0,2,0,0,0,0,0,0,0,2,1,12,8,3,1,0,0,3,0,0,,,,,,,,
0,/home/capc1/ProfitabilityTool-new-27-07-26/ProfitabilityTool/capc_dataset_work_RyrnQw/feature_variants/indirectAccess_serial_N_132.c,1,132,3,0,1,0,2,0,0,0,0,0,0,0,2,1,12,8,3,1,0,0,3,0,0,,,,,,,,
0,/home/capc1/ProfitabilityTool-new-27-07-26/ProfitabilityTool/capc_dataset_work_RyrnQw/feature_variants/indirectAccess_serial_N_133.c,1,133,3,0,1,0,2,0,0,0,0,0,0,0,2,1,12,8,3,1,0,0,3,0,0,,,,,,,,
0,/home/capc1/ProfitabilityTool-new-27-07-26/ProfitabilityTool/capc_dataset_work_RyrnQw/feature_variants/indirectAccess_serial_N_134.c,1,134,3,0,1,0,2,0,0,0,0,0,0,0,2,1,12,8,3,1,0,0,3,0,0,,,,,,,,
0,/home/capc1/ProfitabilityTool-new-27-07-26/ProfitabilityTool/capc_dataset_work_RyrnQw/feature_variants/indirectAccess_serial_N_135.c,1,135,3,0,1,0,2,0,0,0,0,0,0,0,2,1,12,8,3,1,0,0,3,0,0,,,,,,,,
0,/home/capc1/ProfitabilityTool-new-27-07-26/ProfitabilityTool/capc_dataset_work_RyrnQw/feature_variants/indirectAccess_serial_N_136.c,1,136,3,0,1,0,2,0,0,0,0,0,0,0,2,1,12,8,3,1,0,0,3,0,0,,,,,,,,
0,/home/capc1/ProfitabilityTool-new-27-07-26/ProfitabilityTool/capc_dataset_work_RyrnQw/feature_variants/indirectAccess_serial_N_137.c,1,137,3,0,1,0,2,0,0,0,0,0,0,0,2,1,12,8,3,1,0,0,3,0,0,,,,,,,,
0,/home/capc1/ProfitabilityTool-new-27-07-26/ProfitabilityTool/capc_dataset_work_RyrnQw/feature_variants/indirectAccess_serial_N_138.c,1,138,3,0,1,0,2,0,0,0,0,0,0,0,2,1,12,8,3,1,0,0,3,0,0,,,,,,,,
0,/home/capc1/ProfitabilityTool-new-27-07-26/ProfitabilityTool/capc_dataset_work_RyrnQw/feature_variants/indirectAccess_serial_N_139.c,1,139,3,0,1,0,2,0,0,0,0,0,0,0,2,1,12,8,3,1,0,0,3,0,0,,,,,,,,
0,/home/capc1/ProfitabilityTool-new-27-07-26/ProfitabilityTool/capc_dataset_work_RyrnQw/feature_variants/indirectAccess_serial_N_140.c,1,140,3,0,1,0,2,0,0,0,0,0,0,0,2,1,12,8,3,1,0,0,3,0,0,,,,,,,,
0,/home/capc1/ProfitabilityTool-new-27-07-26/ProfitabilityTool/capc_dataset_work_RyrnQw/feature_variants/indirectAccess_serial_N_141.c,1,141,3,0,1,0,2,0,0,0,0,0,0,0,2,1,12,8,3,1,0,0,3,0,0,,,,,,,,
0,/home/capc1/ProfitabilityTool-new-27-07-26/ProfitabilityTool/capc_dataset_work_RyrnQw/feature_variants/indirectAccess_serial_N_142.c,1,142,3,0,1,0,2,0,0,0,0,0,0,0,2,1,12,8,3,1,0,0,3,0,0,,,,,,,,
0,/home/capc1/ProfitabilityTool-new-27-07-26/ProfitabilityTool/capc_dataset_work_RyrnQw/feature_variants/indirectAccess_serial_N_143.c,1,143,3,0,1,0,2,0,0,0,0,0,0,0,2,1,12,8,3,1,0,0,3,0,0,,,,,,,,
0,/home/capc1/ProfitabilityTool-new-27-07-26/ProfitabilityTool/capc_dataset_work_RyrnQw/feature_variants/indirectAccess_serial_N_144.c,1,144,3,0,1,0,2,0,0,0,0,0,0,0,2,1,12,8,3,1,0,0,3,0,0,,,,,,,,
0,/home/capc1/ProfitabilityTool-new-27-07-26/ProfitabilityTool/capc_dataset_work_RyrnQw/feature_variants/indirectAccess_serial_N_145.c,1,145,3,0,1,0,2,0,0,0,0,0,0,0,2,1,12,8,3,1,0,0,3,0,0,,,,,,,,
0,/home/capc1/ProfitabilityTool-new-27-07-26/ProfitabilityTool/capc_dataset_work_RyrnQw/feature_variants/indirectAccess_serial_N_146.c,1,146,3,0,1,0,2,0,0,0,0,0,0,0,2,1,12,8,3,1,0,0,3,0,0,,,,,,,,
0,/home/capc1/ProfitabilityTool-new-27-07-26/ProfitabilityTool/capc_dataset_work_RyrnQw/feature_variants/indirectAccess_serial_N_147.c,1,147,3,0,1,0,2,0,0,0,0,0,0,0,2,1,12,8,3,1,0,0,3,0,0,,,,,,,,
0,/home/capc1/ProfitabilityTool-new-27-07-26/ProfitabilityTool/capc_dataset_work_RyrnQw/feature_variants/indirectAccess_serial_N_148.c,1,148,3,0,1,0,2,0,0,0,0,0,0,0,2,1,12,8,3,1,0,0,3,0,0,,,,,,,,
0,/home/capc1/ProfitabilityTool-new-27-07-26/ProfitabilityTool/capc_dataset_work_RyrnQw/feature_variants/indirectAccess_serial_N_149.c,1,149,3,0,1,0,2,0,0,0,0,0,0,0,2,1,12,8,3,1,0,0,3,0,0,,,,,,,,
0,/home/capc1/ProfitabilityTool-new-27-07-26/ProfitabilityTool/capc_dataset_work_RyrnQw/feature_variants/indirectAccess_serial_N_150.c,1,150,3,0,1,0,2,0,0,0,0,0,0,0,2,1,12,8,3,1,0,0,3,0,0,,,,,,,,
0,/home/capc1/ProfitabilityTool-new-27-07-26/ProfitabilityTool/capc_dataset_work_RyrnQw/feature_variants/indirectAccess_serial_N_151.c,1,151,3,0,1,0,2,0,0,0,0,0,0,0,2,1,12,8,3,1,0,0,3,0,0,,,,,,,,
0,/home/capc1/ProfitabilityTool-new-27-07-26/ProfitabilityTool/capc_dataset_work_RyrnQw/feature_variants/indirectAccess_serial_N_152.c,1,152,3,0,1,0,2,0,0,0,0,0,0,0,2,1,12,8,3,1,0,0,3,0,0,,,,,,,,
0,/home/capc1/ProfitabilityTool-new-27-07-26/ProfitabilityTool/capc_dataset_work_RyrnQw/feature_variants/indirectAccess_serial_N_153.c,1,153,3,0,1,0,2,0,0,0,0,0,0,0,2,1,12,8,3,1,0,0,3,0,0,,,,,,,,
0,/home/capc1/ProfitabilityTool-new-27-07-26/ProfitabilityTool/capc_dataset_work_RyrnQw/feature_variants/indirectAccess_serial_N_154.c,1,154,3,0,1,0,2,0,0,0,0,0,0,0,2,1,12,8,3,1,0,0,3,0,0,,,,,,,,
0,/home/capc1/ProfitabilityTool-new-27-07-26/ProfitabilityTool/capc_dataset_work_RyrnQw/feature_variants/indirectAccess_serial_N_155.c,1,155,3,0,1,0,2,0,0,0,0,0,0,0,2,1,12,8,3,1,0,0,3,0,0,,,,,,,,
0,/home/capc1/ProfitabilityTool-new-27-07-26/ProfitabilityTool/capc_dataset_work_RyrnQw/feature_variants/indirectAccess_serial_N_156.c,1,156,3,0,1,0,2,0,0,0,0,0,0,0,2,1,12,8,3,1,0,0,3,0,0,,,,,,,,
0,/home/capc1/ProfitabilityTool-new-27-07-26/ProfitabilityTool/capc_dataset_work_RyrnQw/feature_variants/indirectAccess_serial_N_157.c,1,157,3,0,1,0,2,0,0,0,0,0,0,0,2,1,12,8,3,1,0,0,3,0,0,,,,,,,,
0,/home/capc1/ProfitabilityTool-new-27-07-26/ProfitabilityTool/capc_dataset_work_RyrnQw/feature_variants/indirectAccess_serial_N_158.c,1,158,3,0,1,0,2,0,0,0,0,0,0,0,2,1,12,8,3,1,0,0,3,0,0,,,,,,,,
0,/home/capc1/ProfitabilityTool-new-27-07-26/ProfitabilityTool/capc_dataset_work_RyrnQw/feature_variants/indirectAccess_serial_N_159.c,1,159,3,0,1,0,2,0,0,0,0,0,0,0,2,1,12,8,3,1,0,0,3,0,0,,,,,,,,
0,/home/capc1/ProfitabilityTool-new-27-07-26/ProfitabilityTool/capc_dataset_work_RyrnQw/feature_variants/indirectAccess_serial_N_160.c,1,160,3,0,1,0,2,0,0,0,0,0,0,0,2,1,12,8,3,1,0,0,3,0,0,,,,,,,,
0,/home/capc1/ProfitabilityTool-new-27-07-26/ProfitabilityTool/capc_dataset_work_RyrnQw/feature_variants/indirectAccess_serial_N_161.c,1,161,3,0,1,0,2,0,0,0,0,0,0,0,2,1,12,8,3,1,0,0,3,0,0,,,,,,,,
0,/home/capc1/ProfitabilityTool-new-27-07-26/ProfitabilityTool/capc_dataset_work_RyrnQw/feature_variants/indirectAccess_serial_N_162.c,1,162,3,0,1,0,2,0,0,0,0,0,0,0,2,1,12,8,3,1,0,0,3,0,0,,,,,,,,
0,/home/capc1/ProfitabilityTool-new-27-07-26/ProfitabilityTool/capc_dataset_work_RyrnQw/feature_variants/indirectAccess_serial_N_163.c,1,163,3,0,1,0,2,0,0,0,0,0,0,0,2,1,12,8,3,1,0,0,3,0,0,,,,,,,,
0,/home/capc1/ProfitabilityTool-new-27-07-26/ProfitabilityTool/capc_dataset_work_RyrnQw/feature_variants/indirectAccess_serial_N_164.c,1,164,3,0,1,0,2,0,0,0,0,0,0,0,2,1,12,8,3,1,0,0,3,0,0,,,,,,,,
0,/home/capc1/ProfitabilityTool-new-27-07-26/ProfitabilityTool/capc_dataset_work_RyrnQw/feature_variants/indirectAccess_serial_N_165.c,1,165,3,0,1,0,2,0,0,0,0,0,0,0,2,1,12,8,3,1,0,0,3,0,0,,,,,,,,
0,/home/capc1/ProfitabilityTool-new-27-07-26/ProfitabilityTool/capc_dataset_work_RyrnQw/feature_variants/indirectAccess_serial_N_166.c,1,166,3,0,1,0,2,0,0,0,0,0,0,0,2,1,12,8,3,1,0,0,3,0,0,,,,,,,,
0,/home/capc1/ProfitabilityTool-new-27-07-26/ProfitabilityTool/capc_dataset_work_RyrnQw/feature_variants/indirectAccess_serial_N_167.c,1,167,3,0,1,0,2,0,0,0,0,0,0,0,2,1,12,8,3,1,0,0,3,0,0,,,,,,,,
0,/home/capc1/ProfitabilityTool-new-27-07-26/ProfitabilityTool/capc_dataset_work_RyrnQw/feature_variants/indirectAccess_serial_N_168.c,1,168,3,0,1,0,2,0,0,0,0,0,0,0,2,1,12,8,3,1,0,0,3,0,0,,,,,,,,
0,/home/capc1/ProfitabilityTool-new-27-07-26/ProfitabilityTool/capc_dataset_work_RyrnQw/feature_variants/indirectAccess_serial_N_169.c,1,169,3,0,1,0,2,0,0,0,0,0,0,0,2,1,12,8,3,1,0,0,3,0,0,,,,,,,,
0,/home/capc1/ProfitabilityTool-new-27-07-26/ProfitabilityTool/capc_dataset_work_RyrnQw/feature_variants/indirectAccess_serial_N_170.c,1,170,3,0,1,0,2,0,0,0,0,0,0,0,2,1,12,8,3,1,0,0,3,0,0,,,,,,,,
0,/home/capc1/ProfitabilityTool-new-27-07-26/ProfitabilityTool/capc_dataset_work_RyrnQw/feature_variants/indirectAccess_serial_N_171.c,1,171,3,0,1,0,2,0,0,0,0,0,0,0,2,1,12,8,3,1,0,0,3,0,0,,,,,,,,
0,/home/capc1/ProfitabilityTool-new-27-07-26/ProfitabilityTool/capc_dataset_work_RyrnQw/feature_variants/indirectAccess_serial_N_172.c,1,172,3,0,1,0,2,0,0,0,0,0,0,0,2,1,12,8,3,1,0,0,3,0,0,,,,,,,,
0,/home/capc1/ProfitabilityTool-new-27-07-26/ProfitabilityTool/capc_dataset_work_RyrnQw/feature_variants/indirectAccess_serial_N_173.c,1,173,3,0,1,0,2,0,0,0,0,0,0,0,2,1,12,8,3,1,0,0,3,0,0,,,,,,,,
0,/home/capc1/ProfitabilityTool-new-27-07-26/ProfitabilityTool/capc_dataset_work_RyrnQw/feature_variants/indirectAccess_serial_N_174.c,1,174,3,0,1,0,2,0,0,0,0,0,0,0,2,1,12,8,3,1,0,0,3,0,0,,,,,,,,
0,/home/capc1/ProfitabilityTool-new-27-07-26/ProfitabilityTool/capc_dataset_work_RyrnQw/feature_variants/indirectAccess_serial_N_175.c,1,175,3,0,1,0,2,0,0,0,0,0,0,0,2,1,12,8,3,1,0,0,3,0,0,,,,,,,,
0,/home/capc1/ProfitabilityTool-new-27-07-26/ProfitabilityTool/capc_dataset_work_RyrnQw/feature_variants/indirectAccess_serial_N_176.c,1,176,3,0,1,0,2,0,0,0,0,0,0,0,2,1,12,8,3,1,0,0,3,0,0,,,,,,,,
0,/home/capc1/ProfitabilityTool-new-27-07-26/ProfitabilityTool/capc_dataset_work_RyrnQw/feature_variants/indirectAccess_serial_N_177.c,1,177,3,0,1,0,2,0,0,0,0,0,0,0,2,1,12,8,3,1,0,0,3,0,0,,,,,,,,
0,/home/capc1/ProfitabilityTool-new-27-07-26/ProfitabilityTool/capc_dataset_work_RyrnQw/feature_variants/indirectAccess_serial_N_178.c,1,178,3,0,1,0,2,0,0,0,0,0,0,0,2,1,12,8,3,1,0,0,3,0,0,,,,,,,,
0,/home/capc1/ProfitabilityTool-new-27-07-26/ProfitabilityTool/capc_dataset_work_RyrnQw/feature_variants/indirectAccess_serial_N_179.c,1,179,3,0,1,0,2,0,0,0,0,0,0,0,2,1,12,8,3,1,0,0,3,0,0,,,,,,,,
0,/home/capc1/ProfitabilityTool-new-27-07-26/ProfitabilityTool/capc_dataset_work_RyrnQw/feature_variants/indirectAccess_serial_N_180.c,1,180,3,0,1,0,2,0,0,0,0,0,0,0,2,1,12,8,3,1,0,0,3,0,0,,,,,,,,
0,/home/capc1/ProfitabilityTool-new-27-07-26/ProfitabilityTool/capc_dataset_work_RyrnQw/feature_variants/indirectAccess_serial_N_181.c,1,181,3,0,1,0,2,0,0,0,0,0,0,0,2,1,12,8,3,1,0,0,3,0,0,,,,,,,,
0,/home/capc1/ProfitabilityTool-new-27-07-26/ProfitabilityTool/capc_dataset_work_RyrnQw/feature_variants/indirectAccess_serial_N_182.c,1,182,3,0,1,0,2,0,0,0,0,0,0,0,2,1,12,8,3,1,0,0,3,0,0,,,,,,,,
0,/home/capc1/ProfitabilityTool-new-27-07-26/ProfitabilityTool/capc_dataset_work_RyrnQw/feature_variants/indirectAccess_serial_N_183.c,1,183,3,0,1,0,2,0,0,0,0,0,0,0,2,1,12,8,3,1,0,0,3,0,0,,,,,,,,
0,/home/capc1/ProfitabilityTool-new-27-07-26/ProfitabilityTool/capc_dataset_work_RyrnQw/feature_variants/indirectAccess_serial_N_184.c,1,184,3,0,1,0,2,0,0,0,0,0,0,0,2,1,12,8,3,1,0,0,3,0,0,,,,,,,,
0,/home/capc1/ProfitabilityTool-new-27-07-26/ProfitabilityTool/capc_dataset_work_RyrnQw/feature_variants/indirectAccess_serial_N_185.c,1,185,3,0,1,0,2,0,0,0,0,0,0,0,2,1,12,8,3,1,0,0,3,0,0,,,,,,,,
0,/home/capc1/ProfitabilityTool-new-27-07-26/ProfitabilityTool/capc_dataset_work_RyrnQw/feature_variants/indirectAccess_serial_N_186.c,1,186,3,0,1,0,2,0,0,0,0,0,0,0,2,1,12,8,3,1,0,0,3,0,0,,,,,,,,
0,/home/capc1/ProfitabilityTool-new-27-07-26/ProfitabilityTool/capc_dataset_work_RyrnQw/feature_variants/indirectAccess_serial_N_187.c,1,187,3,0,1,0,2,0,0,0,0,0,0,0,2,1,12,8,3,1,0,0,3,0,0,,,,,,,,
0,/home/capc1/ProfitabilityTool-new-27-07-26/ProfitabilityTool/capc_dataset_work_RyrnQw/feature_variants/indirectAccess_serial_N_188.c,1,188,3,0,1,0,2,0,0,0,0,0,0,0,2,1,12,8,3,1,0,0,3,0,0,,,,,,,,
0,/home/capc1/ProfitabilityTool-new-27-07-26/ProfitabilityTool/capc_dataset_work_RyrnQw/feature_variants/indirectAccess_serial_N_189.c,1,189,3,0,1,0,2,0,0,0,0,0,0,0,2,1,12,8,3,1,0,0,3,0,0,,,,,,,,
0,/home/capc1/ProfitabilityTool-new-27-07-26/ProfitabilityTool/capc_dataset_work_RyrnQw/feature_variants/indirectAccess_serial_N_190.c,1,190,3,0,1,0,2,0,0,0,0,0,0,0,2,1,12,8,3,1,0,0,3,0,0,,,,,,,,
0,/home/capc1/ProfitabilityTool-new-27-07-26/ProfitabilityTool/capc_dataset_work_RyrnQw/feature_variants/indirectAccess_serial_N_191.c,1,191,3,0,1,0,2,0,0,0,0,0,0,0,2,1,12,8,3,1,0,0,3,0,0,,,,,,,,
0,/home/capc1/ProfitabilityTool-new-27-07-26/ProfitabilityTool/capc_dataset_work_RyrnQw/feature_variants/indirectAccess_serial_N_192.c,1,192,3,0,1,0,2,0,0,0,0,0,0,0,2,1,12,8,3,1,0,0,3,0,0,,,,,,,,
0,/home/capc1/ProfitabilityTool-new-27-07-26/ProfitabilityTool/capc_dataset_work_RyrnQw/feature_variants/indirectAccess_serial_N_193.c,1,193,3,0,1,0,2,0,0,0,0,0,0,0,2,1,12,8,3,1,0,0,3,0,0,,,,,,,,
0,/home/capc1/ProfitabilityTool-new-27-07-26/ProfitabilityTool/capc_dataset_work_RyrnQw/feature_variants/indirectAccess_serial_N_194.c,1,194,3,0,1,0,2,0,0,0,0,0,0,0,2,1,12,8,3,1,0,0,3,0,0,,,,,,,,
0,/home/capc1/ProfitabilityTool-new-27-07-26/ProfitabilityTool/capc_dataset_work_RyrnQw/feature_variants/indirectAccess_serial_N_195.c,1,195,3,0,1,0,2,0,0,0,0,0,0,0,2,1,12,8,3,1,0,0,3,0,0,,,,,,,,
0,/home/capc1/ProfitabilityTool-new-27-07-26/ProfitabilityTool/capc_dataset_work_RyrnQw/feature_variants/indirectAccess_serial_N_196.c,1,196,3,0,1,0,2,0,0,0,0,0,0,0,2,1,12,8,3,1,0,0,3,0,0,,,,,,,,
0,/home/capc1/ProfitabilityTool-new-27-07-26/ProfitabilityTool/capc_dataset_work_RyrnQw/feature_variants/indirectAccess_serial_N_197.c,1,197,3,0,1,0,2,0,0,0,0,0,0,0,2,1,12,8,3,1,0,0,3,0,0,,,,,,,,
0,/home/capc1/ProfitabilityTool-new-27-07-26/ProfitabilityTool/capc_dataset_work_RyrnQw/feature_variants/indirectAccess_serial_N_198.c,1,198,3,0,1,0,2,0,0,0,0,0,0,0,2,1,12,8,3,1,0,0,3,0,0,,,,,,,,
0,/home/capc1/ProfitabilityTool-new-27-07-26/ProfitabilityTool/capc_dataset_work_RyrnQw/feature_variants/indirectAccess_serial_N_199.c,1,199,3,0,1,0,2,0,0,0,0,0,0,0,2,1,12,8,3,1,0,0,3,0,0,,,,,,,,
0,/home/capc1/ProfitabilityTool-new-27-07-26/ProfitabilityTool/capc_dataset_work_RyrnQw/feature_variants/indirectAccess_serial_N_200.c,1,200,3,0,1,0,2,0,0,0,0,0,0,0,2,1,12,8,3,1,0,0,3,0,0,,,,,,,,
0,/home/capc1/ProfitabilityTool-new-27-07-26/ProfitabilityTool/capc_dataset_work_RyrnQw/feature_variants/indirectAccess_serial_N_300.c,1,300,3,0,1,0,2,0,0,0,0,0,0,0,2,1,12,8,3,1,0,0,3,0,0,,,,,,,,
0,/home/capc1/ProfitabilityTool-new-27-07-26/ProfitabilityTool/capc_dataset_work_RyrnQw/feature_variants/indirectAccess_serial_N_400.c,1,400,3,0,1,0,2,0,0,0,0,0,0,0,2,1,12,8,3,1,0,0,3,0,0,,,,,,,,
0,/home/capc1/ProfitabilityTool-new-27-07-26/ProfitabilityTool/capc_dataset_work_RyrnQw/feature_variants/indirectAccess_serial_N_500.c,1,500,3,0,1,0,2,0,0,0,0,0,0,0,2,1,12,8,3,1,0,0,3,0,0,,,,,,,,
0,/home/capc1/ProfitabilityTool-new-27-07-26/ProfitabilityTool/capc_dataset_work_RyrnQw/feature_variants/indirectAccess_serial_N_600.c,1,600,3,0,1,0,2,0,0,0,0,0,0,0,2,1,12,8,3,1,0,0,3,0,0,,,,,,,,
0,/home/capc1/ProfitabilityTool-new-27-07-26/ProfitabilityTool/capc_dataset_work_RyrnQw/feature_variants/indirectAccess_serial_N_700.c,1,700,3,0,1,0,2,0,0,0,0,0,0,0,2,1,12,8,3,1,0,0,3,0,0,,,,,,,,
0,/home/capc1/ProfitabilityTool-new-27-07-26/ProfitabilityTool/capc_dataset_work_RyrnQw/feature_variants/indirectAccess_serial_N_800.c,1,800,3,0,1,0,2,0,0,0,0,0,0,0,2,1,12,8,3,1,0,0,3,0,0,,,,,,,,
0,/home/capc1/ProfitabilityTool-new-27-07-26/ProfitabilityTool/capc_dataset_work_RyrnQw/feature_variants/indirectAccess_serial_N_900.c,1,900,3,0,1,0,2,0,0,0,0,0,0,0,2,1,12,8,3,1,0,0,3,0,0,,,,,,,,
0,/home/capc1/ProfitabilityTool-new-27-07-26/ProfitabilityTool/capc_dataset_work_RyrnQw/feature_variants/indirectAccess_serial_N_1000.c,1,1000,3,0,1,0,2,0,0,0,0,0,0,0,2,1,12,8,3,1,0,0,3,0,0,,,,,,,,
0,/home/capc1/ProfitabilityTool-new-27-07-26/ProfitabilityTool/capc_dataset_work_RyrnQw/feature_variants/indirectAccess_serial_N_2000.c,1,2000,3,0,1,0,2,0,0,0,0,0,0,0,2,1,12,8,3,1,0,0,3,0,0,,,,,,,,
0,/home/capc1/ProfitabilityTool-new-27-07-26/ProfitabilityTool/capc_dataset_work_RyrnQw/feature_variants/indirectAccess_serial_N_3000.c,1,3000,3,0,1,0,2,0,0,0,0,0,0,0,2,1,12,8,3,1,0,0,3,0,0,,,,,,,,
0,/home/capc1/ProfitabilityTool-new-27-07-26/ProfitabilityTool/capc_dataset_work_RyrnQw/feature_variants/indirectAccess_serial_N_4000.c,1,4000,3,0,1,0,2,0,0,0,0,0,0,0,2,1,12,8,3,1,0,0,3,0,0,,,,,,,,
0,/home/capc1/ProfitabilityTool-new-27-07-26/ProfitabilityTool/capc_dataset_work_RyrnQw/feature_variants/indirectAccess_serial_N_5000.c,1,5000,3,0,1,0,2,0,0,0,0,0,0,0,2,1,12,8,3,1,0,0,3,0,0,,,,,,,,
0,/home/capc1/ProfitabilityTool-new-27-07-26/ProfitabilityTool/capc_dataset_work_RyrnQw/feature_variants/indirectAccess_serial_N_6000.c,1,6000,3,0,1,0,2,0,0,0,0,0,0,0,2,1,12,8,3,1,0,0,3,0,0,,,,,,,,
0,/home/capc1/ProfitabilityTool-new-27-07-26/ProfitabilityTool/capc_dataset_work_RyrnQw/feature_variants/indirectAccess_serial_N_7000.c,1,7000,3,0,1,0,2,0,0,0,0,0,0,0,2,1,12,8,3,1,0,0,3,0,0,,,,,,,,
0,/home/capc1/ProfitabilityTool-new-27-07-26/ProfitabilityTool/capc_dataset_work_RyrnQw/feature_variants/indirectAccess_serial_N_8000.c,1,8000,3,0,1,0,2,0,0,0,0,0,0,0,2,1,12,8,3,1,0,0,3,0,0,,,,,,,,
0,/home/capc1/ProfitabilityTool-new-27-07-26/ProfitabilityTool/capc_dataset_work_RyrnQw/feature_variants/indirectAccess_serial_N_9000.c,1,9000,3,0,1,0,2,0,0,0,0,0,0,0,2,1,12,8,3,1,0,0,3,0,0,,,,,,,,
0,/home/capc1/ProfitabilityTool-new-27-07-26/ProfitabilityTool/capc_dataset_work_RyrnQw/feature_variants/indirectAccess_serial_N_10000.c,1,10000,3,0,1,0,2,0,0,0,0,0,0,0,2,1,12,8,3,1,0,0,3,0,0,,,,,,,,
0,/home/capc1/ProfitabilityTool-new-27-07-26/ProfitabilityTool/capc_dataset_work_RyrnQw/feature_variants/indirectAccess_serial_N_20000.c,1,20000,3,0,1,0,2,0,0,0,0,0,0,0,2,1,12,8,3,1,0,0,3,0,0,,,,,,,,
0,/home/capc1/ProfitabilityTool-new-27-07-26/ProfitabilityTool/capc_dataset_work_RyrnQw/feature_variants/indirectAccess_serial_N_30000.c,1,30000,3,0,1,0,2,0,0,0,0,0,0,0,2,1,12,8,3,1,0,0,3,0,0,,,,,,,,
0,/home/capc1/ProfitabilityTool-new-27-07-26/ProfitabilityTool/capc_dataset_work_RyrnQw/feature_variants/indirectAccess_serial_N_40000.c,1,40000,3,0,1,0,2,0,0,0,0,0,0,0,2,1,12,8,3,1,0,0,3,0,0,,,,,,,,
0,/home/capc1/ProfitabilityTool-new-27-07-26/ProfitabilityTool/capc_dataset_work_RyrnQw/feature_variants/indirectAccess_serial_N_50000.c,1,50000,3,0,1,0,2,0,0,0,0,0,0,0,2,1,12,8,3,1,0,0,3,0,0,,,,,,,,
0,/home/capc1/ProfitabilityTool-new-27-07-26/ProfitabilityTool/capc_dataset_work_RyrnQw/feature_variants/indirectAccess_serial_N_60000.c,1,60000,3,0,1,0,2,0,0,0,0,0,0,0,2,1,12,8,3,1,0,0,3,0,0,,,,,,,,
0,/home/capc1/ProfitabilityTool-new-27-07-26/ProfitabilityTool/capc_dataset_work_RyrnQw/feature_variants/indirectAccess_serial_N_70000.c,1,70000,3,0,1,0,2,0,0,0,0,0,0,0,2,1,12,8,3,1,0,0,3,0,0,,,,,,,,
0,/home/capc1/ProfitabilityTool-new-27-07-26/ProfitabilityTool/capc_dataset_work_RyrnQw/feature_variants/indirectAccess_serial_N_80000.c,1,80000,3,0,1,0,2,0,0,0,0,0,0,0,2,1,12,8,3,1,0,0,3,0,0,,,,,,,,
0,/home/capc1/ProfitabilityTool-new-27-07-26/ProfitabilityTool/capc_dataset_work_RyrnQw/feature_variants/indirectAccess_serial_N_90000.c,1,90000,3,0,1,0,2,0,0,0,0,0,0,0,2,1,12,8,3,1,0,0,3,0,0,,,,,,,,
0,/home/capc1/ProfitabilityTool-new-27-07-26/ProfitabilityTool/capc_dataset_work_RyrnQw/feature_variants/indirectAccess_serial_N_100000.c,1,100000,3,0,1,0,2,0,0,0,0,0,0,0,2,1,12,8,3,1,0,0,3,0,0,,,,,,,,
0,/home/capc1/ProfitabilityTool-new-27-07-26/ProfitabilityTool/capc_dataset_work_RyrnQw/feature_variants/indirectAccess_serial_N_200000.c,1,200000,3,0,1,0,2,0,0,0,0,0,0,0,2,1,12,8,3,1,0,0,3,0,0,,,,,,,,
0,/home/capc1/ProfitabilityTool-new-27-07-26/ProfitabilityTool/capc_dataset_work_RyrnQw/feature_variants/indirectAccess_serial_N_300000.c,1,300000,3,0,1,0,2,0,0,0,0,0,0,0,2,1,12,8,3,1,0,0,3,0,0,,,,,,,,
0,/home/capc1/ProfitabilityTool-new-27-07-26/ProfitabilityTool/capc_dataset_work_RyrnQw/feature_variants/indirectAccess_serial_N_400000.c,1,400000,3,0,1,0,2,0,0,0,0,0,0,0,2,1,12,8,3,1,0,0,3,0,0,,,,,,,,
0,/home/capc1/ProfitabilityTool-new-27-07-26/ProfitabilityTool/capc_dataset_work_RyrnQw/feature_variants/indirectAccess_serial_N_500000.c,1,500000,3,0,1,0,2,0,0,0,0,0,0,0,2,1,12,8,3,1,0,0,3,0,0,,,,,,,,
0,/home/capc1/ProfitabilityTool-new-27-07-26/ProfitabilityTool/capc_dataset_work_RyrnQw/feature_variants/indirectAccess_serial_N_600000.c,1,600000,3,0,1,0,2,0,0,0,0,0,0,0,2,1,12,8,3,1,0,0,3,0,0,,,,,,,,
0,/home/capc1/ProfitabilityTool-new-27-07-26/ProfitabilityTool/capc_dataset_work_RyrnQw/feature_variants/indirectAccess_serial_N_700000.c,1,700000,3,0,1,0,2,0,0,0,0,0,0,0,2,1,12,8,3,1,0,0,3,0,0,,,,,,,,
0,/home/capc1/ProfitabilityTool-new-27-07-26/ProfitabilityTool/capc_dataset_work_RyrnQw/feature_variants/indirectAccess_serial_N_800000.c,1,800000,3,0,1,0,2,0,0,0,0,0,0,0,2,1,12,8,3,1,0,0,3,0,0,,,,,,,,
0,/home/capc1/ProfitabilityTool-new-27-07-26/ProfitabilityTool/capc_dataset_work_RyrnQw/feature_variants/indirectAccess_serial_N_900000.c,1,900000,3,0,1,0,2,0,0,0,0,0,0,0,2,1,12,8,3,1,0,0,3,0,0,,,,,,,,
0,/home/capc1/ProfitabilityTool-new-27-07-26/ProfitabilityTool/capc_dataset_work_RyrnQw/feature_variants/indirectAccess_serial_N_1000000.c,1,1000000,3,0,1,0,2,0,0,0,0,0,0,0,2,1,12,8,3,1,0,0,3,0,0,,,,,,,,
0,/home/capc1/ProfitabilityTool-new-27-07-26/ProfitabilityTool/capc_dataset_work_RyrnQw/feature_variants/indirectAccess_serial_N_2000000.c,1,2000000,3,0,1,0,2,0,0,0,0,0,0,0,2,1,12,8,3,1,0,0,3,0,0,,,,,,,,
0,/home/capc1/ProfitabilityTool-new-27-07-26/ProfitabilityTool/capc_dataset_work_RyrnQw/feature_variants/indirectAccess_serial_N_3000000.c,1,3000000,3,0,1,0,2,0,0,0,0,0,0,0,2,1,12,8,3,1,0,0,3,0,0,,,,,,,,
0,/home/capc1/ProfitabilityTool-new-27-07-26/ProfitabilityTool/capc_dataset_work_RyrnQw/feature_variants/indirectAccess_serial_N_4000000.c,1,4000000,3,0,1,0,2,0,0,0,0,0,0,0,2,1,12,8,3,1,0,0,3,0,0,,,,,,,,
0,/home/capc1/ProfitabilityTool-new-27-07-26/ProfitabilityTool/capc_dataset_work_RyrnQw/feature_variants/indirectAccess_serial_N_5000000.c,1,5000000,3,0,1,0,2,0,0,0,0,0,0,0,2,1,12,8,3,1,0,0,3,0,0,,,,,,,,
0,/home/capc1/ProfitabilityTool-new-27-07-26/ProfitabilityTool/capc_dataset_work_RyrnQw/feature_variants/indirectAccess_serial_N_6000000.c,1,6000000,3,0,1,0,2,0,0,0,0,0,0,0,2,1,12,8,3,1,0,0,3,0,0,,,,,,,,
0,/home/capc1/ProfitabilityTool-new-27-07-26/ProfitabilityTool/capc_dataset_work_RyrnQw/feature_variants/indirectAccess_serial_N_7000000.c,1,7000000,3,0,1,0,2,0,0,0,0,0,0,0,2,1,12,8,3,1,0,0,3,0,0,,,,,,,,
0,/home/capc1/ProfitabilityTool-new-27-07-26/ProfitabilityTool/capc_dataset_work_RyrnQw/feature_variants/indirectAccess_serial_N_8000000.c,1,8000000,3,0,1,0,2,0,0,0,0,0,0,0,2,1,12,8,3,1,0,0,3,0,0,,,,,,,,
0,/home/capc1/ProfitabilityTool-new-27-07-26/ProfitabilityTool/capc_dataset_work_RyrnQw/feature_variants/indirectAccess_serial_N_9000000.c,1,9000000,3,0,1,0,2,0,0,0,0,0,0,0,2,1,12,8,3,1,0,0,3,0,0,,,,,,,,
0,/home/capc1/ProfitabilityTool-new-27-07-26/ProfitabilityTool/capc_dataset_work_RyrnQw/feature_variants/indirectAccess_serial_N_10000000.c,1,10000000,3,0,1,0,2,0,0,0,0,0,0,0,2,1,12,8,3,1,0,0,3,0,0,,,,,,,,
0,/home/capc1/ProfitabilityTool-new-27-07-26/ProfitabilityTool/capc_dataset_work_RyrnQw/feature_variants/indirectAccess_serial_N_20000000.c,1,20000000,3,0,1,0,2,0,0,0,0,0,0,0,2,1,12,8,3,1,0,0,3,0,0,,,,,,,,
0,/home/capc1/ProfitabilityTool-new-27-07-26/ProfitabilityTool/capc_dataset_work_RyrnQw/feature_variants/indirectAccess_serial_N_30000000.c,1,30000000,3,0,1,0,2,0,0,0,0,0,0,0,2,1,12,8,3,1,0,0,3,0,0,,,,,,,,
0,/home/capc1/ProfitabilityTool-new-27-07-26/ProfitabilityTool/capc_dataset_work_RyrnQw/feature_variants/indirectAccess_serial_N_40000000.c,1,40000000,3,0,1,0,2,0,0,0,0,0,0,0,2,1,12,8,3,1,0,0,3,0,0,,,,,,,,
0,/home/capc1/ProfitabilityTool-new-27-07-26/ProfitabilityTool/capc_dataset_work_RyrnQw/feature_variants/indirectAccess_serial_N_50000000.c,1,50000000,3,0,1,0,2,0,0,0,0,0,0,0,2,1,12,8,3,1,0,0,3,0,0,,,,,,,,
0,/home/capc1/ProfitabilityTool-new-27-07-26/ProfitabilityTool/capc_dataset_work_RyrnQw/feature_variants/indirectAccess_serial_N_60000000.c,1,60000000,3,0,1,0,2,0,0,0,0,0,0,0,2,1,12,8,3,1,0,0,3,0,0,,,,,,,,
0,/home/capc1/ProfitabilityTool-new-27-07-26/ProfitabilityTool/capc_dataset_work_RyrnQw/feature_variants/indirectAccess_serial_N_70000000.c,1,70000000,3,0,1,0,2,0,0,0,0,0,0,0,2,1,12,8,3,1,0,0,3,0,0,,,,,,,,
0,/home/capc1/ProfitabilityTool-new-27-07-26/ProfitabilityTool/capc_dataset_work_RyrnQw/feature_variants/indirectAccess_serial_N_80000000.c,1,80000000,3,0,1,0,2,0,0,0,0,0,0,0,2,1,12,8,3,1,0,0,3,0,0,,,,,,,,
0,/home/capc1/ProfitabilityTool-new-27-07-26/ProfitabilityTool/capc_dataset_work_RyrnQw/feature_variants/indirectAccess_serial_N_90000000.c,1,90000000,3,0,1,0,2,0,0,0,0,0,0,0,2,1,12,8,3,1,0,0,3,0,0,,,,,,,,
0,/home/capc1/ProfitabilityTool-new-27-07-26/ProfitabilityTool/capc_dataset_work_RyrnQw/feature_variants/indirectAccess_serial_N_100000000.c,1,100000000,3,0,1,0,2,0,0,0,0,0,0,0,2,1,12,8,3,1,0,0,3,0,0,,,,,,,,
0,/home/capc1/ProfitabilityTool-new-27-07-26/ProfitabilityTool/capc_dataset_work_RyrnQw/feature_variants/indirectAccess_serial_N_200000000.c,1,200000000,3,0,1,0,2,0,0,0,0,0,0,0,2,1,12,8,3,1,0,0,3,0,0,,,,,,,,
0,/home/capc1/ProfitabilityTool-new-27-07-26/ProfitabilityTool/capc_dataset_work_RyrnQw/feature_variants/indirectAccess_serial_N_300000000.c,1,300000000,3,0,1,0,2,0,0,0,0,0,0,0,2,1,12,8,3,1,0,0,3,0,0,,,,,,,,
0,/home/capc1/ProfitabilityTool-new-27-07-26/ProfitabilityTool/capc_dataset_work_RyrnQw/feature_variants/indirectAccess_serial_N_400000000.c,1,400000000,3,0,1,0,2,0,0,0,0,0,0,0,2,1,12,8,3,1,0,0,3,0,0,,,,,,,,
0,/home/capc1/ProfitabilityTool-new-27-07-26/ProfitabilityTool/capc_dataset_work_RyrnQw/feature_variants/indirectAccess_serial_N_500000000.c,1,500000000,3,0,1,0,2,0,0,0,0,0,0,0,2,1,12,8,3,1,0,0,3,0,0,,,,,,,,
0,/home/capc1/ProfitabilityTool-new-27-07-26/ProfitabilityTool/capc_dataset_work_RyrnQw/feature_variants/indirectAccess_serial_N_600000000.c,1,600000000,3,0,1,0,2,0,0,0,0,0,0,0,2,1,12,8,3,1,0,0,3,0,0,,,,,,,,
0,/home/capc1/ProfitabilityTool-new-27-07-26/ProfitabilityTool/capc_dataset_work_RyrnQw/feature_variants/indirectAccess_serial_N_700000000.c,1,700000000,3,0,1,0,2,0,0,0,0,0,0,0,2,1,12,8,3,1,0,0,3,0,0,,,,,,,,
0,/home/capc1/ProfitabilityTool-new-27-07-26/ProfitabilityTool/capc_dataset_work_RyrnQw/feature_variants/indirectAccess_serial_N_800000000.c,1,800000000,3,0,1,0,2,0,0,0,0,0,0,0,2,1,12,8,3,1,0,0,3,0,0,,,,,,,,
0,/home/capc1/ProfitabilityTool-new-27-07-26/ProfitabilityTool/capc_dataset_work_RyrnQw/feature_variants/indirectAccess_serial_N_900000000.c,1,900000000,3,0,1,0,2,0,0,0,0,0,0,0,2,1,12,8,3,1,0,0,3,0,0,,,,,,,,
0,/home/capc1/ProfitabilityTool-new-27-07-26/ProfitabilityTool/capc_dataset_work_RyrnQw/feature_variants/indirectAccess_serial_N_1000000000.c,1,1000000000,3,0,1,0,2,0,0,0,0,0,0,0,2,1,12,8,3,1,0,0,3,0,0,,,,,,,,
0,/home/capc1/ProfitabilityTool-new-27-07-26/ProfitabilityTool/capc_dataset_work_RyrnQw/feature_variants/integerBitManipulation_serial_N_1.c,1,1,1,4,0,1,0,3,0,5,1,0,0,0,1,1,4,4,0,0,0,0,2,0,1,,,,,,,,
0,/home/capc1/ProfitabilityTool-new-27-07-26/ProfitabilityTool/capc_dataset_work_RyrnQw/feature_variants/integerBitManipulation_serial_N_2.c,1,2,6,4,0,1,0,3,0,5,1,0,0,0,1,1,4,4,1,0,0,0,2,1,0,,,,,,,,
0,/home/capc1/ProfitabilityTool-new-27-07-26/ProfitabilityTool/capc_dataset_work_RyrnQw/feature_variants/integerBitManipulation_serial_N_3.c,1,3,6,4,0,1,0,3,0,5,1,0,0,0,1,1,4,4,1,0,0,0,2,1,0,,,,,,,,
0,/home/capc1/ProfitabilityTool-new-27-07-26/ProfitabilityTool/capc_dataset_work_RyrnQw/feature_variants/integerBitManipulation_serial_N_4.c,1,4,6,4,0,1,0,3,0,5,1,0,0,0,1,1,4,4,1,0,0,0,2,1,0,,,,,,,,
0,/home/capc1/ProfitabilityTool-new-27-07-26/ProfitabilityTool/capc_dataset_work_RyrnQw/feature_variants/integerBitManipulation_serial_N_5.c,1,5,6,4,0,1,0,3,0,5,1,0,0,0,1,1,4,4,1,0,0,0,2,1,0,,,,,,,,
0,/home/capc1/ProfitabilityTool-new-27-07-26/ProfitabilityTool/capc_dataset_work_RyrnQw/feature_variants/integerBitManipulation_serial_N_6.c,1,6,6,4,0,1,0,3,0,5,1,0,0,0,1,1,4,4,1,0,0,0,2,1,0,,,,,,,,
0,/home/capc1/ProfitabilityTool-new-27-07-26/ProfitabilityTool/capc_dataset_work_RyrnQw/feature_variants/integerBitManipulation_serial_N_7.c,1,7,6,4,0,1,0,3,0,5,1,0,0,0,1,1,4,4,1,0,0,0,2,1,0,,,,,,,,
0,/home/capc1/ProfitabilityTool-new-27-07-26/ProfitabilityTool/capc_dataset_work_RyrnQw/feature_variants/integerBitManipulation_serial_N_8.c,1,8,6,4,0,1,0,3,0,5,1,0,0,0,1,1,4,4,1,0,0,0,2,1,0,,,,,,,,
0,/home/capc1/ProfitabilityTool-new-27-07-26/ProfitabilityTool/capc_dataset_work_RyrnQw/feature_variants/integerBitManipulation_serial_N_9.c,1,9,6,4,0,1,0,3,0,5,1,0,0,0,1,1,4,4,1,0,0,0,2,1,0,,,,,,,,
0,/home/capc1/ProfitabilityTool-new-27-07-26/ProfitabilityTool/capc_dataset_work_RyrnQw/feature_variants/integerBitManipulation_serial_N_10.c,1,10,6,4,0,1,0,3,0,5,1,0,0,0,1,1,4,4,1,0,0,0,2,1,0,,,,,,,,
0,/home/capc1/ProfitabilityTool-new-27-07-26/ProfitabilityTool/capc_dataset_work_RyrnQw/feature_variants/integerBitManipulation_serial_N_11.c,1,11,6,4,0,1,0,3,0,5,1,0,0,0,1,1,4,4,1,0,0,0,2,1,0,,,,,,,,
0,/home/capc1/ProfitabilityTool-new-27-07-26/ProfitabilityTool/capc_dataset_work_RyrnQw/feature_variants/integerBitManipulation_serial_N_12.c,1,12,6,4,0,1,0,3,0,5,1,0,0,0,1,1,4,4,1,0,0,0,2,1,0,,,,,,,,
0,/home/capc1/ProfitabilityTool-new-27-07-26/ProfitabilityTool/capc_dataset_work_RyrnQw/feature_variants/integerBitManipulation_serial_N_13.c,1,13,6,4,0,1,0,3,0,5,1,0,0,0,1,1,4,4,1,0,0,0,2,1,0,,,,,,,,
0,/home/capc1/ProfitabilityTool-new-27-07-26/ProfitabilityTool/capc_dataset_work_RyrnQw/feature_variants/integerBitManipulation_serial_N_14.c,1,14,6,4,0,1,0,3,0,5,1,0,0,0,1,1,4,4,1,0,0,0,2,1,0,,,,,,,,
0,/home/capc1/ProfitabilityTool-new-27-07-26/ProfitabilityTool/capc_dataset_work_RyrnQw/feature_variants/integerBitManipulation_serial_N_15.c,1,15,6,4,0,1,0,3,0,5,1,0,0,0,1,1,4,4,1,0,0,0,2,1,0,,,,,,,,
0,/home/capc1/ProfitabilityTool-new-27-07-26/ProfitabilityTool/capc_dataset_work_RyrnQw/feature_variants/integerBitManipulation_serial_N_16.c,1,16,6,4,0,1,0,3,0,5,1,0,0,0,1,1,4,4,1,0,0,0,2,1,0,,,,,,,,
0,/home/capc1/ProfitabilityTool-new-27-07-26/ProfitabilityTool/capc_dataset_work_RyrnQw/feature_variants/integerBitManipulation_serial_N_17.c,1,17,6,4,0,1,0,3,0,5,1,0,0,0,1,1,4,4,1,0,0,0,2,1,0,,,,,,,,
0,/home/capc1/ProfitabilityTool-new-27-07-26/ProfitabilityTool/capc_dataset_work_RyrnQw/feature_variants/integerBitManipulation_serial_N_18.c,1,18,6,4,0,1,0,3,0,5,1,0,0,0,1,1,4,4,1,0,0,0,2,1,0,,,,,,,,
0,/home/capc1/ProfitabilityTool-new-27-07-26/ProfitabilityTool/capc_dataset_work_RyrnQw/feature_variants/integerBitManipulation_serial_N_19.c,1,19,6,4,0,1,0,3,0,5,1,0,0,0,1,1,4,4,1,0,0,0,2,1,0,,,,,,,,
0,/home/capc1/ProfitabilityTool-new-27-07-26/ProfitabilityTool/capc_dataset_work_RyrnQw/feature_variants/integerBitManipulation_serial_N_20.c,1,20,6,4,0,1,0,3,0,5,1,0,0,0,1,1,4,4,1,0,0,0,2,1,0,,,,,,,,
0,/home/capc1/ProfitabilityTool-new-27-07-26/ProfitabilityTool/capc_dataset_work_RyrnQw/feature_variants/integerBitManipulation_serial_N_21.c,1,21,6,4,0,1,0,3,0,5,1,0,0,0,1,1,4,4,1,0,0,0,2,1,0,,,,,,,,
0,/home/capc1/ProfitabilityTool-new-27-07-26/ProfitabilityTool/capc_dataset_work_RyrnQw/feature_variants/integerBitManipulation_serial_N_22.c,1,22,6,4,0,1,0,3,0,5,1,0,0,0,1,1,4,4,1,0,0,0,2,1,0,,,,,,,,
0,/home/capc1/ProfitabilityTool-new-27-07-26/ProfitabilityTool/capc_dataset_work_RyrnQw/feature_variants/integerBitManipulation_serial_N_23.c,1,23,6,4,0,1,0,3,0,5,1,0,0,0,1,1,4,4,1,0,0,0,2,1,0,,,,,,,,
0,/home/capc1/ProfitabilityTool-new-27-07-26/ProfitabilityTool/capc_dataset_work_RyrnQw/feature_variants/integerBitManipulation_serial_N_24.c,1,24,6,4,0,1,0,3,0,5,1,0,0,0,1,1,4,4,1,0,0,0,2,1,0,,,,,,,,
0,/home/capc1/ProfitabilityTool-new-27-07-26/ProfitabilityTool/capc_dataset_work_RyrnQw/feature_variants/integerBitManipulation_serial_N_25.c,1,25,6,4,0,1,0,3,0,5,1,0,0,0,1,1,4,4,1,0,0,0,2,1,0,,,,,,,,
0,/home/capc1/ProfitabilityTool-new-27-07-26/ProfitabilityTool/capc_dataset_work_RyrnQw/feature_variants/integerBitManipulation_serial_N_26.c,1,26,6,4,0,1,0,3,0,5,1,0,0,0,1,1,4,4,1,0,0,0,2,1,0,,,,,,,,
0,/home/capc1/ProfitabilityTool-new-27-07-26/ProfitabilityTool/capc_dataset_work_RyrnQw/feature_variants/integerBitManipulation_serial_N_27.c,1,27,6,4,0,1,0,3,0,5,1,0,0,0,1,1,4,4,1,0,0,0,2,1,0,,,,,,,,
0,/home/capc1/ProfitabilityTool-new-27-07-26/ProfitabilityTool/capc_dataset_work_RyrnQw/feature_variants/integerBitManipulation_serial_N_28.c,1,28,6,4,0,1,0,3,0,5,1,0,0,0,1,1,4,4,1,0,0,0,2,1,0,,,,,,,,
0,/home/capc1/ProfitabilityTool-new-27-07-26/ProfitabilityTool/capc_dataset_work_RyrnQw/feature_variants/integerBitManipulation_serial_N_29.c,1,29,6,4,0,1,0,3,0,5,1,0,0,0,1,1,4,4,1,0,0,0,2,1,0,,,,,,,,
0,/home/capc1/ProfitabilityTool-new-27-07-26/ProfitabilityTool/capc_dataset_work_RyrnQw/feature_variants/integerBitManipulation_serial_N_30.c,1,30,6,4,0,1,0,3,0,5,1,0,0,0,1,1,4,4,1,0,0,0,2,1,0,,,,,,,,
0,/home/capc1/ProfitabilityTool-new-27-07-26/ProfitabilityTool/capc_dataset_work_RyrnQw/feature_variants/integerBitManipulation_serial_N_31.c,1,31,6,4,0,1,0,3,0,5,1,0,0,0,1,1,4,4,1,0,0,0,2,1,0,,,,,,,,
0,/home/capc1/ProfitabilityTool-new-27-07-26/ProfitabilityTool/capc_dataset_work_RyrnQw/feature_variants/integerBitManipulation_serial_N_32.c,1,32,6,4,0,1,0,3,0,5,1,0,0,0,1,1,4,4,1,0,0,0,2,1,0,,,,,,,,
0,/home/capc1/ProfitabilityTool-new-27-07-26/ProfitabilityTool/capc_dataset_work_RyrnQw/feature_variants/integerBitManipulation_serial_N_33.c,1,33,6,4,0,1,0,3,0,5,1,0,0,0,1,1,4,4,1,0,0,0,2,1,0,,,,,,,,
0,/home/capc1/ProfitabilityTool-new-27-07-26/ProfitabilityTool/capc_dataset_work_RyrnQw/feature_variants/integerBitManipulation_serial_N_34.c,1,34,6,4,0,1,0,3,0,5,1,0,0,0,1,1,4,4,1,0,0,0,2,1,0,,,,,,,,
0,/home/capc1/ProfitabilityTool-new-27-07-26/ProfitabilityTool/capc_dataset_work_RyrnQw/feature_variants/integerBitManipulation_serial_N_35.c,1,35,6,4,0,1,0,3,0,5,1,0,0,0,1,1,4,4,1,0,0,0,2,1,0,,,,,,,,
0,/home/capc1/ProfitabilityTool-new-27-07-26/ProfitabilityTool/capc_dataset_work_RyrnQw/feature_variants/integerBitManipulation_serial_N_36.c,1,36,6,4,0,1,0,3,0,5,1,0,0,0,1,1,4,4,1,0,0,0,2,1,0,,,,,,,,
0,/home/capc1/ProfitabilityTool-new-27-07-26/ProfitabilityTool/capc_dataset_work_RyrnQw/feature_variants/integerBitManipulation_serial_N_37.c,1,37,6,4,0,1,0,3,0,5,1,0,0,0,1,1,4,4,1,0,0,0,2,1,0,,,,,,,,
0,/home/capc1/ProfitabilityTool-new-27-07-26/ProfitabilityTool/capc_dataset_work_RyrnQw/feature_variants/integerBitManipulation_serial_N_38.c,1,38,6,4,0,1,0,3,0,5,1,0,0,0,1,1,4,4,1,0,0,0,2,1,0,,,,,,,,
0,/home/capc1/ProfitabilityTool-new-27-07-26/ProfitabilityTool/capc_dataset_work_RyrnQw/feature_variants/integerBitManipulation_serial_N_39.c,1,39,6,4,0,1,0,3,0,5,1,0,0,0,1,1,4,4,1,0,0,0,2,1,0,,,,,,,,
0,/home/capc1/ProfitabilityTool-new-27-07-26/ProfitabilityTool/capc_dataset_work_RyrnQw/feature_variants/integerBitManipulation_serial_N_40.c,1,40,6,4,0,1,0,3,0,5,1,0,0,0,1,1,4,4,1,0,0,0,2,1,0,,,,,,,,
0,/home/capc1/ProfitabilityTool-new-27-07-26/ProfitabilityTool/capc_dataset_work_RyrnQw/feature_variants/integerBitManipulation_serial_N_41.c,1,41,6,4,0,1,0,3,0,5,1,0,0,0,1,1,4,4,1,0,0,0,2,1,0,,,,,,,,
0,/home/capc1/ProfitabilityTool-new-27-07-26/ProfitabilityTool/capc_dataset_work_RyrnQw/feature_variants/integerBitManipulation_serial_N_42.c,1,42,6,4,0,1,0,3,0,5,1,0,0,0,1,1,4,4,1,0,0,0,2,1,0,,,,,,,,
0,/home/capc1/ProfitabilityTool-new-27-07-26/ProfitabilityTool/capc_dataset_work_RyrnQw/feature_variants/integerBitManipulation_serial_N_43.c,1,43,6,4,0,1,0,3,0,5,1,0,0,0,1,1,4,4,1,0,0,0,2,1,0,,,,,,,,
0,/home/capc1/ProfitabilityTool-new-27-07-26/ProfitabilityTool/capc_dataset_work_RyrnQw/feature_variants/integerBitManipulation_serial_N_44.c,1,44,6,4,0,1,0,3,0,5,1,0,0,0,1,1,4,4,1,0,0,0,2,1,0,,,,,,,,
0,/home/capc1/ProfitabilityTool-new-27-07-26/ProfitabilityTool/capc_dataset_work_RyrnQw/feature_variants/integerBitManipulation_serial_N_45.c,1,45,6,4,0,1,0,3,0,5,1,0,0,0,1,1,4,4,1,0,0,0,2,1,0,,,,,,,,
0,/home/capc1/ProfitabilityTool-new-27-07-26/ProfitabilityTool/capc_dataset_work_RyrnQw/feature_variants/integerBitManipulation_serial_N_46.c,1,46,6,4,0,1,0,3,0,5,1,0,0,0,1,1,4,4,1,0,0,0,2,1,0,,,,,,,,
0,/home/capc1/ProfitabilityTool-new-27-07-26/ProfitabilityTool/capc_dataset_work_RyrnQw/feature_variants/integerBitManipulation_serial_N_47.c,1,47,6,4,0,1,0,3,0,5,1,0,0,0,1,1,4,4,1,0,0,0,2,1,0,,,,,,,,
0,/home/capc1/ProfitabilityTool-new-27-07-26/ProfitabilityTool/capc_dataset_work_RyrnQw/feature_variants/integerBitManipulation_serial_N_48.c,1,48,6,4,0,1,0,3,0,5,1,0,0,0,1,1,4,4,1,0,0,0,2,1,0,,,,,,,,
0,/home/capc1/ProfitabilityTool-new-27-07-26/ProfitabilityTool/capc_dataset_work_RyrnQw/feature_variants/integerBitManipulation_serial_N_49.c,1,49,6,4,0,1,0,3,0,5,1,0,0,0,1,1,4,4,1,0,0,0,2,1,0,,,,,,,,
0,/home/capc1/ProfitabilityTool-new-27-07-26/ProfitabilityTool/capc_dataset_work_RyrnQw/feature_variants/integerBitManipulation_serial_N_50.c,1,50,6,4,0,1,0,3,0,5,1,0,0,0,1,1,4,4,1,0,0,0,2,1,0,,,,,,,,
0,/home/capc1/ProfitabilityTool-new-27-07-26/ProfitabilityTool/capc_dataset_work_RyrnQw/feature_variants/integerBitManipulation_serial_N_51.c,1,51,6,4,0,1,0,3,0,5,1,0,0,0,1,1,4,4,1,0,0,0,2,1,0,,,,,,,,
0,/home/capc1/ProfitabilityTool-new-27-07-26/ProfitabilityTool/capc_dataset_work_RyrnQw/feature_variants/integerBitManipulation_serial_N_52.c,1,52,6,4,0,1,0,3,0,5,1,0,0,0,1,1,4,4,1,0,0,0,2,1,0,,,,,,,,
0,/home/capc1/ProfitabilityTool-new-27-07-26/ProfitabilityTool/capc_dataset_work_RyrnQw/feature_variants/integerBitManipulation_serial_N_53.c,1,53,6,4,0,1,0,3,0,5,1,0,0,0,1,1,4,4,1,0,0,0,2,1,0,,,,,,,,
0,/home/capc1/ProfitabilityTool-new-27-07-26/ProfitabilityTool/capc_dataset_work_RyrnQw/feature_variants/integerBitManipulation_serial_N_54.c,1,54,6,4,0,1,0,3,0,5,1,0,0,0,1,1,4,4,1,0,0,0,2,1,0,,,,,,,,
0,/home/capc1/ProfitabilityTool-new-27-07-26/ProfitabilityTool/capc_dataset_work_RyrnQw/feature_variants/integerBitManipulation_serial_N_55.c,1,55,6,4,0,1,0,3,0,5,1,0,0,0,1,1,4,4,1,0,0,0,2,1,0,,,,,,,,
0,/home/capc1/ProfitabilityTool-new-27-07-26/ProfitabilityTool/capc_dataset_work_RyrnQw/feature_variants/integerBitManipulation_serial_N_56.c,1,56,6,4,0,1,0,3,0,5,1,0,0,0,1,1,4,4,1,0,0,0,2,1,0,,,,,,,,
0,/home/capc1/ProfitabilityTool-new-27-07-26/ProfitabilityTool/capc_dataset_work_RyrnQw/feature_variants/integerBitManipulation_serial_N_57.c,1,57,6,4,0,1,0,3,0,5,1,0,0,0,1,1,4,4,1,0,0,0,2,1,0,,,,,,,,
0,/home/capc1/ProfitabilityTool-new-27-07-26/ProfitabilityTool/capc_dataset_work_RyrnQw/feature_variants/integerBitManipulation_serial_N_58.c,1,58,6,4,0,1,0,3,0,5,1,0,0,0,1,1,4,4,1,0,0,0,2,1,0,,,,,,,,
0,/home/capc1/ProfitabilityTool-new-27-07-26/ProfitabilityTool/capc_dataset_work_RyrnQw/feature_variants/integerBitManipulation_serial_N_59.c,1,59,6,4,0,1,0,3,0,5,1,0,0,0,1,1,4,4,1,0,0,0,2,1,0,,,,,,,,
0,/home/capc1/ProfitabilityTool-new-27-07-26/ProfitabilityTool/capc_dataset_work_RyrnQw/feature_variants/integerBitManipulation_serial_N_60.c,1,60,6,4,0,1,0,3,0,5,1,0,0,0,1,1,4,4,1,0,0,0,2,1,0,,,,,,,,
0,/home/capc1/ProfitabilityTool-new-27-07-26/ProfitabilityTool/capc_dataset_work_RyrnQw/feature_variants/integerBitManipulation_serial_N_61.c,1,61,6,4,0,1,0,3,0,5,1,0,0,0,1,1,4,4,1,0,0,0,2,1,0,,,,,,,,
0,/home/capc1/ProfitabilityTool-new-27-07-26/ProfitabilityTool/capc_dataset_work_RyrnQw/feature_variants/integerBitManipulation_serial_N_62.c,1,62,6,4,0,1,0,3,0,5,1,0,0,0,1,1,4,4,1,0,0,0,2,1,0,,,,,,,,
0,/home/capc1/ProfitabilityTool-new-27-07-26/ProfitabilityTool/capc_dataset_work_RyrnQw/feature_variants/integerBitManipulation_serial_N_63.c,1,63,6,4,0,1,0,3,0,5,1,0,0,0,1,1,4,4,1,0,0,0,2,1,0,,,,,,,,
0,/home/capc1/ProfitabilityTool-new-27-07-26/ProfitabilityTool/capc_dataset_work_RyrnQw/feature_variants/integerBitManipulation_serial_N_64.c,1,64,6,4,0,1,0,3,0,5,1,0,0,0,1,1,4,4,1,0,0,0,2,1,0,,,,,,,,
0,/home/capc1/ProfitabilityTool-new-27-07-26/ProfitabilityTool/capc_dataset_work_RyrnQw/feature_variants/integerBitManipulation_serial_N_65.c,1,65,6,4,0,1,0,3,0,5,1,0,0,0,1,1,4,4,1,0,0,0,2,1,0,,,,,,,,
0,/home/capc1/ProfitabilityTool-new-27-07-26/ProfitabilityTool/capc_dataset_work_RyrnQw/feature_variants/integerBitManipulation_serial_N_66.c,1,66,6,4,0,1,0,3,0,5,1,0,0,0,1,1,4,4,1,0,0,0,2,1,0,,,,,,,,
0,/home/capc1/ProfitabilityTool-new-27-07-26/ProfitabilityTool/capc_dataset_work_RyrnQw/feature_variants/integerBitManipulation_serial_N_67.c,1,67,6,4,0,1,0,3,0,5,1,0,0,0,1,1,4,4,1,0,0,0,2,1,0,,,,,,,,
0,/home/capc1/ProfitabilityTool-new-27-07-26/ProfitabilityTool/capc_dataset_work_RyrnQw/feature_variants/integerBitManipulation_serial_N_68.c,1,68,6,4,0,1,0,3,0,5,1,0,0,0,1,1,4,4,1,0,0,0,2,1,0,,,,,,,,
0,/home/capc1/ProfitabilityTool-new-27-07-26/ProfitabilityTool/capc_dataset_work_RyrnQw/feature_variants/integerBitManipulation_serial_N_69.c,1,69,6,4,0,1,0,3,0,5,1,0,0,0,1,1,4,4,1,0,0,0,2,1,0,,,,,,,,
0,/home/capc1/ProfitabilityTool-new-27-07-26/ProfitabilityTool/capc_dataset_work_RyrnQw/feature_variants/integerBitManipulation_serial_N_70.c,1,70,6,4,0,1,0,3,0,5,1,0,0,0,1,1,4,4,1,0,0,0,2,1,0,,,,,,,,
0,/home/capc1/ProfitabilityTool-new-27-07-26/ProfitabilityTool/capc_dataset_work_RyrnQw/feature_variants/integerBitManipulation_serial_N_71.c,1,71,6,4,0,1,0,3,0,5,1,0,0,0,1,1,4,4,1,0,0,0,2,1,0,,,,,,,,
0,/home/capc1/ProfitabilityTool-new-27-07-26/ProfitabilityTool/capc_dataset_work_RyrnQw/feature_variants/integerBitManipulation_serial_N_72.c,1,72,6,4,0,1,0,3,0,5,1,0,0,0,1,1,4,4,1,0,0,0,2,1,0,,,,,,,,
0,/home/capc1/ProfitabilityTool-new-27-07-26/ProfitabilityTool/capc_dataset_work_RyrnQw/feature_variants/integerBitManipulation_serial_N_73.c,1,73,6,4,0,1,0,3,0,5,1,0,0,0,1,1,4,4,1,0,0,0,2,1,0,,,,,,,,
0,/home/capc1/ProfitabilityTool-new-27-07-26/ProfitabilityTool/capc_dataset_work_RyrnQw/feature_variants/integerBitManipulation_serial_N_74.c,1,74,6,4,0,1,0,3,0,5,1,0,0,0,1,1,4,4,1,0,0,0,2,1,0,,,,,,,,
0,/home/capc1/ProfitabilityTool-new-27-07-26/ProfitabilityTool/capc_dataset_work_RyrnQw/feature_variants/integerBitManipulation_serial_N_75.c,1,75,6,4,0,1,0,3,0,5,1,0,0,0,1,1,4,4,1,0,0,0,2,1,0,,,,,,,,
0,/home/capc1/ProfitabilityTool-new-27-07-26/ProfitabilityTool/capc_dataset_work_RyrnQw/feature_variants/integerBitManipulation_serial_N_76.c,1,76,6,4,0,1,0,3,0,5,1,0,0,0,1,1,4,4,1,0,0,0,2,1,0,,,,,,,,
0,/home/capc1/ProfitabilityTool-new-27-07-26/ProfitabilityTool/capc_dataset_work_RyrnQw/feature_variants/integerBitManipulation_serial_N_77.c,1,77,6,4,0,1,0,3,0,5,1,0,0,0,1,1,4,4,1,0,0,0,2,1,0,,,,,,,,
0,/home/capc1/ProfitabilityTool-new-27-07-26/ProfitabilityTool/capc_dataset_work_RyrnQw/feature_variants/integerBitManipulation_serial_N_78.c,1,78,6,4,0,1,0,3,0,5,1,0,0,0,1,1,4,4,1,0,0,0,2,1,0,,,,,,,,
0,/home/capc1/ProfitabilityTool-new-27-07-26/ProfitabilityTool/capc_dataset_work_RyrnQw/feature_variants/integerBitManipulation_serial_N_79.c,1,79,6,4,0,1,0,3,0,5,1,0,0,0,1,1,4,4,1,0,0,0,2,1,0,,,,,,,,
0,/home/capc1/ProfitabilityTool-new-27-07-26/ProfitabilityTool/capc_dataset_work_RyrnQw/feature_variants/integerBitManipulation_serial_N_80.c,1,80,6,4,0,1,0,3,0,5,1,0,0,0,1,1,4,4,1,0,0,0,2,1,0,,,,,,,,
0,/home/capc1/ProfitabilityTool-new-27-07-26/ProfitabilityTool/capc_dataset_work_RyrnQw/feature_variants/integerBitManipulation_serial_N_81.c,1,81,6,4,0,1,0,3,0,5,1,0,0,0,1,1,4,4,1,0,0,0,2,1,0,,,,,,,,
0,/home/capc1/ProfitabilityTool-new-27-07-26/ProfitabilityTool/capc_dataset_work_RyrnQw/feature_variants/integerBitManipulation_serial_N_82.c,1,82,6,4,0,1,0,3,0,5,1,0,0,0,1,1,4,4,1,0,0,0,2,1,0,,,,,,,,
0,/home/capc1/ProfitabilityTool-new-27-07-26/ProfitabilityTool/capc_dataset_work_RyrnQw/feature_variants/integerBitManipulation_serial_N_83.c,1,83,6,4,0,1,0,3,0,5,1,0,0,0,1,1,4,4,1,0,0,0,2,1,0,,,,,,,,
0,/home/capc1/ProfitabilityTool-new-27-07-26/ProfitabilityTool/capc_dataset_work_RyrnQw/feature_variants/integerBitManipulation_serial_N_84.c,1,84,6,4,0,1,0,3,0,5,1,0,0,0,1,1,4,4,1,0,0,0,2,1,0,,,,,,,,
0,/home/capc1/ProfitabilityTool-new-27-07-26/ProfitabilityTool/capc_dataset_work_RyrnQw/feature_variants/integerBitManipulation_serial_N_85.c,1,85,6,4,0,1,0,3,0,5,1,0,0,0,1,1,4,4,1,0,0,0,2,1,0,,,,,,,,
0,/home/capc1/ProfitabilityTool-new-27-07-26/ProfitabilityTool/capc_dataset_work_RyrnQw/feature_variants/integerBitManipulation_serial_N_86.c,1,86,6,4,0,1,0,3,0,5,1,0,0,0,1,1,4,4,1,0,0,0,2,1,0,,,,,,,,
0,/home/capc1/ProfitabilityTool-new-27-07-26/ProfitabilityTool/capc_dataset_work_RyrnQw/feature_variants/integerBitManipulation_serial_N_87.c,1,87,6,4,0,1,0,3,0,5,1,0,0,0,1,1,4,4,1,0,0,0,2,1,0,,,,,,,,
0,/home/capc1/ProfitabilityTool-new-27-07-26/ProfitabilityTool/capc_dataset_work_RyrnQw/feature_variants/integerBitManipulation_serial_N_88.c,1,88,6,4,0,1,0,3,0,5,1,0,0,0,1,1,4,4,1,0,0,0,2,1,0,,,,,,,,
0,/home/capc1/ProfitabilityTool-new-27-07-26/ProfitabilityTool/capc_dataset_work_RyrnQw/feature_variants/integerBitManipulation_serial_N_89.c,1,89,6,4,0,1,0,3,0,5,1,0,0,0,1,1,4,4,1,0,0,0,2,1,0,,,,,,,,
0,/home/capc1/ProfitabilityTool-new-27-07-26/ProfitabilityTool/capc_dataset_work_RyrnQw/feature_variants/integerBitManipulation_serial_N_90.c,1,90,6,4,0,1,0,3,0,5,1,0,0,0,1,1,4,4,1,0,0,0,2,1,0,,,,,,,,
0,/home/capc1/ProfitabilityTool-new-27-07-26/ProfitabilityTool/capc_dataset_work_RyrnQw/feature_variants/integerBitManipulation_serial_N_91.c,1,91,6,4,0,1,0,3,0,5,1,0,0,0,1,1,4,4,1,0,0,0,2,1,0,,,,,,,,
0,/home/capc1/ProfitabilityTool-new-27-07-26/ProfitabilityTool/capc_dataset_work_RyrnQw/feature_variants/integerBitManipulation_serial_N_92.c,1,92,6,4,0,1,0,3,0,5,1,0,0,0,1,1,4,4,1,0,0,0,2,1,0,,,,,,,,
0,/home/capc1/ProfitabilityTool-new-27-07-26/ProfitabilityTool/capc_dataset_work_RyrnQw/feature_variants/integerBitManipulation_serial_N_93.c,1,93,6,4,0,1,0,3,0,5,1,0,0,0,1,1,4,4,1,0,0,0,2,1,0,,,,,,,,
0,/home/capc1/ProfitabilityTool-new-27-07-26/ProfitabilityTool/capc_dataset_work_RyrnQw/feature_variants/integerBitManipulation_serial_N_94.c,1,94,6,4,0,1,0,3,0,5,1,0,0,0,1,1,4,4,1,0,0,0,2,1,0,,,,,,,,
0,/home/capc1/ProfitabilityTool-new-27-07-26/ProfitabilityTool/capc_dataset_work_RyrnQw/feature_variants/integerBitManipulation_serial_N_95.c,1,95,6,4,0,1,0,3,0,5,1,0,0,0,1,1,4,4,1,0,0,0,2,1,0,,,,,,,,
0,/home/capc1/ProfitabilityTool-new-27-07-26/ProfitabilityTool/capc_dataset_work_RyrnQw/feature_variants/integerBitManipulation_serial_N_96.c,1,96,6,4,0,1,0,3,0,5,1,0,0,0,1,1,4,4,1,0,0,0,2,1,0,,,,,,,,
0,/home/capc1/ProfitabilityTool-new-27-07-26/ProfitabilityTool/capc_dataset_work_RyrnQw/feature_variants/integerBitManipulation_serial_N_97.c,1,97,6,4,0,1,0,3,0,5,1,0,0,0,1,1,4,4,1,0,0,0,2,1,0,,,,,,,,
0,/home/capc1/ProfitabilityTool-new-27-07-26/ProfitabilityTool/capc_dataset_work_RyrnQw/feature_variants/integerBitManipulation_serial_N_98.c,1,98,6,4,0,1,0,3,0,5,1,0,0,0,1,1,4,4,1,0,0,0,2,1,0,,,,,,,,
0,/home/capc1/ProfitabilityTool-new-27-07-26/ProfitabilityTool/capc_dataset_work_RyrnQw/feature_variants/integerBitManipulation_serial_N_99.c,1,99,6,4,0,1,0,3,0,5,1,0,0,0,1,1,4,4,1,0,0,0,2,1,0,,,,,,,,
0,/home/capc1/ProfitabilityTool-new-27-07-26/ProfitabilityTool/capc_dataset_work_RyrnQw/feature_variants/integerBitManipulation_serial_N_100.c,1,100,6,4,0,1,0,3,0,5,1,0,0,0,1,1,4,4,1,0,0,0,2,1,0,,,,,,,,
0,/home/capc1/ProfitabilityTool-new-27-07-26/ProfitabilityTool/capc_dataset_work_RyrnQw/feature_variants/integerBitManipulation_serial_N_101.c,1,101,6,4,0,1,0,3,0,5,1,0,0,0,1,1,4,4,1,0,0,0,2,1,0,,,,,,,,
0,/home/capc1/ProfitabilityTool-new-27-07-26/ProfitabilityTool/capc_dataset_work_RyrnQw/feature_variants/integerBitManipulation_serial_N_102.c,1,102,6,4,0,1,0,3,0,5,1,0,0,0,1,1,4,4,1,0,0,0,2,1,0,,,,,,,,
0,/home/capc1/ProfitabilityTool-new-27-07-26/ProfitabilityTool/capc_dataset_work_RyrnQw/feature_variants/integerBitManipulation_serial_N_103.c,1,103,6,4,0,1,0,3,0,5,1,0,0,0,1,1,4,4,1,0,0,0,2,1,0,,,,,,,,
0,/home/capc1/ProfitabilityTool-new-27-07-26/ProfitabilityTool/capc_dataset_work_RyrnQw/feature_variants/integerBitManipulation_serial_N_104.c,1,104,6,4,0,1,0,3,0,5,1,0,0,0,1,1,4,4,1,0,0,0,2,1,0,,,,,,,,
0,/home/capc1/ProfitabilityTool-new-27-07-26/ProfitabilityTool/capc_dataset_work_RyrnQw/feature_variants/integerBitManipulation_serial_N_105.c,1,105,6,4,0,1,0,3,0,5,1,0,0,0,1,1,4,4,1,0,0,0,2,1,0,,,,,,,,
0,/home/capc1/ProfitabilityTool-new-27-07-26/ProfitabilityTool/capc_dataset_work_RyrnQw/feature_variants/integerBitManipulation_serial_N_106.c,1,106,6,4,0,1,0,3,0,5,1,0,0,0,1,1,4,4,1,0,0,0,2,1,0,,,,,,,,
0,/home/capc1/ProfitabilityTool-new-27-07-26/ProfitabilityTool/capc_dataset_work_RyrnQw/feature_variants/integerBitManipulation_serial_N_107.c,1,107,6,4,0,1,0,3,0,5,1,0,0,0,1,1,4,4,1,0,0,0,2,1,0,,,,,,,,
0,/home/capc1/ProfitabilityTool-new-27-07-26/ProfitabilityTool/capc_dataset_work_RyrnQw/feature_variants/integerBitManipulation_serial_N_108.c,1,108,6,4,0,1,0,3,0,5,1,0,0,0,1,1,4,4,1,0,0,0,2,1,0,,,,,,,,
0,/home/capc1/ProfitabilityTool-new-27-07-26/ProfitabilityTool/capc_dataset_work_RyrnQw/feature_variants/integerBitManipulation_serial_N_109.c,1,109,6,4,0,1,0,3,0,5,1,0,0,0,1,1,4,4,1,0,0,0,2,1,0,,,,,,,,
0,/home/capc1/ProfitabilityTool-new-27-07-26/ProfitabilityTool/capc_dataset_work_RyrnQw/feature_variants/integerBitManipulation_serial_N_110.c,1,110,6,4,0,1,0,3,0,5,1,0,0,0,1,1,4,4,1,0,0,0,2,1,0,,,,,,,,
0,/home/capc1/ProfitabilityTool-new-27-07-26/ProfitabilityTool/capc_dataset_work_RyrnQw/feature_variants/integerBitManipulation_serial_N_111.c,1,111,6,4,0,1,0,3,0,5,1,0,0,0,1,1,4,4,1,0,0,0,2,1,0,,,,,,,,
0,/home/capc1/ProfitabilityTool-new-27-07-26/ProfitabilityTool/capc_dataset_work_RyrnQw/feature_variants/integerBitManipulation_serial_N_112.c,1,112,6,4,0,1,0,3,0,5,1,0,0,0,1,1,4,4,1,0,0,0,2,1,0,,,,,,,,
0,/home/capc1/ProfitabilityTool-new-27-07-26/ProfitabilityTool/capc_dataset_work_RyrnQw/feature_variants/integerBitManipulation_serial_N_113.c,1,113,6,4,0,1,0,3,0,5,1,0,0,0,1,1,4,4,1,0,0,0,2,1,0,,,,,,,,
0,/home/capc1/ProfitabilityTool-new-27-07-26/ProfitabilityTool/capc_dataset_work_RyrnQw/feature_variants/integerBitManipulation_serial_N_114.c,1,114,6,4,0,1,0,3,0,5,1,0,0,0,1,1,4,4,1,0,0,0,2,1,0,,,,,,,,
0,/home/capc1/ProfitabilityTool-new-27-07-26/ProfitabilityTool/capc_dataset_work_RyrnQw/feature_variants/integerBitManipulation_serial_N_115.c,1,115,6,4,0,1,0,3,0,5,1,0,0,0,1,1,4,4,1,0,0,0,2,1,0,,,,,,,,
0,/home/capc1/ProfitabilityTool-new-27-07-26/ProfitabilityTool/capc_dataset_work_RyrnQw/feature_variants/integerBitManipulation_serial_N_116.c,1,116,6,4,0,1,0,3,0,5,1,0,0,0,1,1,4,4,1,0,0,0,2,1,0,,,,,,,,
0,/home/capc1/ProfitabilityTool-new-27-07-26/ProfitabilityTool/capc_dataset_work_RyrnQw/feature_variants/integerBitManipulation_serial_N_117.c,1,117,6,4,0,1,0,3,0,5,1,0,0,0,1,1,4,4,1,0,0,0,2,1,0,,,,,,,,
0,/home/capc1/ProfitabilityTool-new-27-07-26/ProfitabilityTool/capc_dataset_work_RyrnQw/feature_variants/integerBitManipulation_serial_N_118.c,1,118,6,4,0,1,0,3,0,5,1,0,0,0,1,1,4,4,1,0,0,0,2,1,0,,,,,,,,
0,/home/capc1/ProfitabilityTool-new-27-07-26/ProfitabilityTool/capc_dataset_work_RyrnQw/feature_variants/integerBitManipulation_serial_N_119.c,1,119,6,4,0,1,0,3,0,5,1,0,0,0,1,1,4,4,1,0,0,0,2,1,0,,,,,,,,
0,/home/capc1/ProfitabilityTool-new-27-07-26/ProfitabilityTool/capc_dataset_work_RyrnQw/feature_variants/integerBitManipulation_serial_N_120.c,1,120,6,4,0,1,0,3,0,5,1,0,0,0,1,1,4,4,1,0,0,0,2,1,0,,,,,,,,
0,/home/capc1/ProfitabilityTool-new-27-07-26/ProfitabilityTool/capc_dataset_work_RyrnQw/feature_variants/integerBitManipulation_serial_N_121.c,1,121,6,4,0,1,0,3,0,5,1,0,0,0,1,1,4,4,1,0,0,0,2,1,0,,,,,,,,
0,/home/capc1/ProfitabilityTool-new-27-07-26/ProfitabilityTool/capc_dataset_work_RyrnQw/feature_variants/integerBitManipulation_serial_N_122.c,1,122,6,4,0,1,0,3,0,5,1,0,0,0,1,1,4,4,1,0,0,0,2,1,0,,,,,,,,
0,/home/capc1/ProfitabilityTool-new-27-07-26/ProfitabilityTool/capc_dataset_work_RyrnQw/feature_variants/integerBitManipulation_serial_N_123.c,1,123,6,4,0,1,0,3,0,5,1,0,0,0,1,1,4,4,1,0,0,0,2,1,0,,,,,,,,
0,/home/capc1/ProfitabilityTool-new-27-07-26/ProfitabilityTool/capc_dataset_work_RyrnQw/feature_variants/integerBitManipulation_serial_N_124.c,1,124,6,4,0,1,0,3,0,5,1,0,0,0,1,1,4,4,1,0,0,0,2,1,0,,,,,,,,
0,/home/capc1/ProfitabilityTool-new-27-07-26/ProfitabilityTool/capc_dataset_work_RyrnQw/feature_variants/integerBitManipulation_serial_N_125.c,1,125,6,4,0,1,0,3,0,5,1,0,0,0,1,1,4,4,1,0,0,0,2,1,0,,,,,,,,
0,/home/capc1/ProfitabilityTool-new-27-07-26/ProfitabilityTool/capc_dataset_work_RyrnQw/feature_variants/integerBitManipulation_serial_N_126.c,1,126,6,4,0,1,0,3,0,5,1,0,0,0,1,1,4,4,1,0,0,0,2,1,0,,,,,,,,
0,/home/capc1/ProfitabilityTool-new-27-07-26/ProfitabilityTool/capc_dataset_work_RyrnQw/feature_variants/integerBitManipulation_serial_N_127.c,1,127,6,4,0,1,0,3,0,5,1,0,0,0,1,1,4,4,1,0,0,0,2,1,0,,,,,,,,
0,/home/capc1/ProfitabilityTool-new-27-07-26/ProfitabilityTool/capc_dataset_work_RyrnQw/feature_variants/integerBitManipulation_serial_N_128.c,1,128,6,4,0,1,0,3,0,5,1,0,0,0,1,1,4,4,1,0,0,0,2,1,0,,,,,,,,
0,/home/capc1/ProfitabilityTool-new-27-07-26/ProfitabilityTool/capc_dataset_work_RyrnQw/feature_variants/integerBitManipulation_serial_N_129.c,1,129,6,4,0,1,0,3,0,5,1,0,0,0,1,1,4,4,1,0,0,0,2,1,0,,,,,,,,
0,/home/capc1/ProfitabilityTool-new-27-07-26/ProfitabilityTool/capc_dataset_work_RyrnQw/feature_variants/integerBitManipulation_serial_N_130.c,1,130,6,4,0,1,0,3,0,5,1,0,0,0,1,1,4,4,1,0,0,0,2,1,0,,,,,,,,
0,/home/capc1/ProfitabilityTool-new-27-07-26/ProfitabilityTool/capc_dataset_work_RyrnQw/feature_variants/integerBitManipulation_serial_N_131.c,1,131,6,4,0,1,0,3,0,5,1,0,0,0,1,1,4,4,1,0,0,0,2,1,0,,,,,,,,
0,/home/capc1/ProfitabilityTool-new-27-07-26/ProfitabilityTool/capc_dataset_work_RyrnQw/feature_variants/integerBitManipulation_serial_N_132.c,1,132,6,4,0,1,0,3,0,5,1,0,0,0,1,1,4,4,1,0,0,0,2,1,0,,,,,,,,
0,/home/capc1/ProfitabilityTool-new-27-07-26/ProfitabilityTool/capc_dataset_work_RyrnQw/feature_variants/integerBitManipulation_serial_N_133.c,1,133,6,4,0,1,0,3,0,5,1,0,0,0,1,1,4,4,1,0,0,0,2,1,0,,,,,,,,
0,/home/capc1/ProfitabilityTool-new-27-07-26/ProfitabilityTool/capc_dataset_work_RyrnQw/feature_variants/integerBitManipulation_serial_N_134.c,1,134,6,4,0,1,0,3,0,5,1,0,0,0,1,1,4,4,1,0,0,0,2,1,0,,,,,,,,
0,/home/capc1/ProfitabilityTool-new-27-07-26/ProfitabilityTool/capc_dataset_work_RyrnQw/feature_variants/integerBitManipulation_serial_N_135.c,1,135,6,4,0,1,0,3,0,5,1,0,0,0,1,1,4,4,1,0,0,0,2,1,0,,,,,,,,
0,/home/capc1/ProfitabilityTool-new-27-07-26/ProfitabilityTool/capc_dataset_work_RyrnQw/feature_variants/integerBitManipulation_serial_N_136.c,1,136,6,4,0,1,0,3,0,5,1,0,0,0,1,1,4,4,1,0,0,0,2,1,0,,,,,,,,
0,/home/capc1/ProfitabilityTool-new-27-07-26/ProfitabilityTool/capc_dataset_work_RyrnQw/feature_variants/integerBitManipulation_serial_N_137.c,1,137,6,4,0,1,0,3,0,5,1,0,0,0,1,1,4,4,1,0,0,0,2,1,0,,,,,,,,
0,/home/capc1/ProfitabilityTool-new-27-07-26/ProfitabilityTool/capc_dataset_work_RyrnQw/feature_variants/integerBitManipulation_serial_N_138.c,1,138,6,4,0,1,0,3,0,5,1,0,0,0,1,1,4,4,1,0,0,0,2,1,0,,,,,,,,
0,/home/capc1/ProfitabilityTool-new-27-07-26/ProfitabilityTool/capc_dataset_work_RyrnQw/feature_variants/integerBitManipulation_serial_N_139.c,1,139,6,4,0,1,0,3,0,5,1,0,0,0,1,1,4,4,1,0,0,0,2,1,0,,,,,,,,
0,/home/capc1/ProfitabilityTool-new-27-07-26/ProfitabilityTool/capc_dataset_work_RyrnQw/feature_variants/integerBitManipulation_serial_N_140.c,1,140,6,4,0,1,0,3,0,5,1,0,0,0,1,1,4,4,1,0,0,0,2,1,0,,,,,,,,
0,/home/capc1/ProfitabilityTool-new-27-07-26/ProfitabilityTool/capc_dataset_work_RyrnQw/feature_variants/integerBitManipulation_serial_N_141.c,1,141,6,4,0,1,0,3,0,5,1,0,0,0,1,1,4,4,1,0,0,0,2,1,0,,,,,,,,
0,/home/capc1/ProfitabilityTool-new-27-07-26/ProfitabilityTool/capc_dataset_work_RyrnQw/feature_variants/integerBitManipulation_serial_N_142.c,1,142,6,4,0,1,0,3,0,5,1,0,0,0,1,1,4,4,1,0,0,0,2,1,0,,,,,,,,
0,/home/capc1/ProfitabilityTool-new-27-07-26/ProfitabilityTool/capc_dataset_work_RyrnQw/feature_variants/integerBitManipulation_serial_N_143.c,1,143,6,4,0,1,0,3,0,5,1,0,0,0,1,1,4,4,1,0,0,0,2,1,0,,,,,,,,
0,/home/capc1/ProfitabilityTool-new-27-07-26/ProfitabilityTool/capc_dataset_work_RyrnQw/feature_variants/integerBitManipulation_serial_N_144.c,1,144,6,4,0,1,0,3,0,5,1,0,0,0,1,1,4,4,1,0,0,0,2,1,0,,,,,,,,
0,/home/capc1/ProfitabilityTool-new-27-07-26/ProfitabilityTool/capc_dataset_work_RyrnQw/feature_variants/integerBitManipulation_serial_N_145.c,1,145,6,4,0,1,0,3,0,5,1,0,0,0,1,1,4,4,1,0,0,0,2,1,0,,,,,,,,
0,/home/capc1/ProfitabilityTool-new-27-07-26/ProfitabilityTool/capc_dataset_work_RyrnQw/feature_variants/integerBitManipulation_serial_N_146.c,1,146,6,4,0,1,0,3,0,5,1,0,0,0,1,1,4,4,1,0,0,0,2,1,0,,,,,,,,
0,/home/capc1/ProfitabilityTool-new-27-07-26/ProfitabilityTool/capc_dataset_work_RyrnQw/feature_variants/integerBitManipulation_serial_N_147.c,1,147,6,4,0,1,0,3,0,5,1,0,0,0,1,1,4,4,1,0,0,0,2,1,0,,,,,,,,
0,/home/capc1/ProfitabilityTool-new-27-07-26/ProfitabilityTool/capc_dataset_work_RyrnQw/feature_variants/integerBitManipulation_serial_N_148.c,1,148,6,4,0,1,0,3,0,5,1,0,0,0,1,1,4,4,1,0,0,0,2,1,0,,,,,,,,
0,/home/capc1/ProfitabilityTool-new-27-07-26/ProfitabilityTool/capc_dataset_work_RyrnQw/feature_variants/integerBitManipulation_serial_N_149.c,1,149,6,4,0,1,0,3,0,5,1,0,0,0,1,1,4,4,1,0,0,0,2,1,0,,,,,,,,
0,/home/capc1/ProfitabilityTool-new-27-07-26/ProfitabilityTool/capc_dataset_work_RyrnQw/feature_variants/integerBitManipulation_serial_N_150.c,1,150,6,4,0,1,0,3,0,5,1,0,0,0,1,1,4,4,1,0,0,0,2,1,0,,,,,,,,
0,/home/capc1/ProfitabilityTool-new-27-07-26/ProfitabilityTool/capc_dataset_work_RyrnQw/feature_variants/integerBitManipulation_serial_N_151.c,1,151,6,4,0,1,0,3,0,5,1,0,0,0,1,1,4,4,1,0,0,0,2,1,0,,,,,,,,
0,/home/capc1/ProfitabilityTool-new-27-07-26/ProfitabilityTool/capc_dataset_work_RyrnQw/feature_variants/integerBitManipulation_serial_N_152.c,1,152,6,4,0,1,0,3,0,5,1,0,0,0,1,1,4,4,1,0,0,0,2,1,0,,,,,,,,
0,/home/capc1/ProfitabilityTool-new-27-07-26/ProfitabilityTool/capc_dataset_work_RyrnQw/feature_variants/integerBitManipulation_serial_N_153.c,1,153,6,4,0,1,0,3,0,5,1,0,0,0,1,1,4,4,1,0,0,0,2,1,0,,,,,,,,
0,/home/capc1/ProfitabilityTool-new-27-07-26/ProfitabilityTool/capc_dataset_work_RyrnQw/feature_variants/integerBitManipulation_serial_N_154.c,1,154,6,4,0,1,0,3,0,5,1,0,0,0,1,1,4,4,1,0,0,0,2,1,0,,,,,,,,
0,/home/capc1/ProfitabilityTool-new-27-07-26/ProfitabilityTool/capc_dataset_work_RyrnQw/feature_variants/integerBitManipulation_serial_N_155.c,1,155,6,4,0,1,0,3,0,5,1,0,0,0,1,1,4,4,1,0,0,0,2,1,0,,,,,,,,
0,/home/capc1/ProfitabilityTool-new-27-07-26/ProfitabilityTool/capc_dataset_work_RyrnQw/feature_variants/integerBitManipulation_serial_N_156.c,1,156,6,4,0,1,0,3,0,5,1,0,0,0,1,1,4,4,1,0,0,0,2,1,0,,,,,,,,
0,/home/capc1/ProfitabilityTool-new-27-07-26/ProfitabilityTool/capc_dataset_work_RyrnQw/feature_variants/integerBitManipulation_serial_N_157.c,1,157,6,4,0,1,0,3,0,5,1,0,0,0,1,1,4,4,1,0,0,0,2,1,0,,,,,,,,
0,/home/capc1/ProfitabilityTool-new-27-07-26/ProfitabilityTool/capc_dataset_work_RyrnQw/feature_variants/integerBitManipulation_serial_N_158.c,1,158,6,4,0,1,0,3,0,5,1,0,0,0,1,1,4,4,1,0,0,0,2,1,0,,,,,,,,
0,/home/capc1/ProfitabilityTool-new-27-07-26/ProfitabilityTool/capc_dataset_work_RyrnQw/feature_variants/integerBitManipulation_serial_N_159.c,1,159,6,4,0,1,0,3,0,5,1,0,0,0,1,1,4,4,1,0,0,0,2,1,0,,,,,,,,
0,/home/capc1/ProfitabilityTool-new-27-07-26/ProfitabilityTool/capc_dataset_work_RyrnQw/feature_variants/integerBitManipulation_serial_N_160.c,1,160,6,4,0,1,0,3,0,5,1,0,0,0,1,1,4,4,1,0,0,0,2,1,0,,,,,,,,
0,/home/capc1/ProfitabilityTool-new-27-07-26/ProfitabilityTool/capc_dataset_work_RyrnQw/feature_variants/integerBitManipulation_serial_N_161.c,1,161,6,4,0,1,0,3,0,5,1,0,0,0,1,1,4,4,1,0,0,0,2,1,0,,,,,,,,
0,/home/capc1/ProfitabilityTool-new-27-07-26/ProfitabilityTool/capc_dataset_work_RyrnQw/feature_variants/integerBitManipulation_serial_N_162.c,1,162,6,4,0,1,0,3,0,5,1,0,0,0,1,1,4,4,1,0,0,0,2,1,0,,,,,,,,
0,/home/capc1/ProfitabilityTool-new-27-07-26/ProfitabilityTool/capc_dataset_work_RyrnQw/feature_variants/integerBitManipulation_serial_N_163.c,1,163,6,4,0,1,0,3,0,5,1,0,0,0,1,1,4,4,1,0,0,0,2,1,0,,,,,,,,
0,/home/capc1/ProfitabilityTool-new-27-07-26/ProfitabilityTool/capc_dataset_work_RyrnQw/feature_variants/integerBitManipulation_serial_N_164.c,1,164,6,4,0,1,0,3,0,5,1,0,0,0,1,1,4,4,1,0,0,0,2,1,0,,,,,,,,
0,/home/capc1/ProfitabilityTool-new-27-07-26/ProfitabilityTool/capc_dataset_work_RyrnQw/feature_variants/integerBitManipulation_serial_N_165.c,1,165,6,4,0,1,0,3,0,5,1,0,0,0,1,1,4,4,1,0,0,0,2,1,0,,,,,,,,
0,/home/capc1/ProfitabilityTool-new-27-07-26/ProfitabilityTool/capc_dataset_work_RyrnQw/feature_variants/integerBitManipulation_serial_N_166.c,1,166,6,4,0,1,0,3,0,5,1,0,0,0,1,1,4,4,1,0,0,0,2,1,0,,,,,,,,
0,/home/capc1/ProfitabilityTool-new-27-07-26/ProfitabilityTool/capc_dataset_work_RyrnQw/feature_variants/integerBitManipulation_serial_N_167.c,1,167,6,4,0,1,0,3,0,5,1,0,0,0,1,1,4,4,1,0,0,0,2,1,0,,,,,,,,
0,/home/capc1/ProfitabilityTool-new-27-07-26/ProfitabilityTool/capc_dataset_work_RyrnQw/feature_variants/integerBitManipulation_serial_N_168.c,1,168,6,4,0,1,0,3,0,5,1,0,0,0,1,1,4,4,1,0,0,0,2,1,0,,,,,,,,
0,/home/capc1/ProfitabilityTool-new-27-07-26/ProfitabilityTool/capc_dataset_work_RyrnQw/feature_variants/integerBitManipulation_serial_N_169.c,1,169,6,4,0,1,0,3,0,5,1,0,0,0,1,1,4,4,1,0,0,0,2,1,0,,,,,,,,
0,/home/capc1/ProfitabilityTool-new-27-07-26/ProfitabilityTool/capc_dataset_work_RyrnQw/feature_variants/integerBitManipulation_serial_N_170.c,1,170,6,4,0,1,0,3,0,5,1,0,0,0,1,1,4,4,1,0,0,0,2,1,0,,,,,,,,
0,/home/capc1/ProfitabilityTool-new-27-07-26/ProfitabilityTool/capc_dataset_work_RyrnQw/feature_variants/integerBitManipulation_serial_N_171.c,1,171,6,4,0,1,0,3,0,5,1,0,0,0,1,1,4,4,1,0,0,0,2,1,0,,,,,,,,
0,/home/capc1/ProfitabilityTool-new-27-07-26/ProfitabilityTool/capc_dataset_work_RyrnQw/feature_variants/integerBitManipulation_serial_N_172.c,1,172,6,4,0,1,0,3,0,5,1,0,0,0,1,1,4,4,1,0,0,0,2,1,0,,,,,,,,
0,/home/capc1/ProfitabilityTool-new-27-07-26/ProfitabilityTool/capc_dataset_work_RyrnQw/feature_variants/integerBitManipulation_serial_N_173.c,1,173,6,4,0,1,0,3,0,5,1,0,0,0,1,1,4,4,1,0,0,0,2,1,0,,,,,,,,
0,/home/capc1/ProfitabilityTool-new-27-07-26/ProfitabilityTool/capc_dataset_work_RyrnQw/feature_variants/integerBitManipulation_serial_N_174.c,1,174,6,4,0,1,0,3,0,5,1,0,0,0,1,1,4,4,1,0,0,0,2,1,0,,,,,,,,
0,/home/capc1/ProfitabilityTool-new-27-07-26/ProfitabilityTool/capc_dataset_work_RyrnQw/feature_variants/integerBitManipulation_serial_N_175.c,1,175,6,4,0,1,0,3,0,5,1,0,0,0,1,1,4,4,1,0,0,0,2,1,0,,,,,,,,
0,/home/capc1/ProfitabilityTool-new-27-07-26/ProfitabilityTool/capc_dataset_work_RyrnQw/feature_variants/integerBitManipulation_serial_N_176.c,1,176,6,4,0,1,0,3,0,5,1,0,0,0,1,1,4,4,1,0,0,0,2,1,0,,,,,,,,
0,/home/capc1/ProfitabilityTool-new-27-07-26/ProfitabilityTool/capc_dataset_work_RyrnQw/feature_variants/integerBitManipulation_serial_N_177.c,1,177,6,4,0,1,0,3,0,5,1,0,0,0,1,1,4,4,1,0,0,0,2,1,0,,,,,,,,
0,/home/capc1/ProfitabilityTool-new-27-07-26/ProfitabilityTool/capc_dataset_work_RyrnQw/feature_variants/integerBitManipulation_serial_N_178.c,1,178,6,4,0,1,0,3,0,5,1,0,0,0,1,1,4,4,1,0,0,0,2,1,0,,,,,,,,
0,/home/capc1/ProfitabilityTool-new-27-07-26/ProfitabilityTool/capc_dataset_work_RyrnQw/feature_variants/integerBitManipulation_serial_N_179.c,1,179,6,4,0,1,0,3,0,5,1,0,0,0,1,1,4,4,1,0,0,0,2,1,0,,,,,,,,
0,/home/capc1/ProfitabilityTool-new-27-07-26/ProfitabilityTool/capc_dataset_work_RyrnQw/feature_variants/integerBitManipulation_serial_N_180.c,1,180,6,4,0,1,0,3,0,5,1,0,0,0,1,1,4,4,1,0,0,0,2,1,0,,,,,,,,
0,/home/capc1/ProfitabilityTool-new-27-07-26/ProfitabilityTool/capc_dataset_work_RyrnQw/feature_variants/integerBitManipulation_serial_N_181.c,1,181,6,4,0,1,0,3,0,5,1,0,0,0,1,1,4,4,1,0,0,0,2,1,0,,,,,,,,
0,/home/capc1/ProfitabilityTool-new-27-07-26/ProfitabilityTool/capc_dataset_work_RyrnQw/feature_variants/integerBitManipulation_serial_N_182.c,1,182,6,4,0,1,0,3,0,5,1,0,0,0,1,1,4,4,1,0,0,0,2,1,0,,,,,,,,
0,/home/capc1/ProfitabilityTool-new-27-07-26/ProfitabilityTool/capc_dataset_work_RyrnQw/feature_variants/integerBitManipulation_serial_N_183.c,1,183,6,4,0,1,0,3,0,5,1,0,0,0,1,1,4,4,1,0,0,0,2,1,0,,,,,,,,
0,/home/capc1/ProfitabilityTool-new-27-07-26/ProfitabilityTool/capc_dataset_work_RyrnQw/feature_variants/integerBitManipulation_serial_N_184.c,1,184,6,4,0,1,0,3,0,5,1,0,0,0,1,1,4,4,1,0,0,0,2,1,0,,,,,,,,
0,/home/capc1/ProfitabilityTool-new-27-07-26/ProfitabilityTool/capc_dataset_work_RyrnQw/feature_variants/integerBitManipulation_serial_N_185.c,1,185,6,4,0,1,0,3,0,5,1,0,0,0,1,1,4,4,1,0,0,0,2,1,0,,,,,,,,
0,/home/capc1/ProfitabilityTool-new-27-07-26/ProfitabilityTool/capc_dataset_work_RyrnQw/feature_variants/integerBitManipulation_serial_N_186.c,1,186,6,4,0,1,0,3,0,5,1,0,0,0,1,1,4,4,1,0,0,0,2,1,0,,,,,,,,
0,/home/capc1/ProfitabilityTool-new-27-07-26/ProfitabilityTool/capc_dataset_work_RyrnQw/feature_variants/integerBitManipulation_serial_N_187.c,1,187,6,4,0,1,0,3,0,5,1,0,0,0,1,1,4,4,1,0,0,0,2,1,0,,,,,,,,
0,/home/capc1/ProfitabilityTool-new-27-07-26/ProfitabilityTool/capc_dataset_work_RyrnQw/feature_variants/integerBitManipulation_serial_N_188.c,1,188,6,4,0,1,0,3,0,5,1,0,0,0,1,1,4,4,1,0,0,0,2,1,0,,,,,,,,
0,/home/capc1/ProfitabilityTool-new-27-07-26/ProfitabilityTool/capc_dataset_work_RyrnQw/feature_variants/integerBitManipulation_serial_N_189.c,1,189,6,4,0,1,0,3,0,5,1,0,0,0,1,1,4,4,1,0,0,0,2,1,0,,,,,,,,
0,/home/capc1/ProfitabilityTool-new-27-07-26/ProfitabilityTool/capc_dataset_work_RyrnQw/feature_variants/integerBitManipulation_serial_N_190.c,1,190,6,4,0,1,0,3,0,5,1,0,0,0,1,1,4,4,1,0,0,0,2,1,0,,,,,,,,
0,/home/capc1/ProfitabilityTool-new-27-07-26/ProfitabilityTool/capc_dataset_work_RyrnQw/feature_variants/integerBitManipulation_serial_N_191.c,1,191,6,4,0,1,0,3,0,5,1,0,0,0,1,1,4,4,1,0,0,0,2,1,0,,,,,,,,
0,/home/capc1/ProfitabilityTool-new-27-07-26/ProfitabilityTool/capc_dataset_work_RyrnQw/feature_variants/integerBitManipulation_serial_N_192.c,1,192,6,4,0,1,0,3,0,5,1,0,0,0,1,1,4,4,1,0,0,0,2,1,0,,,,,,,,
0,/home/capc1/ProfitabilityTool-new-27-07-26/ProfitabilityTool/capc_dataset_work_RyrnQw/feature_variants/integerBitManipulation_serial_N_193.c,1,193,6,4,0,1,0,3,0,5,1,0,0,0,1,1,4,4,1,0,0,0,2,1,0,,,,,,,,
0,/home/capc1/ProfitabilityTool-new-27-07-26/ProfitabilityTool/capc_dataset_work_RyrnQw/feature_variants/integerBitManipulation_serial_N_194.c,1,194,6,4,0,1,0,3,0,5,1,0,0,0,1,1,4,4,1,0,0,0,2,1,0,,,,,,,,
0,/home/capc1/ProfitabilityTool-new-27-07-26/ProfitabilityTool/capc_dataset_work_RyrnQw/feature_variants/integerBitManipulation_serial_N_195.c,1,195,6,4,0,1,0,3,0,5,1,0,0,0,1,1,4,4,1,0,0,0,2,1,0,,,,,,,,
0,/home/capc1/ProfitabilityTool-new-27-07-26/ProfitabilityTool/capc_dataset_work_RyrnQw/feature_variants/integerBitManipulation_serial_N_196.c,1,196,6,4,0,1,0,3,0,5,1,0,0,0,1,1,4,4,1,0,0,0,2,1,0,,,,,,,,
0,/home/capc1/ProfitabilityTool-new-27-07-26/ProfitabilityTool/capc_dataset_work_RyrnQw/feature_variants/integerBitManipulation_serial_N_197.c,1,197,6,4,0,1,0,3,0,5,1,0,0,0,1,1,4,4,1,0,0,0,2,1,0,,,,,,,,
0,/home/capc1/ProfitabilityTool-new-27-07-26/ProfitabilityTool/capc_dataset_work_RyrnQw/feature_variants/integerBitManipulation_serial_N_198.c,1,198,6,4,0,1,0,3,0,5,1,0,0,0,1,1,4,4,1,0,0,0,2,1,0,,,,,,,,
0,/home/capc1/ProfitabilityTool-new-27-07-26/ProfitabilityTool/capc_dataset_work_RyrnQw/feature_variants/integerBitManipulation_serial_N_199.c,1,199,6,4,0,1,0,3,0,5,1,0,0,0,1,1,4,4,1,0,0,0,2,1,0,,,,,,,,
0,/home/capc1/ProfitabilityTool-new-27-07-26/ProfitabilityTool/capc_dataset_work_RyrnQw/feature_variants/integerBitManipulation_serial_N_200.c,1,200,6,4,0,1,0,3,0,5,1,0,0,0,1,1,4,4,1,0,0,0,2,1,0,,,,,,,,
0,/home/capc1/ProfitabilityTool-new-27-07-26/ProfitabilityTool/capc_dataset_work_RyrnQw/feature_variants/integerBitManipulation_serial_N_300.c,1,300,6,4,0,1,0,3,0,5,1,0,0,0,1,1,4,4,1,0,0,0,2,1,0,,,,,,,,
0,/home/capc1/ProfitabilityTool-new-27-07-26/ProfitabilityTool/capc_dataset_work_RyrnQw/feature_variants/integerBitManipulation_serial_N_400.c,1,400,6,4,0,1,0,3,0,5,1,0,0,0,1,1,4,4,1,0,0,0,2,1,0,,,,,,,,
0,/home/capc1/ProfitabilityTool-new-27-07-26/ProfitabilityTool/capc_dataset_work_RyrnQw/feature_variants/integerBitManipulation_serial_N_500.c,1,500,6,4,0,1,0,3,0,5,1,0,0,0,1,1,4,4,1,0,0,0,2,1,0,,,,,,,,
0,/home/capc1/ProfitabilityTool-new-27-07-26/ProfitabilityTool/capc_dataset_work_RyrnQw/feature_variants/integerBitManipulation_serial_N_600.c,1,600,6,4,0,1,0,3,0,5,1,0,0,0,1,1,4,4,1,0,0,0,2,1,0,,,,,,,,
0,/home/capc1/ProfitabilityTool-new-27-07-26/ProfitabilityTool/capc_dataset_work_RyrnQw/feature_variants/integerBitManipulation_serial_N_700.c,1,700,6,4,0,1,0,3,0,5,1,0,0,0,1,1,4,4,1,0,0,0,2,1,0,,,,,,,,
0,/home/capc1/ProfitabilityTool-new-27-07-26/ProfitabilityTool/capc_dataset_work_RyrnQw/feature_variants/integerBitManipulation_serial_N_800.c,1,800,6,4,0,1,0,3,0,5,1,0,0,0,1,1,4,4,1,0,0,0,2,1,0,,,,,,,,
0,/home/capc1/ProfitabilityTool-new-27-07-26/ProfitabilityTool/capc_dataset_work_RyrnQw/feature_variants/integerBitManipulation_serial_N_900.c,1,900,6,4,0,1,0,3,0,5,1,0,0,0,1,1,4,4,1,0,0,0,2,1,0,,,,,,,,
0,/home/capc1/ProfitabilityTool-new-27-07-26/ProfitabilityTool/capc_dataset_work_RyrnQw/feature_variants/integerBitManipulation_serial_N_1000.c,1,1000,6,4,0,1,0,3,0,5,1,0,0,0,1,1,4,4,1,0,0,0,2,1,0,,,,,,,,
0,/home/capc1/ProfitabilityTool-new-27-07-26/ProfitabilityTool/capc_dataset_work_RyrnQw/feature_variants/integerBitManipulation_serial_N_2000.c,1,2000,6,4,0,1,0,3,0,5,1,0,0,0,1,1,4,4,1,0,0,0,2,1,0,,,,,,,,
0,/home/capc1/ProfitabilityTool-new-27-07-26/ProfitabilityTool/capc_dataset_work_RyrnQw/feature_variants/integerBitManipulation_serial_N_3000.c,1,3000,6,4,0,1,0,3,0,5,1,0,0,0,1,1,4,4,1,0,0,0,2,1,0,,,,,,,,
0,/home/capc1/ProfitabilityTool-new-27-07-26/ProfitabilityTool/capc_dataset_work_RyrnQw/feature_variants/integerBitManipulation_serial_N_4000.c,1,4000,6,4,0,1,0,3,0,5,1,0,0,0,1,1,4,4,1,0,0,0,2,1,0,,,,,,,,
0,/home/capc1/ProfitabilityTool-new-27-07-26/ProfitabilityTool/capc_dataset_work_RyrnQw/feature_variants/integerBitManipulation_serial_N_5000.c,1,5000,6,4,0,1,0,3,0,5,1,0,0,0,1,1,4,4,1,0,0,0,2,1,0,,,,,,,,
0,/home/capc1/ProfitabilityTool-new-27-07-26/ProfitabilityTool/capc_dataset_work_RyrnQw/feature_variants/integerBitManipulation_serial_N_6000.c,1,6000,6,4,0,1,0,3,0,5,1,0,0,0,1,1,4,4,1,0,0,0,2,1,0,,,,,,,,
0,/home/capc1/ProfitabilityTool-new-27-07-26/ProfitabilityTool/capc_dataset_work_RyrnQw/feature_variants/integerBitManipulation_serial_N_7000.c,1,7000,6,4,0,1,0,3,0,5,1,0,0,0,1,1,4,4,1,0,0,0,2,1,0,,,,,,,,
0,/home/capc1/ProfitabilityTool-new-27-07-26/ProfitabilityTool/capc_dataset_work_RyrnQw/feature_variants/integerBitManipulation_serial_N_8000.c,1,8000,6,4,0,1,0,3,0,5,1,0,0,0,1,1,4,4,1,0,0,0,2,1,0,,,,,,,,
0,/home/capc1/ProfitabilityTool-new-27-07-26/ProfitabilityTool/capc_dataset_work_RyrnQw/feature_variants/integerBitManipulation_serial_N_9000.c,1,9000,6,4,0,1,0,3,0,5,1,0,0,0,1,1,4,4,1,0,0,0,2,1,0,,,,,,,,
0,/home/capc1/ProfitabilityTool-new-27-07-26/ProfitabilityTool/capc_dataset_work_RyrnQw/feature_variants/integerBitManipulation_serial_N_10000.c,1,10000,6,4,0,1,0,3,0,5,1,0,0,0,1,1,4,4,1,0,0,0,2,1,0,,,,,,,,
0,/home/capc1/ProfitabilityTool-new-27-07-26/ProfitabilityTool/capc_dataset_work_RyrnQw/feature_variants/integerBitManipulation_serial_N_20000.c,1,20000,6,4,0,1,0,3,0,5,1,0,0,0,1,1,4,4,1,0,0,0,2,1,0,,,,,,,,
0,/home/capc1/ProfitabilityTool-new-27-07-26/ProfitabilityTool/capc_dataset_work_RyrnQw/feature_variants/integerBitManipulation_serial_N_30000.c,1,30000,6,4,0,1,0,3,0,5,1,0,0,0,1,1,4,4,1,0,0,0,2,1,0,,,,,,,,
0,/home/capc1/ProfitabilityTool-new-27-07-26/ProfitabilityTool/capc_dataset_work_RyrnQw/feature_variants/integerBitManipulation_serial_N_40000.c,1,40000,6,4,0,1,0,3,0,5,1,0,0,0,1,1,4,4,1,0,0,0,2,1,0,,,,,,,,
0,/home/capc1/ProfitabilityTool-new-27-07-26/ProfitabilityTool/capc_dataset_work_RyrnQw/feature_variants/integerBitManipulation_serial_N_50000.c,1,50000,6,4,0,1,0,3,0,5,1,0,0,0,1,1,4,4,1,0,0,0,2,1,0,,,,,,,,
0,/home/capc1/ProfitabilityTool-new-27-07-26/ProfitabilityTool/capc_dataset_work_RyrnQw/feature_variants/integerBitManipulation_serial_N_60000.c,1,60000,6,4,0,1,0,3,0,5,1,0,0,0,1,1,4,4,1,0,0,0,2,1,0,,,,,,,,
0,/home/capc1/ProfitabilityTool-new-27-07-26/ProfitabilityTool/capc_dataset_work_RyrnQw/feature_variants/integerBitManipulation_serial_N_70000.c,1,70000,6,4,0,1,0,3,0,5,1,0,0,0,1,1,4,4,1,0,0,0,2,1,0,,,,,,,,
0,/home/capc1/ProfitabilityTool-new-27-07-26/ProfitabilityTool/capc_dataset_work_RyrnQw/feature_variants/integerBitManipulation_serial_N_80000.c,1,80000,6,4,0,1,0,3,0,5,1,0,0,0,1,1,4,4,1,0,0,0,2,1,0,,,,,,,,
0,/home/capc1/ProfitabilityTool-new-27-07-26/ProfitabilityTool/capc_dataset_work_RyrnQw/feature_variants/integerBitManipulation_serial_N_90000.c,1,90000,6,4,0,1,0,3,0,5,1,0,0,0,1,1,4,4,1,0,0,0,2,1,0,,,,,,,,
0,/home/capc1/ProfitabilityTool-new-27-07-26/ProfitabilityTool/capc_dataset_work_RyrnQw/feature_variants/integerBitManipulation_serial_N_100000.c,1,100000,6,4,0,1,0,3,0,5,1,0,0,0,1,1,4,4,1,0,0,0,2,1,0,,,,,,,,
0,/home/capc1/ProfitabilityTool-new-27-07-26/ProfitabilityTool/capc_dataset_work_RyrnQw/feature_variants/integerBitManipulation_serial_N_200000.c,1,200000,6,4,0,1,0,3,0,5,1,0,0,0,1,1,4,4,1,0,0,0,2,1,0,,,,,,,,
0,/home/capc1/ProfitabilityTool-new-27-07-26/ProfitabilityTool/capc_dataset_work_RyrnQw/feature_variants/integerBitManipulation_serial_N_300000.c,1,300000,6,4,0,1,0,3,0,5,1,0,0,0,1,1,4,4,1,0,0,0,2,1,0,,,,,,,,
0,/home/capc1/ProfitabilityTool-new-27-07-26/ProfitabilityTool/capc_dataset_work_RyrnQw/feature_variants/integerBitManipulation_serial_N_400000.c,1,400000,6,4,0,1,0,3,0,5,1,0,0,0,1,1,4,4,1,0,0,0,2,1,0,,,,,,,,
0,/home/capc1/ProfitabilityTool-new-27-07-26/ProfitabilityTool/capc_dataset_work_RyrnQw/feature_variants/integerBitManipulation_serial_N_500000.c,1,500000,6,4,0,1,0,3,0,5,1,0,0,0,1,1,4,4,1,0,0,0,2,1,0,,,,,,,,
0,/home/capc1/ProfitabilityTool-new-27-07-26/ProfitabilityTool/capc_dataset_work_RyrnQw/feature_variants/integerBitManipulation_serial_N_600000.c,1,600000,6,4,0,1,0,3,0,5,1,0,0,0,1,1,4,4,1,0,0,0,2,1,0,,,,,,,,
0,/home/capc1/ProfitabilityTool-new-27-07-26/ProfitabilityTool/capc_dataset_work_RyrnQw/feature_variants/integerBitManipulation_serial_N_700000.c,1,700000,6,4,0,1,0,3,0,5,1,0,0,0,1,1,4,4,1,0,0,0,2,1,0,,,,,,,,
0,/home/capc1/ProfitabilityTool-new-27-07-26/ProfitabilityTool/capc_dataset_work_RyrnQw/feature_variants/integerBitManipulation_serial_N_800000.c,1,800000,6,4,0,1,0,3,0,5,1,0,0,0,1,1,4,4,1,0,0,0,2,1,0,,,,,,,,
0,/home/capc1/ProfitabilityTool-new-27-07-26/ProfitabilityTool/capc_dataset_work_RyrnQw/feature_variants/integerBitManipulation_serial_N_900000.c,1,900000,6,4,0,1,0,3,0,5,1,0,0,0,1,1,4,4,1,0,0,0,2,1,0,,,,,,,,
0,/home/capc1/ProfitabilityTool-new-27-07-26/ProfitabilityTool/capc_dataset_work_RyrnQw/feature_variants/integerBitManipulation_serial_N_1000000.c,1,1000000,6,4,0,1,0,3,0,5,1,0,0,0,1,1,4,4,1,0,0,0,2,1,0,,,,,,,,
0,/home/capc1/ProfitabilityTool-new-27-07-26/ProfitabilityTool/capc_dataset_work_RyrnQw/feature_variants/integerBitManipulation_serial_N_2000000.c,1,2000000,6,4,0,1,0,3,0,5,1,0,0,0,1,1,4,4,1,0,0,0,2,1,0,,,,,,,,
0,/home/capc1/ProfitabilityTool-new-27-07-26/ProfitabilityTool/capc_dataset_work_RyrnQw/feature_variants/integerBitManipulation_serial_N_3000000.c,1,3000000,6,4,0,1,0,3,0,5,1,0,0,0,1,1,4,4,1,0,0,0,2,1,0,,,,,,,,
0,/home/capc1/ProfitabilityTool-new-27-07-26/ProfitabilityTool/capc_dataset_work_RyrnQw/feature_variants/integerBitManipulation_serial_N_4000000.c,1,4000000,6,4,0,1,0,3,0,5,1,0,0,0,1,1,4,4,1,0,0,0,2,1,0,,,,,,,,
0,/home/capc1/ProfitabilityTool-new-27-07-26/ProfitabilityTool/capc_dataset_work_RyrnQw/feature_variants/integerBitManipulation_serial_N_5000000.c,1,5000000,6,4,0,1,0,3,0,5,1,0,0,0,1,1,4,4,1,0,0,0,2,1,0,,,,,,,,
0,/home/capc1/ProfitabilityTool-new-27-07-26/ProfitabilityTool/capc_dataset_work_RyrnQw/feature_variants/integerBitManipulation_serial_N_6000000.c,1,6000000,6,4,0,1,0,3,0,5,1,0,0,0,1,1,4,4,1,0,0,0,2,1,0,,,,,,,,
0,/home/capc1/ProfitabilityTool-new-27-07-26/ProfitabilityTool/capc_dataset_work_RyrnQw/feature_variants/integerBitManipulation_serial_N_7000000.c,1,7000000,6,4,0,1,0,3,0,5,1,0,0,0,1,1,4,4,1,0,0,0,2,1,0,,,,,,,,
0,/home/capc1/ProfitabilityTool-new-27-07-26/ProfitabilityTool/capc_dataset_work_RyrnQw/feature_variants/integerBitManipulation_serial_N_8000000.c,1,8000000,6,4,0,1,0,3,0,5,1,0,0,0,1,1,4,4,1,0,0,0,2,1,0,,,,,,,,
0,/home/capc1/ProfitabilityTool-new-27-07-26/ProfitabilityTool/capc_dataset_work_RyrnQw/feature_variants/integerBitManipulation_serial_N_9000000.c,1,9000000,6,4,0,1,0,3,0,5,1,0,0,0,1,1,4,4,1,0,0,0,2,1,0,,,,,,,,
0,/home/capc1/ProfitabilityTool-new-27-07-26/ProfitabilityTool/capc_dataset_work_RyrnQw/feature_variants/integerBitManipulation_serial_N_10000000.c,1,10000000,6,4,0,1,0,3,0,5,1,0,0,0,1,1,4,4,1,0,0,0,2,1,0,,,,,,,,
0,/home/capc1/ProfitabilityTool-new-27-07-26/ProfitabilityTool/capc_dataset_work_RyrnQw/feature_variants/integerBitManipulation_serial_N_20000000.c,1,20000000,6,4,0,1,0,3,0,5,1,0,0,0,1,1,4,4,1,0,0,0,2,1,0,,,,,,,,
0,/home/capc1/ProfitabilityTool-new-27-07-26/ProfitabilityTool/capc_dataset_work_RyrnQw/feature_variants/integerBitManipulation_serial_N_30000000.c,1,30000000,6,4,0,1,0,3,0,5,1,0,0,0,1,1,4,4,1,0,0,0,2,1,0,,,,,,,,
0,/home/capc1/ProfitabilityTool-new-27-07-26/ProfitabilityTool/capc_dataset_work_RyrnQw/feature_variants/integerBitManipulation_serial_N_40000000.c,1,40000000,6,4,0,1,0,3,0,5,1,0,0,0,1,1,4,4,1,0,0,0,2,1,0,,,,,,,,
0,/home/capc1/ProfitabilityTool-new-27-07-26/ProfitabilityTool/capc_dataset_work_RyrnQw/feature_variants/integerBitManipulation_serial_N_50000000.c,1,50000000,6,4,0,1,0,3,0,5,1,0,0,0,1,1,4,4,1,0,0,0,2,1,0,,,,,,,,
0,/home/capc1/ProfitabilityTool-new-27-07-26/ProfitabilityTool/capc_dataset_work_RyrnQw/feature_variants/integerBitManipulation_serial_N_60000000.c,1,60000000,6,4,0,1,0,3,0,5,1,0,0,0,1,1,4,4,1,0,0,0,2,1,0,,,,,,,,
0,/home/capc1/ProfitabilityTool-new-27-07-26/ProfitabilityTool/capc_dataset_work_RyrnQw/feature_variants/integerBitManipulation_serial_N_70000000.c,1,70000000,6,4,0,1,0,3,0,5,1,0,0,0,1,1,4,4,1,0,0,0,2,1,0,,,,,,,,
0,/home/capc1/ProfitabilityTool-new-27-07-26/ProfitabilityTool/capc_dataset_work_RyrnQw/feature_variants/integerBitManipulation_serial_N_80000000.c,1,80000000,6,4,0,1,0,3,0,5,1,0,0,0,1,1,4,4,1,0,0,0,2,1,0,,,,,,,,
0,/home/capc1/ProfitabilityTool-new-27-07-26/ProfitabilityTool/capc_dataset_work_RyrnQw/feature_variants/integerBitManipulation_serial_N_90000000.c,1,90000000,6,4,0,1,0,3,0,5,1,0,0,0,1,1,4,4,1,0,0,0,2,1,0,,,,,,,,
0,/home/capc1/ProfitabilityTool-new-27-07-26/ProfitabilityTool/capc_dataset_work_RyrnQw/feature_variants/integerBitManipulation_serial_N_100000000.c,1,100000000,6,4,0,1,0,3,0,5,1,0,0,0,1,1,4,4,1,0,0,0,2,1,0,,,,,,,,
0,/home/capc1/ProfitabilityTool-new-27-07-26/ProfitabilityTool/capc_dataset_work_RyrnQw/feature_variants/integerBitManipulation_serial_N_200000000.c,1,200000000,6,4,0,1,0,3,0,5,1,0,0,0,1,1,4,4,1,0,0,0,2,1,0,,,,,,,,
0,/home/capc1/ProfitabilityTool-new-27-07-26/ProfitabilityTool/capc_dataset_work_RyrnQw/feature_variants/integerBitManipulation_serial_N_300000000.c,1,300000000,6,4,0,1,0,3,0,5,1,0,0,0,1,1,4,4,1,0,0,0,2,1,0,,,,,,,,
0,/home/capc1/ProfitabilityTool-new-27-07-26/ProfitabilityTool/capc_dataset_work_RyrnQw/feature_variants/integerBitManipulation_serial_N_400000000.c,1,400000000,6,4,0,1,0,3,0,5,1,0,0,0,1,1,4,4,1,0,0,0,2,1,0,,,,,,,,
0,/home/capc1/ProfitabilityTool-new-27-07-26/ProfitabilityTool/capc_dataset_work_RyrnQw/feature_variants/integerBitManipulation_serial_N_500000000.c,1,500000000,6,4,0,1,0,3,0,5,1,0,0,0,1,1,4,4,1,0,0,0,2,1,0,,,,,,,,
0,/home/capc1/ProfitabilityTool-new-27-07-26/ProfitabilityTool/capc_dataset_work_RyrnQw/feature_variants/integerBitManipulation_serial_N_600000000.c,1,600000000,6,4,0,1,0,3,0,5,1,0,0,0,1,1,4,4,1,0,0,0,2,1,0,,,,,,,,
0,/home/capc1/ProfitabilityTool-new-27-07-26/ProfitabilityTool/capc_dataset_work_RyrnQw/feature_variants/integerBitManipulation_serial_N_700000000.c,1,700000000,6,4,0,1,0,3,0,5,1,0,0,0,1,1,4,4,1,0,0,0,2,1,0,,,,,,,,
0,/home/capc1/ProfitabilityTool-new-27-07-26/ProfitabilityTool/capc_dataset_work_RyrnQw/feature_variants/integerBitManipulation_serial_N_800000000.c,1,800000000,6,4,0,1,0,3,0,5,1,0,0,0,1,1,4,4,1,0,0,0,2,1,0,,,,,,,,
0,/home/capc1/ProfitabilityTool-new-27-07-26/ProfitabilityTool/capc_dataset_work_RyrnQw/feature_variants/integerBitManipulation_serial_N_900000000.c,1,900000000,6,4,0,1,0,3,0,5,1,0,0,0,1,1,4,4,1,0,0,0,2,1,0,,,,,,,,
0,/home/capc1/ProfitabilityTool-new-27-07-26/ProfitabilityTool/capc_dataset_work_RyrnQw/feature_variants/integerBitManipulation_serial_N_1000000000.c,1,1000000000,6,4,0,1,0,3,0,5,1,0,0,0,1,1,4,4,1,0,0,0,2,1,0,,,,,,,,
0,/home/capc1/ProfitabilityTool-new-27-07-26/ProfitabilityTool/capc_dataset_work_RyrnQw/feature_variants/integerDivisionBitwise_serial_N_1.c,1,1,4,2,0,1,0,3,0,5,1,0,0,0,2,1,8,4,0,0,0,0,3,1,0,,,,,,,,
0,/home/capc1/ProfitabilityTool-new-27-07-26/ProfitabilityTool/capc_dataset_work_RyrnQw/feature_variants/integerDivisionBitwise_serial_N_2.c,1,2,6,2,0,1,0,3,0,5,1,0,0,0,2,2,8,8,1,0,0,0,3,1,0,,,,,,,,
0,/home/capc1/ProfitabilityTool-new-27-07-26/ProfitabilityTool/capc_dataset_work_RyrnQw/feature_variants/integerDivisionBitwise_serial_N_3.c,1,3,6,2,0,1,0,3,0,5,1,0,0,0,2,2,8,8,1,0,0,0,3,1,0,,,,,,,,
0,/home/capc1/ProfitabilityTool-new-27-07-26/ProfitabilityTool/capc_dataset_work_RyrnQw/feature_variants/integerDivisionBitwise_serial_N_4.c,1,4,6,2,0,1,0,3,0,5,1,0,0,0,2,2,8,8,1,0,0,0,3,1,0,,,,,,,,
0,/home/capc1/ProfitabilityTool-new-27-07-26/ProfitabilityTool/capc_dataset_work_RyrnQw/feature_variants/integerDivisionBitwise_serial_N_5.c,1,5,6,2,0,1,0,3,0,5,1,0,0,0,2,2,8,8,1,0,0,0,3,1,0,,,,,,,,
0,/home/capc1/ProfitabilityTool-new-27-07-26/ProfitabilityTool/capc_dataset_work_RyrnQw/feature_variants/integerDivisionBitwise_serial_N_6.c,1,6,6,2,0,1,0,3,0,5,1,0,0,0,2,2,8,8,1,0,0,0,3,1,0,,,,,,,,
0,/home/capc1/ProfitabilityTool-new-27-07-26/ProfitabilityTool/capc_dataset_work_RyrnQw/feature_variants/integerDivisionBitwise_serial_N_7.c,1,7,6,2,0,1,0,3,0,5,1,0,0,0,2,2,8,8,1,0,0,0,3,1,0,,,,,,,,
0,/home/capc1/ProfitabilityTool-new-27-07-26/ProfitabilityTool/capc_dataset_work_RyrnQw/feature_variants/integerDivisionBitwise_serial_N_8.c,1,8,6,2,0,1,0,3,0,5,1,0,0,0,2,2,8,8,1,0,0,0,3,1,0,,,,,,,,
0,/home/capc1/ProfitabilityTool-new-27-07-26/ProfitabilityTool/capc_dataset_work_RyrnQw/feature_variants/integerDivisionBitwise_serial_N_9.c,1,9,6,2,0,1,0,3,0,5,1,0,0,0,2,2,8,8,1,0,0,0,3,1,0,,,,,,,,
0,/home/capc1/ProfitabilityTool-new-27-07-26/ProfitabilityTool/capc_dataset_work_RyrnQw/feature_variants/integerDivisionBitwise_serial_N_10.c,1,10,6,2,0,1,0,3,0,5,1,0,0,0,2,2,8,8,1,0,0,0,3,1,0,,,,,,,,
0,/home/capc1/ProfitabilityTool-new-27-07-26/ProfitabilityTool/capc_dataset_work_RyrnQw/feature_variants/integerDivisionBitwise_serial_N_11.c,1,11,6,2,0,1,0,3,0,5,1,0,0,0,2,2,8,8,1,0,0,0,3,1,0,,,,,,,,
0,/home/capc1/ProfitabilityTool-new-27-07-26/ProfitabilityTool/capc_dataset_work_RyrnQw/feature_variants/integerDivisionBitwise_serial_N_12.c,1,12,6,2,0,1,0,3,0,5,1,0,0,0,2,2,8,8,1,0,0,0,3,1,0,,,,,,,,
0,/home/capc1/ProfitabilityTool-new-27-07-26/ProfitabilityTool/capc_dataset_work_RyrnQw/feature_variants/integerDivisionBitwise_serial_N_13.c,1,13,6,2,0,1,0,3,0,5,1,0,0,0,2,2,8,8,1,0,0,0,3,1,0,,,,,,,,
0,/home/capc1/ProfitabilityTool-new-27-07-26/ProfitabilityTool/capc_dataset_work_RyrnQw/feature_variants/integerDivisionBitwise_serial_N_14.c,1,14,6,2,0,1,0,3,0,5,1,0,0,0,2,2,8,8,1,0,0,0,3,1,0,,,,,,,,
0,/home/capc1/ProfitabilityTool-new-27-07-26/ProfitabilityTool/capc_dataset_work_RyrnQw/feature_variants/integerDivisionBitwise_serial_N_15.c,1,15,6,2,0,1,0,3,0,5,1,0,0,0,2,2,8,8,1,0,0,0,3,1,0,,,,,,,,
0,/home/capc1/ProfitabilityTool-new-27-07-26/ProfitabilityTool/capc_dataset_work_RyrnQw/feature_variants/integerDivisionBitwise_serial_N_16.c,1,16,6,2,0,1,0,3,0,5,1,0,0,0,2,2,8,8,1,0,0,0,3,1,0,,,,,,,,
0,/home/capc1/ProfitabilityTool-new-27-07-26/ProfitabilityTool/capc_dataset_work_RyrnQw/feature_variants/integerDivisionBitwise_serial_N_17.c,1,17,6,2,0,1,0,3,0,5,1,0,0,0,2,2,8,8,1,0,0,0,3,1,0,,,,,,,,
0,/home/capc1/ProfitabilityTool-new-27-07-26/ProfitabilityTool/capc_dataset_work_RyrnQw/feature_variants/integerDivisionBitwise_serial_N_18.c,1,18,6,2,0,1,0,3,0,5,1,0,0,0,2,2,8,8,1,0,0,0,3,1,0,,,,,,,,
0,/home/capc1/ProfitabilityTool-new-27-07-26/ProfitabilityTool/capc_dataset_work_RyrnQw/feature_variants/integerDivisionBitwise_serial_N_19.c,1,19,6,2,0,1,0,3,0,5,1,0,0,0,2,2,8,8,1,0,0,0,3,1,0,,,,,,,,
0,/home/capc1/ProfitabilityTool-new-27-07-26/ProfitabilityTool/capc_dataset_work_RyrnQw/feature_variants/integerDivisionBitwise_serial_N_20.c,1,20,6,2,0,1,0,3,0,5,1,0,0,0,2,2,8,8,1,0,0,0,3,1,0,,,,,,,,
0,/home/capc1/ProfitabilityTool-new-27-07-26/ProfitabilityTool/capc_dataset_work_RyrnQw/feature_variants/integerDivisionBitwise_serial_N_21.c,1,21,6,2,0,1,0,3,0,5,1,0,0,0,2,2,8,8,1,0,0,0,3,1,0,,,,,,,,
0,/home/capc1/ProfitabilityTool-new-27-07-26/ProfitabilityTool/capc_dataset_work_RyrnQw/feature_variants/integerDivisionBitwise_serial_N_22.c,1,22,6,2,0,1,0,3,0,5,1,0,0,0,2,2,8,8,1,0,0,0,3,1,0,,,,,,,,
0,/home/capc1/ProfitabilityTool-new-27-07-26/ProfitabilityTool/capc_dataset_work_RyrnQw/feature_variants/integerDivisionBitwise_serial_N_23.c,1,23,6,2,0,1,0,3,0,5,1,0,0,0,2,2,8,8,1,0,0,0,3,1,0,,,,,,,,
0,/home/capc1/ProfitabilityTool-new-27-07-26/ProfitabilityTool/capc_dataset_work_RyrnQw/feature_variants/integerDivisionBitwise_serial_N_24.c,1,24,6,2,0,1,0,3,0,5,1,0,0,0,2,2,8,8,1,0,0,0,3,1,0,,,,,,,,
0,/home/capc1/ProfitabilityTool-new-27-07-26/ProfitabilityTool/capc_dataset_work_RyrnQw/feature_variants/integerDivisionBitwise_serial_N_25.c,1,25,6,2,0,1,0,3,0,5,1,0,0,0,2,2,8,8,1,0,0,0,3,1,0,,,,,,,,
0,/home/capc1/ProfitabilityTool-new-27-07-26/ProfitabilityTool/capc_dataset_work_RyrnQw/feature_variants/integerDivisionBitwise_serial_N_26.c,1,26,6,2,0,1,0,3,0,5,1,0,0,0,2,2,8,8,1,0,0,0,3,1,0,,,,,,,,
0,/home/capc1/ProfitabilityTool-new-27-07-26/ProfitabilityTool/capc_dataset_work_RyrnQw/feature_variants/integerDivisionBitwise_serial_N_27.c,1,27,6,2,0,1,0,3,0,5,1,0,0,0,2,2,8,8,1,0,0,0,3,1,0,,,,,,,,
0,/home/capc1/ProfitabilityTool-new-27-07-26/ProfitabilityTool/capc_dataset_work_RyrnQw/feature_variants/integerDivisionBitwise_serial_N_28.c,1,28,6,2,0,1,0,3,0,5,1,0,0,0,2,2,8,8,1,0,0,0,3,1,0,,,,,,,,
0,/home/capc1/ProfitabilityTool-new-27-07-26/ProfitabilityTool/capc_dataset_work_RyrnQw/feature_variants/integerDivisionBitwise_serial_N_29.c,1,29,6,2,0,1,0,3,0,5,1,0,0,0,2,2,8,8,1,0,0,0,3,1,0,,,,,,,,
0,/home/capc1/ProfitabilityTool-new-27-07-26/ProfitabilityTool/capc_dataset_work_RyrnQw/feature_variants/integerDivisionBitwise_serial_N_30.c,1,30,6,2,0,1,0,3,0,5,1,0,0,0,2,2,8,8,1,0,0,0,3,1,0,,,,,,,,
0,/home/capc1/ProfitabilityTool-new-27-07-26/ProfitabilityTool/capc_dataset_work_RyrnQw/feature_variants/integerDivisionBitwise_serial_N_31.c,1,31,6,2,0,1,0,3,0,5,1,0,0,0,2,2,8,8,1,0,0,0,3,1,0,,,,,,,,
0,/home/capc1/ProfitabilityTool-new-27-07-26/ProfitabilityTool/capc_dataset_work_RyrnQw/feature_variants/integerDivisionBitwise_serial_N_32.c,1,32,6,2,0,1,0,3,0,5,1,0,0,0,2,2,8,8,1,0,0,0,3,1,0,,,,,,,,
0,/home/capc1/ProfitabilityTool-new-27-07-26/ProfitabilityTool/capc_dataset_work_RyrnQw/feature_variants/integerDivisionBitwise_serial_N_33.c,1,33,6,2,0,1,0,3,0,5,1,0,0,0,2,2,8,8,1,0,0,0,3,1,0,,,,,,,,
0,/home/capc1/ProfitabilityTool-new-27-07-26/ProfitabilityTool/capc_dataset_work_RyrnQw/feature_variants/integerDivisionBitwise_serial_N_34.c,1,34,6,2,0,1,0,3,0,5,1,0,0,0,2,2,8,8,1,0,0,0,3,1,0,,,,,,,,
0,/home/capc1/ProfitabilityTool-new-27-07-26/ProfitabilityTool/capc_dataset_work_RyrnQw/feature_variants/integerDivisionBitwise_serial_N_35.c,1,35,6,2,0,1,0,3,0,5,1,0,0,0,2,2,8,8,1,0,0,0,3,1,0,,,,,,,,
0,/home/capc1/ProfitabilityTool-new-27-07-26/ProfitabilityTool/capc_dataset_work_RyrnQw/feature_variants/integerDivisionBitwise_serial_N_36.c,1,36,6,2,0,1,0,3,0,5,1,0,0,0,2,2,8,8,1,0,0,0,3,1,0,,,,,,,,
0,/home/capc1/ProfitabilityTool-new-27-07-26/ProfitabilityTool/capc_dataset_work_RyrnQw/feature_variants/integerDivisionBitwise_serial_N_37.c,1,37,6,2,0,1,0,3,0,5,1,0,0,0,2,2,8,8,1,0,0,0,3,1,0,,,,,,,,
0,/home/capc1/ProfitabilityTool-new-27-07-26/ProfitabilityTool/capc_dataset_work_RyrnQw/feature_variants/integerDivisionBitwise_serial_N_38.c,1,38,6,2,0,1,0,3,0,5,1,0,0,0,2,2,8,8,1,0,0,0,3,1,0,,,,,,,,
0,/home/capc1/ProfitabilityTool-new-27-07-26/ProfitabilityTool/capc_dataset_work_RyrnQw/feature_variants/integerDivisionBitwise_serial_N_39.c,1,39,6,2,0,1,0,3,0,5,1,0,0,0,2,2,8,8,1,0,0,0,3,1,0,,,,,,,,
0,/home/capc1/ProfitabilityTool-new-27-07-26/ProfitabilityTool/capc_dataset_work_RyrnQw/feature_variants/integerDivisionBitwise_serial_N_40.c,1,40,6,2,0,1,0,3,0,5,1,0,0,0,2,2,8,8,1,0,0,0,3,1,0,,,,,,,,
0,/home/capc1/ProfitabilityTool-new-27-07-26/ProfitabilityTool/capc_dataset_work_RyrnQw/feature_variants/integerDivisionBitwise_serial_N_41.c,1,41,6,2,0,1,0,3,0,5,1,0,0,0,2,2,8,8,1,0,0,0,3,1,0,,,,,,,,
0,/home/capc1/ProfitabilityTool-new-27-07-26/ProfitabilityTool/capc_dataset_work_RyrnQw/feature_variants/integerDivisionBitwise_serial_N_42.c,1,42,6,2,0,1,0,3,0,5,1,0,0,0,2,2,8,8,1,0,0,0,3,1,0,,,,,,,,
0,/home/capc1/ProfitabilityTool-new-27-07-26/ProfitabilityTool/capc_dataset_work_RyrnQw/feature_variants/integerDivisionBitwise_serial_N_43.c,1,43,6,2,0,1,0,3,0,5,1,0,0,0,2,2,8,8,1,0,0,0,3,1,0,,,,,,,,
0,/home/capc1/ProfitabilityTool-new-27-07-26/ProfitabilityTool/capc_dataset_work_RyrnQw/feature_variants/integerDivisionBitwise_serial_N_44.c,1,44,6,2,0,1,0,3,0,5,1,0,0,0,2,2,8,8,1,0,0,0,3,1,0,,,,,,,,
0,/home/capc1/ProfitabilityTool-new-27-07-26/ProfitabilityTool/capc_dataset_work_RyrnQw/feature_variants/integerDivisionBitwise_serial_N_45.c,1,45,6,2,0,1,0,3,0,5,1,0,0,0,2,2,8,8,1,0,0,0,3,1,0,,,,,,,,
0,/home/capc1/ProfitabilityTool-new-27-07-26/ProfitabilityTool/capc_dataset_work_RyrnQw/feature_variants/integerDivisionBitwise_serial_N_46.c,1,46,6,2,0,1,0,3,0,5,1,0,0,0,2,2,8,8,1,0,0,0,3,1,0,,,,,,,,
0,/home/capc1/ProfitabilityTool-new-27-07-26/ProfitabilityTool/capc_dataset_work_RyrnQw/feature_variants/integerDivisionBitwise_serial_N_47.c,1,47,6,2,0,1,0,3,0,5,1,0,0,0,2,2,8,8,1,0,0,0,3,1,0,,,,,,,,
0,/home/capc1/ProfitabilityTool-new-27-07-26/ProfitabilityTool/capc_dataset_work_RyrnQw/feature_variants/integerDivisionBitwise_serial_N_48.c,1,48,6,2,0,1,0,3,0,5,1,0,0,0,2,2,8,8,1,0,0,0,3,1,0,,,,,,,,
0,/home/capc1/ProfitabilityTool-new-27-07-26/ProfitabilityTool/capc_dataset_work_RyrnQw/feature_variants/integerDivisionBitwise_serial_N_49.c,1,49,6,2,0,1,0,3,0,5,1,0,0,0,2,2,8,8,1,0,0,0,3,1,0,,,,,,,,
0,/home/capc1/ProfitabilityTool-new-27-07-26/ProfitabilityTool/capc_dataset_work_RyrnQw/feature_variants/integerDivisionBitwise_serial_N_50.c,1,50,6,2,0,1,0,3,0,5,1,0,0,0,2,2,8,8,1,0,0,0,3,1,0,,,,,,,,
0,/home/capc1/ProfitabilityTool-new-27-07-26/ProfitabilityTool/capc_dataset_work_RyrnQw/feature_variants/integerDivisionBitwise_serial_N_51.c,1,51,6,2,0,1,0,3,0,5,1,0,0,0,2,2,8,8,1,0,0,0,3,1,0,,,,,,,,
0,/home/capc1/ProfitabilityTool-new-27-07-26/ProfitabilityTool/capc_dataset_work_RyrnQw/feature_variants/integerDivisionBitwise_serial_N_52.c,1,52,6,2,0,1,0,3,0,5,1,0,0,0,2,2,8,8,1,0,0,0,3,1,0,,,,,,,,
0,/home/capc1/ProfitabilityTool-new-27-07-26/ProfitabilityTool/capc_dataset_work_RyrnQw/feature_variants/integerDivisionBitwise_serial_N_53.c,1,53,6,2,0,1,0,3,0,5,1,0,0,0,2,2,8,8,1,0,0,0,3,1,0,,,,,,,,
0,/home/capc1/ProfitabilityTool-new-27-07-26/ProfitabilityTool/capc_dataset_work_RyrnQw/feature_variants/integerDivisionBitwise_serial_N_54.c,1,54,6,2,0,1,0,3,0,5,1,0,0,0,2,2,8,8,1,0,0,0,3,1,0,,,,,,,,
0,/home/capc1/ProfitabilityTool-new-27-07-26/ProfitabilityTool/capc_dataset_work_RyrnQw/feature_variants/integerDivisionBitwise_serial_N_55.c,1,55,6,2,0,1,0,3,0,5,1,0,0,0,2,2,8,8,1,0,0,0,3,1,0,,,,,,,,
0,/home/capc1/ProfitabilityTool-new-27-07-26/ProfitabilityTool/capc_dataset_work_RyrnQw/feature_variants/integerDivisionBitwise_serial_N_56.c,1,56,6,2,0,1,0,3,0,5,1,0,0,0,2,2,8,8,1,0,0,0,3,1,0,,,,,,,,
0,/home/capc1/ProfitabilityTool-new-27-07-26/ProfitabilityTool/capc_dataset_work_RyrnQw/feature_variants/integerDivisionBitwise_serial_N_57.c,1,57,6,2,0,1,0,3,0,5,1,0,0,0,2,2,8,8,1,0,0,0,3,1,0,,,,,,,,
0,/home/capc1/ProfitabilityTool-new-27-07-26/ProfitabilityTool/capc_dataset_work_RyrnQw/feature_variants/integerDivisionBitwise_serial_N_58.c,1,58,6,2,0,1,0,3,0,5,1,0,0,0,2,2,8,8,1,0,0,0,3,1,0,,,,,,,,
0,/home/capc1/ProfitabilityTool-new-27-07-26/ProfitabilityTool/capc_dataset_work_RyrnQw/feature_variants/integerDivisionBitwise_serial_N_59.c,1,59,6,2,0,1,0,3,0,5,1,0,0,0,2,2,8,8,1,0,0,0,3,1,0,,,,,,,,
0,/home/capc1/ProfitabilityTool-new-27-07-26/ProfitabilityTool/capc_dataset_work_RyrnQw/feature_variants/integerDivisionBitwise_serial_N_60.c,1,60,6,2,0,1,0,3,0,5,1,0,0,0,2,2,8,8,1,0,0,0,3,1,0,,,,,,,,
0,/home/capc1/ProfitabilityTool-new-27-07-26/ProfitabilityTool/capc_dataset_work_RyrnQw/feature_variants/integerDivisionBitwise_serial_N_61.c,1,61,6,2,0,1,0,3,0,5,1,0,0,0,2,2,8,8,1,0,0,0,3,1,0,,,,,,,,
0,/home/capc1/ProfitabilityTool-new-27-07-26/ProfitabilityTool/capc_dataset_work_RyrnQw/feature_variants/integerDivisionBitwise_serial_N_62.c,1,62,6,2,0,1,0,3,0,5,1,0,0,0,2,2,8,8,1,0,0,0,3,1,0,,,,,,,,
0,/home/capc1/ProfitabilityTool-new-27-07-26/ProfitabilityTool/capc_dataset_work_RyrnQw/feature_variants/integerDivisionBitwise_serial_N_63.c,1,63,6,2,0,1,0,3,0,5,1,0,0,0,2,2,8,8,1,0,0,0,3,1,0,,,,,,,,
0,/home/capc1/ProfitabilityTool-new-27-07-26/ProfitabilityTool/capc_dataset_work_RyrnQw/feature_variants/integerDivisionBitwise_serial_N_64.c,1,64,6,2,0,1,0,3,0,5,1,0,0,0,2,2,8,8,1,0,0,0,3,1,0,,,,,,,,
0,/home/capc1/ProfitabilityTool-new-27-07-26/ProfitabilityTool/capc_dataset_work_RyrnQw/feature_variants/integerDivisionBitwise_serial_N_65.c,1,65,6,2,0,1,0,3,0,5,1,0,0,0,2,2,8,8,1,0,0,0,3,1,0,,,,,,,,
0,/home/capc1/ProfitabilityTool-new-27-07-26/ProfitabilityTool/capc_dataset_work_RyrnQw/feature_variants/integerDivisionBitwise_serial_N_66.c,1,66,6,2,0,1,0,3,0,5,1,0,0,0,2,2,8,8,1,0,0,0,3,1,0,,,,,,,,
0,/home/capc1/ProfitabilityTool-new-27-07-26/ProfitabilityTool/capc_dataset_work_RyrnQw/feature_variants/integerDivisionBitwise_serial_N_67.c,1,67,6,2,0,1,0,3,0,5,1,0,0,0,2,2,8,8,1,0,0,0,3,1,0,,,,,,,,
0,/home/capc1/ProfitabilityTool-new-27-07-26/ProfitabilityTool/capc_dataset_work_RyrnQw/feature_variants/integerDivisionBitwise_serial_N_68.c,1,68,6,2,0,1,0,3,0,5,1,0,0,0,2,2,8,8,1,0,0,0,3,1,0,,,,,,,,
0,/home/capc1/ProfitabilityTool-new-27-07-26/ProfitabilityTool/capc_dataset_work_RyrnQw/feature_variants/integerDivisionBitwise_serial_N_69.c,1,69,6,2,0,1,0,3,0,5,1,0,0,0,2,2,8,8,1,0,0,0,3,1,0,,,,,,,,
0,/home/capc1/ProfitabilityTool-new-27-07-26/ProfitabilityTool/capc_dataset_work_RyrnQw/feature_variants/integerDivisionBitwise_serial_N_70.c,1,70,6,2,0,1,0,3,0,5,1,0,0,0,2,2,8,8,1,0,0,0,3,1,0,,,,,,,,
0,/home/capc1/ProfitabilityTool-new-27-07-26/ProfitabilityTool/capc_dataset_work_RyrnQw/feature_variants/integerDivisionBitwise_serial_N_71.c,1,71,6,2,0,1,0,3,0,5,1,0,0,0,2,2,8,8,1,0,0,0,3,1,0,,,,,,,,
0,/home/capc1/ProfitabilityTool-new-27-07-26/ProfitabilityTool/capc_dataset_work_RyrnQw/feature_variants/integerDivisionBitwise_serial_N_72.c,1,72,6,2,0,1,0,3,0,5,1,0,0,0,2,2,8,8,1,0,0,0,3,1,0,,,,,,,,
0,/home/capc1/ProfitabilityTool-new-27-07-26/ProfitabilityTool/capc_dataset_work_RyrnQw/feature_variants/integerDivisionBitwise_serial_N_73.c,1,73,6,2,0,1,0,3,0,5,1,0,0,0,2,2,8,8,1,0,0,0,3,1,0,,,,,,,,
0,/home/capc1/ProfitabilityTool-new-27-07-26/ProfitabilityTool/capc_dataset_work_RyrnQw/feature_variants/integerDivisionBitwise_serial_N_74.c,1,74,6,2,0,1,0,3,0,5,1,0,0,0,2,2,8,8,1,0,0,0,3,1,0,,,,,,,,
0,/home/capc1/ProfitabilityTool-new-27-07-26/ProfitabilityTool/capc_dataset_work_RyrnQw/feature_variants/integerDivisionBitwise_serial_N_75.c,1,75,6,2,0,1,0,3,0,5,1,0,0,0,2,2,8,8,1,0,0,0,3,1,0,,,,,,,,
0,/home/capc1/ProfitabilityTool-new-27-07-26/ProfitabilityTool/capc_dataset_work_RyrnQw/feature_variants/integerDivisionBitwise_serial_N_76.c,1,76,6,2,0,1,0,3,0,5,1,0,0,0,2,2,8,8,1,0,0,0,3,1,0,,,,,,,,
0,/home/capc1/ProfitabilityTool-new-27-07-26/ProfitabilityTool/capc_dataset_work_RyrnQw/feature_variants/integerDivisionBitwise_serial_N_77.c,1,77,6,2,0,1,0,3,0,5,1,0,0,0,2,2,8,8,1,0,0,0,3,1,0,,,,,,,,
0,/home/capc1/ProfitabilityTool-new-27-07-26/ProfitabilityTool/capc_dataset_work_RyrnQw/feature_variants/integerDivisionBitwise_serial_N_78.c,1,78,6,2,0,1,0,3,0,5,1,0,0,0,2,2,8,8,1,0,0,0,3,1,0,,,,,,,,
0,/home/capc1/ProfitabilityTool-new-27-07-26/ProfitabilityTool/capc_dataset_work_RyrnQw/feature_variants/integerDivisionBitwise_serial_N_79.c,1,79,6,2,0,1,0,3,0,5,1,0,0,0,2,2,8,8,1,0,0,0,3,1,0,,,,,,,,
0,/home/capc1/ProfitabilityTool-new-27-07-26/ProfitabilityTool/capc_dataset_work_RyrnQw/feature_variants/integerDivisionBitwise_serial_N_80.c,1,80,6,2,0,1,0,3,0,5,1,0,0,0,2,2,8,8,1,0,0,0,3,1,0,,,,,,,,
0,/home/capc1/ProfitabilityTool-new-27-07-26/ProfitabilityTool/capc_dataset_work_RyrnQw/feature_variants/integerDivisionBitwise_serial_N_81.c,1,81,6,2,0,1,0,3,0,5,1,0,0,0,2,2,8,8,1,0,0,0,3,1,0,,,,,,,,
0,/home/capc1/ProfitabilityTool-new-27-07-26/ProfitabilityTool/capc_dataset_work_RyrnQw/feature_variants/integerDivisionBitwise_serial_N_82.c,1,82,6,2,0,1,0,3,0,5,1,0,0,0,2,2,8,8,1,0,0,0,3,1,0,,,,,,,,
0,/home/capc1/ProfitabilityTool-new-27-07-26/ProfitabilityTool/capc_dataset_work_RyrnQw/feature_variants/integerDivisionBitwise_serial_N_83.c,1,83,6,2,0,1,0,3,0,5,1,0,0,0,2,2,8,8,1,0,0,0,3,1,0,,,,,,,,
0,/home/capc1/ProfitabilityTool-new-27-07-26/ProfitabilityTool/capc_dataset_work_RyrnQw/feature_variants/integerDivisionBitwise_serial_N_84.c,1,84,6,2,0,1,0,3,0,5,1,0,0,0,2,2,8,8,1,0,0,0,3,1,0,,,,,,,,
0,/home/capc1/ProfitabilityTool-new-27-07-26/ProfitabilityTool/capc_dataset_work_RyrnQw/feature_variants/integerDivisionBitwise_serial_N_85.c,1,85,6,2,0,1,0,3,0,5,1,0,0,0,2,2,8,8,1,0,0,0,3,1,0,,,,,,,,
0,/home/capc1/ProfitabilityTool-new-27-07-26/ProfitabilityTool/capc_dataset_work_RyrnQw/feature_variants/integerDivisionBitwise_serial_N_86.c,1,86,6,2,0,1,0,3,0,5,1,0,0,0,2,2,8,8,1,0,0,0,3,1,0,,,,,,,,
0,/home/capc1/ProfitabilityTool-new-27-07-26/ProfitabilityTool/capc_dataset_work_RyrnQw/feature_variants/integerDivisionBitwise_serial_N_87.c,1,87,6,2,0,1,0,3,0,5,1,0,0,0,2,2,8,8,1,0,0,0,3,1,0,,,,,,,,
0,/home/capc1/ProfitabilityTool-new-27-07-26/ProfitabilityTool/capc_dataset_work_RyrnQw/feature_variants/integerDivisionBitwise_serial_N_88.c,1,88,6,2,0,1,0,3,0,5,1,0,0,0,2,2,8,8,1,0,0,0,3,1,0,,,,,,,,
0,/home/capc1/ProfitabilityTool-new-27-07-26/ProfitabilityTool/capc_dataset_work_RyrnQw/feature_variants/integerDivisionBitwise_serial_N_89.c,1,89,6,2,0,1,0,3,0,5,1,0,0,0,2,2,8,8,1,0,0,0,3,1,0,,,,,,,,
0,/home/capc1/ProfitabilityTool-new-27-07-26/ProfitabilityTool/capc_dataset_work_RyrnQw/feature_variants/integerDivisionBitwise_serial_N_90.c,1,90,6,2,0,1,0,3,0,5,1,0,0,0,2,2,8,8,1,0,0,0,3,1,0,,,,,,,,
0,/home/capc1/ProfitabilityTool-new-27-07-26/ProfitabilityTool/capc_dataset_work_RyrnQw/feature_variants/integerDivisionBitwise_serial_N_91.c,1,91,6,2,0,1,0,3,0,5,1,0,0,0,2,2,8,8,1,0,0,0,3,1,0,,,,,,,,
0,/home/capc1/ProfitabilityTool-new-27-07-26/ProfitabilityTool/capc_dataset_work_RyrnQw/feature_variants/integerDivisionBitwise_serial_N_92.c,1,92,6,2,0,1,0,3,0,5,1,0,0,0,2,2,8,8,1,0,0,0,3,1,0,,,,,,,,
0,/home/capc1/ProfitabilityTool-new-27-07-26/ProfitabilityTool/capc_dataset_work_RyrnQw/feature_variants/integerDivisionBitwise_serial_N_93.c,1,93,6,2,0,1,0,3,0,5,1,0,0,0,2,2,8,8,1,0,0,0,3,1,0,,,,,,,,
0,/home/capc1/ProfitabilityTool-new-27-07-26/ProfitabilityTool/capc_dataset_work_RyrnQw/feature_variants/integerDivisionBitwise_serial_N_94.c,1,94,6,2,0,1,0,3,0,5,1,0,0,0,2,2,8,8,1,0,0,0,3,1,0,,,,,,,,
0,/home/capc1/ProfitabilityTool-new-27-07-26/ProfitabilityTool/capc_dataset_work_RyrnQw/feature_variants/integerDivisionBitwise_serial_N_95.c,1,95,6,2,0,1,0,3,0,5,1,0,0,0,2,2,8,8,1,0,0,0,3,1,0,,,,,,,,
0,/home/capc1/ProfitabilityTool-new-27-07-26/ProfitabilityTool/capc_dataset_work_RyrnQw/feature_variants/integerDivisionBitwise_serial_N_96.c,1,96,6,2,0,1,0,3,0,5,1,0,0,0,2,2,8,8,1,0,0,0,3,1,0,,,,,,,,
0,/home/capc1/ProfitabilityTool-new-27-07-26/ProfitabilityTool/capc_dataset_work_RyrnQw/feature_variants/integerDivisionBitwise_serial_N_97.c,1,97,6,2,0,1,0,3,0,5,1,0,0,0,2,2,8,8,1,0,0,0,3,1,0,,,,,,,,
0,/home/capc1/ProfitabilityTool-new-27-07-26/ProfitabilityTool/capc_dataset_work_RyrnQw/feature_variants/integerDivisionBitwise_serial_N_98.c,1,98,6,2,0,1,0,3,0,5,1,0,0,0,2,2,8,8,1,0,0,0,3,1,0,,,,,,,,
0,/home/capc1/ProfitabilityTool-new-27-07-26/ProfitabilityTool/capc_dataset_work_RyrnQw/feature_variants/integerDivisionBitwise_serial_N_99.c,1,99,6,2,0,1,0,3,0,5,1,0,0,0,2,2,8,8,1,0,0,0,3,1,0,,,,,,,,
0,/home/capc1/ProfitabilityTool-new-27-07-26/ProfitabilityTool/capc_dataset_work_RyrnQw/feature_variants/integerDivisionBitwise_serial_N_100.c,1,100,6,2,0,1,0,3,0,5,1,0,0,0,2,2,8,8,1,0,0,0,3,1,0,,,,,,,,
0,/home/capc1/ProfitabilityTool-new-27-07-26/ProfitabilityTool/capc_dataset_work_RyrnQw/feature_variants/integerDivisionBitwise_serial_N_101.c,1,101,6,2,0,1,0,3,0,5,1,0,0,0,2,2,8,8,1,0,0,0,3,1,0,,,,,,,,
0,/home/capc1/ProfitabilityTool-new-27-07-26/ProfitabilityTool/capc_dataset_work_RyrnQw/feature_variants/integerDivisionBitwise_serial_N_102.c,1,102,6,2,0,1,0,3,0,5,1,0,0,0,2,2,8,8,1,0,0,0,3,1,0,,,,,,,,
0,/home/capc1/ProfitabilityTool-new-27-07-26/ProfitabilityTool/capc_dataset_work_RyrnQw/feature_variants/integerDivisionBitwise_serial_N_103.c,1,103,6,2,0,1,0,3,0,5,1,0,0,0,2,2,8,8,1,0,0,0,3,1,0,,,,,,,,
0,/home/capc1/ProfitabilityTool-new-27-07-26/ProfitabilityTool/capc_dataset_work_RyrnQw/feature_variants/integerDivisionBitwise_serial_N_104.c,1,104,6,2,0,1,0,3,0,5,1,0,0,0,2,2,8,8,1,0,0,0,3,1,0,,,,,,,,
0,/home/capc1/ProfitabilityTool-new-27-07-26/ProfitabilityTool/capc_dataset_work_RyrnQw/feature_variants/integerDivisionBitwise_serial_N_105.c,1,105,6,2,0,1,0,3,0,5,1,0,0,0,2,2,8,8,1,0,0,0,3,1,0,,,,,,,,
0,/home/capc1/ProfitabilityTool-new-27-07-26/ProfitabilityTool/capc_dataset_work_RyrnQw/feature_variants/integerDivisionBitwise_serial_N_106.c,1,106,6,2,0,1,0,3,0,5,1,0,0,0,2,2,8,8,1,0,0,0,3,1,0,,,,,,,,
0,/home/capc1/ProfitabilityTool-new-27-07-26/ProfitabilityTool/capc_dataset_work_RyrnQw/feature_variants/integerDivisionBitwise_serial_N_107.c,1,107,6,2,0,1,0,3,0,5,1,0,0,0,2,2,8,8,1,0,0,0,3,1,0,,,,,,,,
0,/home/capc1/ProfitabilityTool-new-27-07-26/ProfitabilityTool/capc_dataset_work_RyrnQw/feature_variants/integerDivisionBitwise_serial_N_108.c,1,108,6,2,0,1,0,3,0,5,1,0,0,0,2,2,8,8,1,0,0,0,3,1,0,,,,,,,,
0,/home/capc1/ProfitabilityTool-new-27-07-26/ProfitabilityTool/capc_dataset_work_RyrnQw/feature_variants/integerDivisionBitwise_serial_N_109.c,1,109,6,2,0,1,0,3,0,5,1,0,0,0,2,2,8,8,1,0,0,0,3,1,0,,,,,,,,
0,/home/capc1/ProfitabilityTool-new-27-07-26/ProfitabilityTool/capc_dataset_work_RyrnQw/feature_variants/integerDivisionBitwise_serial_N_110.c,1,110,6,2,0,1,0,3,0,5,1,0,0,0,2,2,8,8,1,0,0,0,3,1,0,,,,,,,,
0,/home/capc1/ProfitabilityTool-new-27-07-26/ProfitabilityTool/capc_dataset_work_RyrnQw/feature_variants/integerDivisionBitwise_serial_N_111.c,1,111,6,2,0,1,0,3,0,5,1,0,0,0,2,2,8,8,1,0,0,0,3,1,0,,,,,,,,
0,/home/capc1/ProfitabilityTool-new-27-07-26/ProfitabilityTool/capc_dataset_work_RyrnQw/feature_variants/integerDivisionBitwise_serial_N_112.c,1,112,6,2,0,1,0,3,0,5,1,0,0,0,2,2,8,8,1,0,0,0,3,1,0,,,,,,,,
0,/home/capc1/ProfitabilityTool-new-27-07-26/ProfitabilityTool/capc_dataset_work_RyrnQw/feature_variants/integerDivisionBitwise_serial_N_113.c,1,113,6,2,0,1,0,3,0,5,1,0,0,0,2,2,8,8,1,0,0,0,3,1,0,,,,,,,,
0,/home/capc1/ProfitabilityTool-new-27-07-26/ProfitabilityTool/capc_dataset_work_RyrnQw/feature_variants/integerDivisionBitwise_serial_N_114.c,1,114,6,2,0,1,0,3,0,5,1,0,0,0,2,2,8,8,1,0,0,0,3,1,0,,,,,,,,
0,/home/capc1/ProfitabilityTool-new-27-07-26/ProfitabilityTool/capc_dataset_work_RyrnQw/feature_variants/integerDivisionBitwise_serial_N_115.c,1,115,6,2,0,1,0,3,0,5,1,0,0,0,2,2,8,8,1,0,0,0,3,1,0,,,,,,,,
0,/home/capc1/ProfitabilityTool-new-27-07-26/ProfitabilityTool/capc_dataset_work_RyrnQw/feature_variants/integerDivisionBitwise_serial_N_116.c,1,116,6,2,0,1,0,3,0,5,1,0,0,0,2,2,8,8,1,0,0,0,3,1,0,,,,,,,,
0,/home/capc1/ProfitabilityTool-new-27-07-26/ProfitabilityTool/capc_dataset_work_RyrnQw/feature_variants/integerDivisionBitwise_serial_N_117.c,1,117,6,2,0,1,0,3,0,5,1,0,0,0,2,2,8,8,1,0,0,0,3,1,0,,,,,,,,
0,/home/capc1/ProfitabilityTool-new-27-07-26/ProfitabilityTool/capc_dataset_work_RyrnQw/feature_variants/integerDivisionBitwise_serial_N_118.c,1,118,6,2,0,1,0,3,0,5,1,0,0,0,2,2,8,8,1,0,0,0,3,1,0,,,,,,,,
0,/home/capc1/ProfitabilityTool-new-27-07-26/ProfitabilityTool/capc_dataset_work_RyrnQw/feature_variants/integerDivisionBitwise_serial_N_119.c,1,119,6,2,0,1,0,3,0,5,1,0,0,0,2,2,8,8,1,0,0,0,3,1,0,,,,,,,,
0,/home/capc1/ProfitabilityTool-new-27-07-26/ProfitabilityTool/capc_dataset_work_RyrnQw/feature_variants/integerDivisionBitwise_serial_N_120.c,1,120,6,2,0,1,0,3,0,5,1,0,0,0,2,2,8,8,1,0,0,0,3,1,0,,,,,,,,
0,/home/capc1/ProfitabilityTool-new-27-07-26/ProfitabilityTool/capc_dataset_work_RyrnQw/feature_variants/integerDivisionBitwise_serial_N_121.c,1,121,6,2,0,1,0,3,0,5,1,0,0,0,2,2,8,8,1,0,0,0,3,1,0,,,,,,,,
0,/home/capc1/ProfitabilityTool-new-27-07-26/ProfitabilityTool/capc_dataset_work_RyrnQw/feature_variants/integerDivisionBitwise_serial_N_122.c,1,122,6,2,0,1,0,3,0,5,1,0,0,0,2,2,8,8,1,0,0,0,3,1,0,,,,,,,,
0,/home/capc1/ProfitabilityTool-new-27-07-26/ProfitabilityTool/capc_dataset_work_RyrnQw/feature_variants/integerDivisionBitwise_serial_N_123.c,1,123,6,2,0,1,0,3,0,5,1,0,0,0,2,2,8,8,1,0,0,0,3,1,0,,,,,,,,
0,/home/capc1/ProfitabilityTool-new-27-07-26/ProfitabilityTool/capc_dataset_work_RyrnQw/feature_variants/integerDivisionBitwise_serial_N_124.c,1,124,6,2,0,1,0,3,0,5,1,0,0,0,2,2,8,8,1,0,0,0,3,1,0,,,,,,,,
0,/home/capc1/ProfitabilityTool-new-27-07-26/ProfitabilityTool/capc_dataset_work_RyrnQw/feature_variants/integerDivisionBitwise_serial_N_125.c,1,125,6,2,0,1,0,3,0,5,1,0,0,0,2,2,8,8,1,0,0,0,3,1,0,,,,,,,,
0,/home/capc1/ProfitabilityTool-new-27-07-26/ProfitabilityTool/capc_dataset_work_RyrnQw/feature_variants/integerDivisionBitwise_serial_N_126.c,1,126,6,2,0,1,0,3,0,5,1,0,0,0,2,2,8,8,1,0,0,0,3,1,0,,,,,,,,
0,/home/capc1/ProfitabilityTool-new-27-07-26/ProfitabilityTool/capc_dataset_work_RyrnQw/feature_variants/integerDivisionBitwise_serial_N_127.c,1,127,6,2,0,1,0,3,0,5,1,0,0,0,2,2,8,8,1,0,0,0,3,1,0,,,,,,,,
0,/home/capc1/ProfitabilityTool-new-27-07-26/ProfitabilityTool/capc_dataset_work_RyrnQw/feature_variants/integerDivisionBitwise_serial_N_128.c,1,128,6,2,0,1,0,3,0,5,1,0,0,0,2,2,8,8,1,0,0,0,3,1,0,,,,,,,,
0,/home/capc1/ProfitabilityTool-new-27-07-26/ProfitabilityTool/capc_dataset_work_RyrnQw/feature_variants/integerDivisionBitwise_serial_N_129.c,1,129,6,2,0,1,0,3,0,5,1,0,0,0,2,2,8,8,1,0,0,0,3,1,0,,,,,,,,
0,/home/capc1/ProfitabilityTool-new-27-07-26/ProfitabilityTool/capc_dataset_work_RyrnQw/feature_variants/integerDivisionBitwise_serial_N_130.c,1,130,6,2,0,1,0,3,0,5,1,0,0,0,2,2,8,8,1,0,0,0,3,1,0,,,,,,,,
0,/home/capc1/ProfitabilityTool-new-27-07-26/ProfitabilityTool/capc_dataset_work_RyrnQw/feature_variants/integerDivisionBitwise_serial_N_131.c,1,131,6,2,0,1,0,3,0,5,1,0,0,0,2,2,8,8,1,0,0,0,3,1,0,,,,,,,,
0,/home/capc1/ProfitabilityTool-new-27-07-26/ProfitabilityTool/capc_dataset_work_RyrnQw/feature_variants/integerDivisionBitwise_serial_N_132.c,1,132,6,2,0,1,0,3,0,5,1,0,0,0,2,2,8,8,1,0,0,0,3,1,0,,,,,,,,
0,/home/capc1/ProfitabilityTool-new-27-07-26/ProfitabilityTool/capc_dataset_work_RyrnQw/feature_variants/integerDivisionBitwise_serial_N_133.c,1,133,6,2,0,1,0,3,0,5,1,0,0,0,2,2,8,8,1,0,0,0,3,1,0,,,,,,,,
0,/home/capc1/ProfitabilityTool-new-27-07-26/ProfitabilityTool/capc_dataset_work_RyrnQw/feature_variants/integerDivisionBitwise_serial_N_134.c,1,134,6,2,0,1,0,3,0,5,1,0,0,0,2,2,8,8,1,0,0,0,3,1,0,,,,,,,,
0,/home/capc1/ProfitabilityTool-new-27-07-26/ProfitabilityTool/capc_dataset_work_RyrnQw/feature_variants/integerDivisionBitwise_serial_N_135.c,1,135,6,2,0,1,0,3,0,5,1,0,0,0,2,2,8,8,1,0,0,0,3,1,0,,,,,,,,
0,/home/capc1/ProfitabilityTool-new-27-07-26/ProfitabilityTool/capc_dataset_work_RyrnQw/feature_variants/integerDivisionBitwise_serial_N_136.c,1,136,6,2,0,1,0,3,0,5,1,0,0,0,2,2,8,8,1,0,0,0,3,1,0,,,,,,,,
0,/home/capc1/ProfitabilityTool-new-27-07-26/ProfitabilityTool/capc_dataset_work_RyrnQw/feature_variants/integerDivisionBitwise_serial_N_137.c,1,137,6,2,0,1,0,3,0,5,1,0,0,0,2,2,8,8,1,0,0,0,3,1,0,,,,,,,,
0,/home/capc1/ProfitabilityTool-new-27-07-26/ProfitabilityTool/capc_dataset_work_RyrnQw/feature_variants/integerDivisionBitwise_serial_N_138.c,1,138,6,2,0,1,0,3,0,5,1,0,0,0,2,2,8,8,1,0,0,0,3,1,0,,,,,,,,
0,/home/capc1/ProfitabilityTool-new-27-07-26/ProfitabilityTool/capc_dataset_work_RyrnQw/feature_variants/integerDivisionBitwise_serial_N_139.c,1,139,6,2,0,1,0,3,0,5,1,0,0,0,2,2,8,8,1,0,0,0,3,1,0,,,,,,,,
0,/home/capc1/ProfitabilityTool-new-27-07-26/ProfitabilityTool/capc_dataset_work_RyrnQw/feature_variants/integerDivisionBitwise_serial_N_140.c,1,140,6,2,0,1,0,3,0,5,1,0,0,0,2,2,8,8,1,0,0,0,3,1,0,,,,,,,,
0,/home/capc1/ProfitabilityTool-new-27-07-26/ProfitabilityTool/capc_dataset_work_RyrnQw/feature_variants/integerDivisionBitwise_serial_N_141.c,1,141,6,2,0,1,0,3,0,5,1,0,0,0,2,2,8,8,1,0,0,0,3,1,0,,,,,,,,
0,/home/capc1/ProfitabilityTool-new-27-07-26/ProfitabilityTool/capc_dataset_work_RyrnQw/feature_variants/integerDivisionBitwise_serial_N_142.c,1,142,6,2,0,1,0,3,0,5,1,0,0,0,2,2,8,8,1,0,0,0,3,1,0,,,,,,,,
0,/home/capc1/ProfitabilityTool-new-27-07-26/ProfitabilityTool/capc_dataset_work_RyrnQw/feature_variants/integerDivisionBitwise_serial_N_143.c,1,143,6,2,0,1,0,3,0,5,1,0,0,0,2,2,8,8,1,0,0,0,3,1,0,,,,,,,,
0,/home/capc1/ProfitabilityTool-new-27-07-26/ProfitabilityTool/capc_dataset_work_RyrnQw/feature_variants/integerDivisionBitwise_serial_N_144.c,1,144,6,2,0,1,0,3,0,5,1,0,0,0,2,2,8,8,1,0,0,0,3,1,0,,,,,,,,
0,/home/capc1/ProfitabilityTool-new-27-07-26/ProfitabilityTool/capc_dataset_work_RyrnQw/feature_variants/integerDivisionBitwise_serial_N_145.c,1,145,6,2,0,1,0,3,0,5,1,0,0,0,2,2,8,8,1,0,0,0,3,1,0,,,,,,,,
0,/home/capc1/ProfitabilityTool-new-27-07-26/ProfitabilityTool/capc_dataset_work_RyrnQw/feature_variants/integerDivisionBitwise_serial_N_146.c,1,146,6,2,0,1,0,3,0,5,1,0,0,0,2,2,8,8,1,0,0,0,3,1,0,,,,,,,,
0,/home/capc1/ProfitabilityTool-new-27-07-26/ProfitabilityTool/capc_dataset_work_RyrnQw/feature_variants/integerDivisionBitwise_serial_N_147.c,1,147,6,2,0,1,0,3,0,5,1,0,0,0,2,2,8,8,1,0,0,0,3,1,0,,,,,,,,
0,/home/capc1/ProfitabilityTool-new-27-07-26/ProfitabilityTool/capc_dataset_work_RyrnQw/feature_variants/integerDivisionBitwise_serial_N_148.c,1,148,6,2,0,1,0,3,0,5,1,0,0,0,2,2,8,8,1,0,0,0,3,1,0,,,,,,,,
0,/home/capc1/ProfitabilityTool-new-27-07-26/ProfitabilityTool/capc_dataset_work_RyrnQw/feature_variants/integerDivisionBitwise_serial_N_149.c,1,149,6,2,0,1,0,3,0,5,1,0,0,0,2,2,8,8,1,0,0,0,3,1,0,,,,,,,,
0,/home/capc1/ProfitabilityTool-new-27-07-26/ProfitabilityTool/capc_dataset_work_RyrnQw/feature_variants/integerDivisionBitwise_serial_N_150.c,1,150,6,2,0,1,0,3,0,5,1,0,0,0,2,2,8,8,1,0,0,0,3,1,0,,,,,,,,
0,/home/capc1/ProfitabilityTool-new-27-07-26/ProfitabilityTool/capc_dataset_work_RyrnQw/feature_variants/integerDivisionBitwise_serial_N_151.c,1,151,6,2,0,1,0,3,0,5,1,0,0,0,2,2,8,8,1,0,0,0,3,1,0,,,,,,,,
0,/home/capc1/ProfitabilityTool-new-27-07-26/ProfitabilityTool/capc_dataset_work_RyrnQw/feature_variants/integerDivisionBitwise_serial_N_152.c,1,152,6,2,0,1,0,3,0,5,1,0,0,0,2,2,8,8,1,0,0,0,3,1,0,,,,,,,,
0,/home/capc1/ProfitabilityTool-new-27-07-26/ProfitabilityTool/capc_dataset_work_RyrnQw/feature_variants/integerDivisionBitwise_serial_N_153.c,1,153,6,2,0,1,0,3,0,5,1,0,0,0,2,2,8,8,1,0,0,0,3,1,0,,,,,,,,
0,/home/capc1/ProfitabilityTool-new-27-07-26/ProfitabilityTool/capc_dataset_work_RyrnQw/feature_variants/integerDivisionBitwise_serial_N_154.c,1,154,6,2,0,1,0,3,0,5,1,0,0,0,2,2,8,8,1,0,0,0,3,1,0,,,,,,,,
0,/home/capc1/ProfitabilityTool-new-27-07-26/ProfitabilityTool/capc_dataset_work_RyrnQw/feature_variants/integerDivisionBitwise_serial_N_155.c,1,155,6,2,0,1,0,3,0,5,1,0,0,0,2,2,8,8,1,0,0,0,3,1,0,,,,,,,,
0,/home/capc1/ProfitabilityTool-new-27-07-26/ProfitabilityTool/capc_dataset_work_RyrnQw/feature_variants/integerDivisionBitwise_serial_N_156.c,1,156,6,2,0,1,0,3,0,5,1,0,0,0,2,2,8,8,1,0,0,0,3,1,0,,,,,,,,
0,/home/capc1/ProfitabilityTool-new-27-07-26/ProfitabilityTool/capc_dataset_work_RyrnQw/feature_variants/integerDivisionBitwise_serial_N_157.c,1,157,6,2,0,1,0,3,0,5,1,0,0,0,2,2,8,8,1,0,0,0,3,1,0,,,,,,,,
0,/home/capc1/ProfitabilityTool-new-27-07-26/ProfitabilityTool/capc_dataset_work_RyrnQw/feature_variants/integerDivisionBitwise_serial_N_158.c,1,158,6,2,0,1,0,3,0,5,1,0,0,0,2,2,8,8,1,0,0,0,3,1,0,,,,,,,,
0,/home/capc1/ProfitabilityTool-new-27-07-26/ProfitabilityTool/capc_dataset_work_RyrnQw/feature_variants/integerDivisionBitwise_serial_N_159.c,1,159,6,2,0,1,0,3,0,5,1,0,0,0,2,2,8,8,1,0,0,0,3,1,0,,,,,,,,
0,/home/capc1/ProfitabilityTool-new-27-07-26/ProfitabilityTool/capc_dataset_work_RyrnQw/feature_variants/integerDivisionBitwise_serial_N_160.c,1,160,6,2,0,1,0,3,0,5,1,0,0,0,2,2,8,8,1,0,0,0,3,1,0,,,,,,,,
0,/home/capc1/ProfitabilityTool-new-27-07-26/ProfitabilityTool/capc_dataset_work_RyrnQw/feature_variants/integerDivisionBitwise_serial_N_161.c,1,161,6,2,0,1,0,3,0,5,1,0,0,0,2,2,8,8,1,0,0,0,3,1,0,,,,,,,,
0,/home/capc1/ProfitabilityTool-new-27-07-26/ProfitabilityTool/capc_dataset_work_RyrnQw/feature_variants/integerDivisionBitwise_serial_N_162.c,1,162,6,2,0,1,0,3,0,5,1,0,0,0,2,2,8,8,1,0,0,0,3,1,0,,,,,,,,
0,/home/capc1/ProfitabilityTool-new-27-07-26/ProfitabilityTool/capc_dataset_work_RyrnQw/feature_variants/integerDivisionBitwise_serial_N_163.c,1,163,6,2,0,1,0,3,0,5,1,0,0,0,2,2,8,8,1,0,0,0,3,1,0,,,,,,,,
0,/home/capc1/ProfitabilityTool-new-27-07-26/ProfitabilityTool/capc_dataset_work_RyrnQw/feature_variants/integerDivisionBitwise_serial_N_164.c,1,164,6,2,0,1,0,3,0,5,1,0,0,0,2,2,8,8,1,0,0,0,3,1,0,,,,,,,,
0,/home/capc1/ProfitabilityTool-new-27-07-26/ProfitabilityTool/capc_dataset_work_RyrnQw/feature_variants/integerDivisionBitwise_serial_N_165.c,1,165,6,2,0,1,0,3,0,5,1,0,0,0,2,2,8,8,1,0,0,0,3,1,0,,,,,,,,
0,/home/capc1/ProfitabilityTool-new-27-07-26/ProfitabilityTool/capc_dataset_work_RyrnQw/feature_variants/integerDivisionBitwise_serial_N_166.c,1,166,6,2,0,1,0,3,0,5,1,0,0,0,2,2,8,8,1,0,0,0,3,1,0,,,,,,,,
0,/home/capc1/ProfitabilityTool-new-27-07-26/ProfitabilityTool/capc_dataset_work_RyrnQw/feature_variants/integerDivisionBitwise_serial_N_167.c,1,167,6,2,0,1,0,3,0,5,1,0,0,0,2,2,8,8,1,0,0,0,3,1,0,,,,,,,,
0,/home/capc1/ProfitabilityTool-new-27-07-26/ProfitabilityTool/capc_dataset_work_RyrnQw/feature_variants/integerDivisionBitwise_serial_N_168.c,1,168,6,2,0,1,0,3,0,5,1,0,0,0,2,2,8,8,1,0,0,0,3,1,0,,,,,,,,
0,/home/capc1/ProfitabilityTool-new-27-07-26/ProfitabilityTool/capc_dataset_work_RyrnQw/feature_variants/integerDivisionBitwise_serial_N_169.c,1,169,6,2,0,1,0,3,0,5,1,0,0,0,2,2,8,8,1,0,0,0,3,1,0,,,,,,,,
0,/home/capc1/ProfitabilityTool-new-27-07-26/ProfitabilityTool/capc_dataset_work_RyrnQw/feature_variants/integerDivisionBitwise_serial_N_170.c,1,170,6,2,0,1,0,3,0,5,1,0,0,0,2,2,8,8,1,0,0,0,3,1,0,,,,,,,,
0,/home/capc1/ProfitabilityTool-new-27-07-26/ProfitabilityTool/capc_dataset_work_RyrnQw/feature_variants/integerDivisionBitwise_serial_N_171.c,1,171,6,2,0,1,0,3,0,5,1,0,0,0,2,2,8,8,1,0,0,0,3,1,0,,,,,,,,
0,/home/capc1/ProfitabilityTool-new-27-07-26/ProfitabilityTool/capc_dataset_work_RyrnQw/feature_variants/integerDivisionBitwise_serial_N_172.c,1,172,6,2,0,1,0,3,0,5,1,0,0,0,2,2,8,8,1,0,0,0,3,1,0,,,,,,,,
0,/home/capc1/ProfitabilityTool-new-27-07-26/ProfitabilityTool/capc_dataset_work_RyrnQw/feature_variants/integerDivisionBitwise_serial_N_173.c,1,173,6,2,0,1,0,3,0,5,1,0,0,0,2,2,8,8,1,0,0,0,3,1,0,,,,,,,,
0,/home/capc1/ProfitabilityTool-new-27-07-26/ProfitabilityTool/capc_dataset_work_RyrnQw/feature_variants/integerDivisionBitwise_serial_N_174.c,1,174,6,2,0,1,0,3,0,5,1,0,0,0,2,2,8,8,1,0,0,0,3,1,0,,,,,,,,
0,/home/capc1/ProfitabilityTool-new-27-07-26/ProfitabilityTool/capc_dataset_work_RyrnQw/feature_variants/integerDivisionBitwise_serial_N_175.c,1,175,6,2,0,1,0,3,0,5,1,0,0,0,2,2,8,8,1,0,0,0,3,1,0,,,,,,,,
0,/home/capc1/ProfitabilityTool-new-27-07-26/ProfitabilityTool/capc_dataset_work_RyrnQw/feature_variants/integerDivisionBitwise_serial_N_176.c,1,176,6,2,0,1,0,3,0,5,1,0,0,0,2,2,8,8,1,0,0,0,3,1,0,,,,,,,,
0,/home/capc1/ProfitabilityTool-new-27-07-26/ProfitabilityTool/capc_dataset_work_RyrnQw/feature_variants/integerDivisionBitwise_serial_N_177.c,1,177,6,2,0,1,0,3,0,5,1,0,0,0,2,2,8,8,1,0,0,0,3,1,0,,,,,,,,
0,/home/capc1/ProfitabilityTool-new-27-07-26/ProfitabilityTool/capc_dataset_work_RyrnQw/feature_variants/integerDivisionBitwise_serial_N_178.c,1,178,6,2,0,1,0,3,0,5,1,0,0,0,2,2,8,8,1,0,0,0,3,1,0,,,,,,,,
0,/home/capc1/ProfitabilityTool-new-27-07-26/ProfitabilityTool/capc_dataset_work_RyrnQw/feature_variants/integerDivisionBitwise_serial_N_179.c,1,179,6,2,0,1,0,3,0,5,1,0,0,0,2,2,8,8,1,0,0,0,3,1,0,,,,,,,,
0,/home/capc1/ProfitabilityTool-new-27-07-26/ProfitabilityTool/capc_dataset_work_RyrnQw/feature_variants/integerDivisionBitwise_serial_N_180.c,1,180,6,2,0,1,0,3,0,5,1,0,0,0,2,2,8,8,1,0,0,0,3,1,0,,,,,,,,
0,/home/capc1/ProfitabilityTool-new-27-07-26/ProfitabilityTool/capc_dataset_work_RyrnQw/feature_variants/integerDivisionBitwise_serial_N_181.c,1,181,6,2,0,1,0,3,0,5,1,0,0,0,2,2,8,8,1,0,0,0,3,1,0,,,,,,,,
0,/home/capc1/ProfitabilityTool-new-27-07-26/ProfitabilityTool/capc_dataset_work_RyrnQw/feature_variants/integerDivisionBitwise_serial_N_182.c,1,182,6,2,0,1,0,3,0,5,1,0,0,0,2,2,8,8,1,0,0,0,3,1,0,,,,,,,,
0,/home/capc1/ProfitabilityTool-new-27-07-26/ProfitabilityTool/capc_dataset_work_RyrnQw/feature_variants/integerDivisionBitwise_serial_N_183.c,1,183,6,2,0,1,0,3,0,5,1,0,0,0,2,2,8,8,1,0,0,0,3,1,0,,,,,,,,
0,/home/capc1/ProfitabilityTool-new-27-07-26/ProfitabilityTool/capc_dataset_work_RyrnQw/feature_variants/integerDivisionBitwise_serial_N_184.c,1,184,6,2,0,1,0,3,0,5,1,0,0,0,2,2,8,8,1,0,0,0,3,1,0,,,,,,,,
0,/home/capc1/ProfitabilityTool-new-27-07-26/ProfitabilityTool/capc_dataset_work_RyrnQw/feature_variants/integerDivisionBitwise_serial_N_185.c,1,185,6,2,0,1,0,3,0,5,1,0,0,0,2,2,8,8,1,0,0,0,3,1,0,,,,,,,,
0,/home/capc1/ProfitabilityTool-new-27-07-26/ProfitabilityTool/capc_dataset_work_RyrnQw/feature_variants/integerDivisionBitwise_serial_N_186.c,1,186,6,2,0,1,0,3,0,5,1,0,0,0,2,2,8,8,1,0,0,0,3,1,0,,,,,,,,
0,/home/capc1/ProfitabilityTool-new-27-07-26/ProfitabilityTool/capc_dataset_work_RyrnQw/feature_variants/integerDivisionBitwise_serial_N_187.c,1,187,6,2,0,1,0,3,0,5,1,0,0,0,2,2,8,8,1,0,0,0,3,1,0,,,,,,,,
0,/home/capc1/ProfitabilityTool-new-27-07-26/ProfitabilityTool/capc_dataset_work_RyrnQw/feature_variants/integerDivisionBitwise_serial_N_188.c,1,188,6,2,0,1,0,3,0,5,1,0,0,0,2,2,8,8,1,0,0,0,3,1,0,,,,,,,,
0,/home/capc1/ProfitabilityTool-new-27-07-26/ProfitabilityTool/capc_dataset_work_RyrnQw/feature_variants/integerDivisionBitwise_serial_N_189.c,1,189,6,2,0,1,0,3,0,5,1,0,0,0,2,2,8,8,1,0,0,0,3,1,0,,,,,,,,
0,/home/capc1/ProfitabilityTool-new-27-07-26/ProfitabilityTool/capc_dataset_work_RyrnQw/feature_variants/integerDivisionBitwise_serial_N_190.c,1,190,6,2,0,1,0,3,0,5,1,0,0,0,2,2,8,8,1,0,0,0,3,1,0,,,,,,,,
0,/home/capc1/ProfitabilityTool-new-27-07-26/ProfitabilityTool/capc_dataset_work_RyrnQw/feature_variants/integerDivisionBitwise_serial_N_191.c,1,191,6,2,0,1,0,3,0,5,1,0,0,0,2,2,8,8,1,0,0,0,3,1,0,,,,,,,,
0,/home/capc1/ProfitabilityTool-new-27-07-26/ProfitabilityTool/capc_dataset_work_RyrnQw/feature_variants/integerDivisionBitwise_serial_N_192.c,1,192,6,2,0,1,0,3,0,5,1,0,0,0,2,2,8,8,1,0,0,0,3,1,0,,,,,,,,
0,/home/capc1/ProfitabilityTool-new-27-07-26/ProfitabilityTool/capc_dataset_work_RyrnQw/feature_variants/integerDivisionBitwise_serial_N_193.c,1,193,6,2,0,1,0,3,0,5,1,0,0,0,2,2,8,8,1,0,0,0,3,1,0,,,,,,,,
0,/home/capc1/ProfitabilityTool-new-27-07-26/ProfitabilityTool/capc_dataset_work_RyrnQw/feature_variants/integerDivisionBitwise_serial_N_194.c,1,194,6,2,0,1,0,3,0,5,1,0,0,0,2,2,8,8,1,0,0,0,3,1,0,,,,,,,,
0,/home/capc1/ProfitabilityTool-new-27-07-26/ProfitabilityTool/capc_dataset_work_RyrnQw/feature_variants/integerDivisionBitwise_serial_N_195.c,1,195,6,2,0,1,0,3,0,5,1,0,0,0,2,2,8,8,1,0,0,0,3,1,0,,,,,,,,
0,/home/capc1/ProfitabilityTool-new-27-07-26/ProfitabilityTool/capc_dataset_work_RyrnQw/feature_variants/integerDivisionBitwise_serial_N_196.c,1,196,6,2,0,1,0,3,0,5,1,0,0,0,2,2,8,8,1,0,0,0,3,1,0,,,,,,,,
0,/home/capc1/ProfitabilityTool-new-27-07-26/ProfitabilityTool/capc_dataset_work_RyrnQw/feature_variants/integerDivisionBitwise_serial_N_197.c,1,197,6,2,0,1,0,3,0,5,1,0,0,0,2,2,8,8,1,0,0,0,3,1,0,,,,,,,,
0,/home/capc1/ProfitabilityTool-new-27-07-26/ProfitabilityTool/capc_dataset_work_RyrnQw/feature_variants/integerDivisionBitwise_serial_N_198.c,1,198,6,2,0,1,0,3,0,5,1,0,0,0,2,2,8,8,1,0,0,0,3,1,0,,,,,,,,
0,/home/capc1/ProfitabilityTool-new-27-07-26/ProfitabilityTool/capc_dataset_work_RyrnQw/feature_variants/integerDivisionBitwise_serial_N_199.c,1,199,6,2,0,1,0,3,0,5,1,0,0,0,2,2,8,8,1,0,0,0,3,1,0,,,,,,,,
0,/home/capc1/ProfitabilityTool-new-27-07-26/ProfitabilityTool/capc_dataset_work_RyrnQw/feature_variants/integerDivisionBitwise_serial_N_200.c,1,200,6,2,0,1,0,3,0,5,1,0,0,0,2,2,8,8,1,0,0,0,3,1,0,,,,,,,,
0,/home/capc1/ProfitabilityTool-new-27-07-26/ProfitabilityTool/capc_dataset_work_RyrnQw/feature_variants/integerDivisionBitwise_serial_N_300.c,1,300,6,2,0,1,0,3,0,5,1,0,0,0,2,2,8,8,1,0,0,0,3,1,0,,,,,,,,
0,/home/capc1/ProfitabilityTool-new-27-07-26/ProfitabilityTool/capc_dataset_work_RyrnQw/feature_variants/integerDivisionBitwise_serial_N_400.c,1,400,6,2,0,1,0,3,0,5,1,0,0,0,2,2,8,8,1,0,0,0,3,1,0,,,,,,,,
0,/home/capc1/ProfitabilityTool-new-27-07-26/ProfitabilityTool/capc_dataset_work_RyrnQw/feature_variants/integerDivisionBitwise_serial_N_500.c,1,500,6,2,0,1,0,3,0,5,1,0,0,0,2,2,8,8,1,0,0,0,3,1,0,,,,,,,,
0,/home/capc1/ProfitabilityTool-new-27-07-26/ProfitabilityTool/capc_dataset_work_RyrnQw/feature_variants/integerDivisionBitwise_serial_N_600.c,1,600,6,2,0,1,0,3,0,5,1,0,0,0,2,2,8,8,1,0,0,0,3,1,0,,,,,,,,
0,/home/capc1/ProfitabilityTool-new-27-07-26/ProfitabilityTool/capc_dataset_work_RyrnQw/feature_variants/integerDivisionBitwise_serial_N_700.c,1,700,6,2,0,1,0,3,0,5,1,0,0,0,2,2,8,8,1,0,0,0,3,1,0,,,,,,,,
0,/home/capc1/ProfitabilityTool-new-27-07-26/ProfitabilityTool/capc_dataset_work_RyrnQw/feature_variants/integerDivisionBitwise_serial_N_800.c,1,800,6,2,0,1,0,3,0,5,1,0,0,0,2,2,8,8,1,0,0,0,3,1,0,,,,,,,,
0,/home/capc1/ProfitabilityTool-new-27-07-26/ProfitabilityTool/capc_dataset_work_RyrnQw/feature_variants/integerDivisionBitwise_serial_N_900.c,1,900,6,2,0,1,0,3,0,5,1,0,0,0,2,2,8,8,1,0,0,0,3,1,0,,,,,,,,
0,/home/capc1/ProfitabilityTool-new-27-07-26/ProfitabilityTool/capc_dataset_work_RyrnQw/feature_variants/integerDivisionBitwise_serial_N_1000.c,1,1000,6,2,0,1,0,3,0,5,1,0,0,0,2,2,8,8,1,0,0,0,3,1,0,,,,,,,,
0,/home/capc1/ProfitabilityTool-new-27-07-26/ProfitabilityTool/capc_dataset_work_RyrnQw/feature_variants/integerDivisionBitwise_serial_N_2000.c,1,2000,6,2,0,1,0,3,0,5,1,0,0,0,2,2,8,8,1,0,0,0,3,1,0,,,,,,,,
0,/home/capc1/ProfitabilityTool-new-27-07-26/ProfitabilityTool/capc_dataset_work_RyrnQw/feature_variants/integerDivisionBitwise_serial_N_3000.c,1,3000,6,2,0,1,0,3,0,5,1,0,0,0,2,2,8,8,1,0,0,0,3,1,0,,,,,,,,
0,/home/capc1/ProfitabilityTool-new-27-07-26/ProfitabilityTool/capc_dataset_work_RyrnQw/feature_variants/integerDivisionBitwise_serial_N_4000.c,1,4000,6,2,0,1,0,3,0,5,1,0,0,0,2,2,8,8,1,0,0,0,3,1,0,,,,,,,,
0,/home/capc1/ProfitabilityTool-new-27-07-26/ProfitabilityTool/capc_dataset_work_RyrnQw/feature_variants/integerDivisionBitwise_serial_N_5000.c,1,5000,6,2,0,1,0,3,0,5,1,0,0,0,2,2,8,8,1,0,0,0,3,1,0,,,,,,,,
0,/home/capc1/ProfitabilityTool-new-27-07-26/ProfitabilityTool/capc_dataset_work_RyrnQw/feature_variants/integerDivisionBitwise_serial_N_6000.c,1,6000,6,2,0,1,0,3,0,5,1,0,0,0,2,2,8,8,1,0,0,0,3,1,0,,,,,,,,
0,/home/capc1/ProfitabilityTool-new-27-07-26/ProfitabilityTool/capc_dataset_work_RyrnQw/feature_variants/integerDivisionBitwise_serial_N_7000.c,1,7000,6,2,0,1,0,3,0,5,1,0,0,0,2,2,8,8,1,0,0,0,3,1,0,,,,,,,,
0,/home/capc1/ProfitabilityTool-new-27-07-26/ProfitabilityTool/capc_dataset_work_RyrnQw/feature_variants/integerDivisionBitwise_serial_N_8000.c,1,8000,6,2,0,1,0,3,0,5,1,0,0,0,2,2,8,8,1,0,0,0,3,1,0,,,,,,,,
0,/home/capc1/ProfitabilityTool-new-27-07-26/ProfitabilityTool/capc_dataset_work_RyrnQw/feature_variants/integerDivisionBitwise_serial_N_9000.c,1,9000,6,2,0,1,0,3,0,5,1,0,0,0,2,2,8,8,1,0,0,0,3,1,0,,,,,,,,
0,/home/capc1/ProfitabilityTool-new-27-07-26/ProfitabilityTool/capc_dataset_work_RyrnQw/feature_variants/integerDivisionBitwise_serial_N_10000.c,1,10000,6,2,0,1,0,3,0,5,1,0,0,0,2,2,8,8,1,0,0,0,3,1,0,,,,,,,,
0,/home/capc1/ProfitabilityTool-new-27-07-26/ProfitabilityTool/capc_dataset_work_RyrnQw/feature_variants/integerDivisionBitwise_serial_N_20000.c,1,20000,6,2,0,1,0,3,0,5,1,0,0,0,2,2,8,8,1,0,0,0,3,1,0,,,,,,,,
0,/home/capc1/ProfitabilityTool-new-27-07-26/ProfitabilityTool/capc_dataset_work_RyrnQw/feature_variants/integerDivisionBitwise_serial_N_30000.c,1,30000,6,2,0,1,0,3,0,5,1,0,0,0,2,2,8,8,1,0,0,0,3,1,0,,,,,,,,
0,/home/capc1/ProfitabilityTool-new-27-07-26/ProfitabilityTool/capc_dataset_work_RyrnQw/feature_variants/integerDivisionBitwise_serial_N_40000.c,1,40000,6,2,0,1,0,3,0,5,1,0,0,0,2,2,8,8,1,0,0,0,3,1,0,,,,,,,,
0,/home/capc1/ProfitabilityTool-new-27-07-26/ProfitabilityTool/capc_dataset_work_RyrnQw/feature_variants/integerDivisionBitwise_serial_N_50000.c,1,50000,6,2,0,1,0,3,0,5,1,0,0,0,2,2,8,8,1,0,0,0,3,1,0,,,,,,,,
0,/home/capc1/ProfitabilityTool-new-27-07-26/ProfitabilityTool/capc_dataset_work_RyrnQw/feature_variants/integerDivisionBitwise_serial_N_60000.c,1,60000,6,2,0,1,0,3,0,5,1,0,0,0,2,2,8,8,1,0,0,0,3,1,0,,,,,,,,
0,/home/capc1/ProfitabilityTool-new-27-07-26/ProfitabilityTool/capc_dataset_work_RyrnQw/feature_variants/integerDivisionBitwise_serial_N_70000.c,1,70000,6,2,0,1,0,3,0,5,1,0,0,0,2,2,8,8,1,0,0,0,3,1,0,,,,,,,,
0,/home/capc1/ProfitabilityTool-new-27-07-26/ProfitabilityTool/capc_dataset_work_RyrnQw/feature_variants/integerDivisionBitwise_serial_N_80000.c,1,80000,6,2,0,1,0,3,0,5,1,0,0,0,2,2,8,8,1,0,0,0,3,1,0,,,,,,,,
0,/home/capc1/ProfitabilityTool-new-27-07-26/ProfitabilityTool/capc_dataset_work_RyrnQw/feature_variants/integerDivisionBitwise_serial_N_90000.c,1,90000,6,2,0,1,0,3,0,5,1,0,0,0,2,2,8,8,1,0,0,0,3,1,0,,,,,,,,
0,/home/capc1/ProfitabilityTool-new-27-07-26/ProfitabilityTool/capc_dataset_work_RyrnQw/feature_variants/integerDivisionBitwise_serial_N_100000.c,1,100000,6,2,0,1,0,3,0,5,1,0,0,0,2,2,8,8,1,0,0,0,3,1,0,,,,,,,,
0,/home/capc1/ProfitabilityTool-new-27-07-26/ProfitabilityTool/capc_dataset_work_RyrnQw/feature_variants/integerDivisionBitwise_serial_N_200000.c,1,200000,6,2,0,1,0,3,0,5,1,0,0,0,2,2,8,8,1,0,0,0,3,1,0,,,,,,,,
0,/home/capc1/ProfitabilityTool-new-27-07-26/ProfitabilityTool/capc_dataset_work_RyrnQw/feature_variants/integerDivisionBitwise_serial_N_300000.c,1,300000,6,2,0,1,0,3,0,5,1,0,0,0,2,2,8,8,1,0,0,0,3,1,0,,,,,,,,
0,/home/capc1/ProfitabilityTool-new-27-07-26/ProfitabilityTool/capc_dataset_work_RyrnQw/feature_variants/integerDivisionBitwise_serial_N_400000.c,1,400000,6,2,0,1,0,3,0,5,1,0,0,0,2,2,8,8,1,0,0,0,3,1,0,,,,,,,,
0,/home/capc1/ProfitabilityTool-new-27-07-26/ProfitabilityTool/capc_dataset_work_RyrnQw/feature_variants/integerDivisionBitwise_serial_N_500000.c,1,500000,6,2,0,1,0,3,0,5,1,0,0,0,2,2,8,8,1,0,0,0,3,1,0,,,,,,,,
0,/home/capc1/ProfitabilityTool-new-27-07-26/ProfitabilityTool/capc_dataset_work_RyrnQw/feature_variants/integerDivisionBitwise_serial_N_600000.c,1,600000,6,2,0,1,0,3,0,5,1,0,0,0,2,2,8,8,1,0,0,0,3,1,0,,,,,,,,
0,/home/capc1/ProfitabilityTool-new-27-07-26/ProfitabilityTool/capc_dataset_work_RyrnQw/feature_variants/integerDivisionBitwise_serial_N_700000.c,1,700000,6,2,0,1,0,3,0,5,1,0,0,0,2,2,8,8,1,0,0,0,3,1,0,,,,,,,,
0,/home/capc1/ProfitabilityTool-new-27-07-26/ProfitabilityTool/capc_dataset_work_RyrnQw/feature_variants/integerDivisionBitwise_serial_N_800000.c,1,800000,6,2,0,1,0,3,0,5,1,0,0,0,2,2,8,8,1,0,0,0,3,1,0,,,,,,,,
0,/home/capc1/ProfitabilityTool-new-27-07-26/ProfitabilityTool/capc_dataset_work_RyrnQw/feature_variants/integerDivisionBitwise_serial_N_900000.c,1,900000,6,2,0,1,0,3,0,5,1,0,0,0,2,2,8,8,1,0,0,0,3,1,0,,,,,,,,
0,/home/capc1/ProfitabilityTool-new-27-07-26/ProfitabilityTool/capc_dataset_work_RyrnQw/feature_variants/integerDivisionBitwise_serial_N_1000000.c,1,1000000,6,2,0,1,0,3,0,5,1,0,0,0,2,2,8,8,1,0,0,0,3,1,0,,,,,,,,
0,/home/capc1/ProfitabilityTool-new-27-07-26/ProfitabilityTool/capc_dataset_work_RyrnQw/feature_variants/integerDivisionBitwise_serial_N_2000000.c,1,2000000,6,2,0,1,0,3,0,5,1,0,0,0,2,2,8,8,1,0,0,0,3,1,0,,,,,,,,
0,/home/capc1/ProfitabilityTool-new-27-07-26/ProfitabilityTool/capc_dataset_work_RyrnQw/feature_variants/integerDivisionBitwise_serial_N_3000000.c,1,3000000,6,2,0,1,0,3,0,5,1,0,0,0,2,2,8,8,1,0,0,0,3,1,0,,,,,,,,
0,/home/capc1/ProfitabilityTool-new-27-07-26/ProfitabilityTool/capc_dataset_work_RyrnQw/feature_variants/integerDivisionBitwise_serial_N_4000000.c,1,4000000,6,2,0,1,0,3,0,5,1,0,0,0,2,2,8,8,1,0,0,0,3,1,0,,,,,,,,
0,/home/capc1/ProfitabilityTool-new-27-07-26/ProfitabilityTool/capc_dataset_work_RyrnQw/feature_variants/integerDivisionBitwise_serial_N_5000000.c,1,5000000,6,2,0,1,0,3,0,5,1,0,0,0,2,2,8,8,1,0,0,0,3,1,0,,,,,,,,
0,/home/capc1/ProfitabilityTool-new-27-07-26/ProfitabilityTool/capc_dataset_work_RyrnQw/feature_variants/integerDivisionBitwise_serial_N_6000000.c,1,6000000,6,2,0,1,0,3,0,5,1,0,0,0,2,2,8,8,1,0,0,0,3,1,0,,,,,,,,
0,/home/capc1/ProfitabilityTool-new-27-07-26/ProfitabilityTool/capc_dataset_work_RyrnQw/feature_variants/integerDivisionBitwise_serial_N_7000000.c,1,7000000,6,2,0,1,0,3,0,5,1,0,0,0,2,2,8,8,1,0,0,0,3,1,0,,,,,,,,
0,/home/capc1/ProfitabilityTool-new-27-07-26/ProfitabilityTool/capc_dataset_work_RyrnQw/feature_variants/integerDivisionBitwise_serial_N_8000000.c,1,8000000,6,2,0,1,0,3,0,5,1,0,0,0,2,2,8,8,1,0,0,0,3,1,0,,,,,,,,
0,/home/capc1/ProfitabilityTool-new-27-07-26/ProfitabilityTool/capc_dataset_work_RyrnQw/feature_variants/integerDivisionBitwise_serial_N_9000000.c,1,9000000,6,2,0,1,0,3,0,5,1,0,0,0,2,2,8,8,1,0,0,0,3,1,0,,,,,,,,
0,/home/capc1/ProfitabilityTool-new-27-07-26/ProfitabilityTool/capc_dataset_work_RyrnQw/feature_variants/integerDivisionBitwise_serial_N_10000000.c,1,10000000,6,2,0,1,0,3,0,5,1,0,0,0,2,2,8,8,1,0,0,0,3,1,0,,,,,,,,
0,/home/capc1/ProfitabilityTool-new-27-07-26/ProfitabilityTool/capc_dataset_work_RyrnQw/feature_variants/integerDivisionBitwise_serial_N_20000000.c,1,20000000,6,2,0,1,0,3,0,5,1,0,0,0,2,2,8,8,1,0,0,0,3,1,0,,,,,,,,
0,/home/capc1/ProfitabilityTool-new-27-07-26/ProfitabilityTool/capc_dataset_work_RyrnQw/feature_variants/integerDivisionBitwise_serial_N_30000000.c,1,30000000,6,2,0,1,0,3,0,5,1,0,0,0,2,2,8,8,1,0,0,0,3,1,0,,,,,,,,
0,/home/capc1/ProfitabilityTool-new-27-07-26/ProfitabilityTool/capc_dataset_work_RyrnQw/feature_variants/integerDivisionBitwise_serial_N_40000000.c,1,40000000,6,2,0,1,0,3,0,5,1,0,0,0,2,2,8,8,1,0,0,0,3,1,0,,,,,,,,
0,/home/capc1/ProfitabilityTool-new-27-07-26/ProfitabilityTool/capc_dataset_work_RyrnQw/feature_variants/integerDivisionBitwise_serial_N_50000000.c,1,50000000,6,2,0,1,0,3,0,5,1,0,0,0,2,2,8,8,1,0,0,0,3,1,0,,,,,,,,
0,/home/capc1/ProfitabilityTool-new-27-07-26/ProfitabilityTool/capc_dataset_work_RyrnQw/feature_variants/integerDivisionBitwise_serial_N_60000000.c,1,60000000,6,2,0,1,0,3,0,5,1,0,0,0,2,2,8,8,1,0,0,0,3,1,0,,,,,,,,
0,/home/capc1/ProfitabilityTool-new-27-07-26/ProfitabilityTool/capc_dataset_work_RyrnQw/feature_variants/integerDivisionBitwise_serial_N_70000000.c,1,70000000,6,2,0,1,0,3,0,5,1,0,0,0,2,2,8,8,1,0,0,0,3,1,0,,,,,,,,
0,/home/capc1/ProfitabilityTool-new-27-07-26/ProfitabilityTool/capc_dataset_work_RyrnQw/feature_variants/integerDivisionBitwise_serial_N_80000000.c,1,80000000,6,2,0,1,0,3,0,5,1,0,0,0,2,2,8,8,1,0,0,0,3,1,0,,,,,,,,
0,/home/capc1/ProfitabilityTool-new-27-07-26/ProfitabilityTool/capc_dataset_work_RyrnQw/feature_variants/integerDivisionBitwise_serial_N_90000000.c,1,90000000,6,2,0,1,0,3,0,5,1,0,0,0,2,2,8,8,1,0,0,0,3,1,0,,,,,,,,
0,/home/capc1/ProfitabilityTool-new-27-07-26/ProfitabilityTool/capc_dataset_work_RyrnQw/feature_variants/integerDivisionBitwise_serial_N_100000000.c,1,100000000,6,2,0,1,0,3,0,5,1,0,0,0,2,2,8,8,1,0,0,0,3,1,0,,,,,,,,
0,/home/capc1/ProfitabilityTool-new-27-07-26/ProfitabilityTool/capc_dataset_work_RyrnQw/feature_variants/integerDivisionBitwise_serial_N_200000000.c,1,200000000,6,2,0,1,0,3,0,5,1,0,0,0,2,2,8,8,1,0,0,0,3,1,0,,,,,,,,
0,/home/capc1/ProfitabilityTool-new-27-07-26/ProfitabilityTool/capc_dataset_work_RyrnQw/feature_variants/integerDivisionBitwise_serial_N_300000000.c,1,300000000,6,2,0,1,0,3,0,5,1,0,0,0,2,2,8,8,1,0,0,0,3,1,0,,,,,,,,
0,/home/capc1/ProfitabilityTool-new-27-07-26/ProfitabilityTool/capc_dataset_work_RyrnQw/feature_variants/integerDivisionBitwise_serial_N_400000000.c,1,400000000,6,2,0,1,0,3,0,5,1,0,0,0,2,2,8,8,1,0,0,0,3,1,0,,,,,,,,
0,/home/capc1/ProfitabilityTool-new-27-07-26/ProfitabilityTool/capc_dataset_work_RyrnQw/feature_variants/integerDivisionBitwise_serial_N_500000000.c,1,500000000,6,2,0,1,0,3,0,5,1,0,0,0,2,2,8,8,1,0,0,0,3,1,0,,,,,,,,
0,/home/capc1/ProfitabilityTool-new-27-07-26/ProfitabilityTool/capc_dataset_work_RyrnQw/feature_variants/integerDivisionBitwise_serial_N_600000000.c,1,600000000,6,2,0,1,0,3,0,5,1,0,0,0,2,2,8,8,1,0,0,0,3,1,0,,,,,,,,
0,/home/capc1/ProfitabilityTool-new-27-07-26/ProfitabilityTool/capc_dataset_work_RyrnQw/feature_variants/integerDivisionBitwise_serial_N_700000000.c,1,700000000,6,2,0,1,0,3,0,5,1,0,0,0,2,2,8,8,1,0,0,0,3,1,0,,,,,,,,
0,/home/capc1/ProfitabilityTool-new-27-07-26/ProfitabilityTool/capc_dataset_work_RyrnQw/feature_variants/integerDivisionBitwise_serial_N_800000000.c,1,800000000,6,2,0,1,0,3,0,5,1,0,0,0,2,2,8,8,1,0,0,0,3,1,0,,,,,,,,
0,/home/capc1/ProfitabilityTool-new-27-07-26/ProfitabilityTool/capc_dataset_work_RyrnQw/feature_variants/integerDivisionBitwise_serial_N_900000000.c,1,900000000,6,2,0,1,0,3,0,5,1,0,0,0,2,2,8,8,1,0,0,0,3,1,0,,,,,,,,
0,/home/capc1/ProfitabilityTool-new-27-07-26/ProfitabilityTool/capc_dataset_work_RyrnQw/feature_variants/integerDivisionBitwise_serial_N_1000000000.c,1,1000000000,6,2,0,1,0,3,0,5,1,0,0,0,2,2,8,8,1,0,0,0,3,1,0,,,,,,,,
0,/home/capc1/ProfitabilityTool-new-27-07-26/ProfitabilityTool/capc_dataset_work_RyrnQw/feature_variants/matrixReduction_serial_N_1.c,3,1,1,0,1,0,1,0,0,0,0,0,0,1,2,1,16,8,0,0,0,0,3,0,0,0.000004679,0.030751381,0.000698,0.000774,3.031014,0.000074,0.000145,3.122192
0,/home/capc1/ProfitabilityTool-new-27-07-26/ProfitabilityTool/capc_dataset_work_RyrnQw/feature_variants/matrixReduction_serial_N_2.c,3,8,7,0,1,0,1,0,0,0,0,0,0,1,2,1,16,8,2,0,0,0,3,0,0,0.000004780,0.027746014,0.000691,0.000764,3.127406,0.000074,0.000143,3.205544
0,/home/capc1/ProfitabilityTool-new-27-07-26/ProfitabilityTool/capc_dataset_work_RyrnQw/feature_variants/matrixReduction_serial_N_3.c,3,27,7,0,1,0,1,0,0,0,0,0,0,1,2,1,16,8,2,0,0,0,3,0,0,0.000003159,0.027566578,0.000703,0.000778,3.070227,0.000075,0.000144,3.058654
0,/home/capc1/ProfitabilityTool-new-27-07-26/ProfitabilityTool/capc_dataset_work_RyrnQw/feature_variants/matrixReduction_serial_N_4.c,3,64,7,0,1,0,1,0,0,0,0,0,0,1,2,1,16,8,2,0,0,0,3,0,0,0.000005141,0.027645197,0.000697,0.000771,3.047250,0.000075,0.000148,3.086546
0,/home/capc1/ProfitabilityTool-new-27-07-26/ProfitabilityTool/capc_dataset_work_RyrnQw/feature_variants/matrixReduction_serial_N_5.c,3,125,7,0,1,0,1,0,0,0,0,0,0,1,2,1,16,8,2,0,0,0,3,0,0,0.000005048,0.027916830,0.000708,0.000783,3.092472,0.000077,0.000145,3.168866
0,/home/capc1/ProfitabilityTool-new-27-07-26/ProfitabilityTool/capc_dataset_work_RyrnQw/feature_variants/matrixReduction_serial_N_6.c,3,216,7,0,1,0,1,0,0,0,0,0,0,1,2,1,16,8,2,0,0,0,3,0,0,0.000005443,0.028326876,0.000714,0.000792,3.090613,0.000074,0.000142,3.073598
0,/home/capc1/ProfitabilityTool-new-27-07-26/ProfitabilityTool/capc_dataset_work_RyrnQw/feature_variants/matrixReduction_serial_N_7.c,3,343,7,0,1,0,1,0,0,0,0,0,0,1,2,1,16,8,2,0,0,0,3,0,0,0.000002619,0.034997467,0.000706,0.000780,3.191891,0.000074,0.000143,3.044604
0,/home/capc1/ProfitabilityTool-new-27-07-26/ProfitabilityTool/capc_dataset_work_RyrnQw/feature_variants/matrixReduction_serial_N_8.c,3,512,7,0,1,0,1,0,0,0,0,0,0,1,2,1,16,8,2,0,0,0,3,0,0,0.000005472,0.025720779,0.000685,0.000757,3.131537,0.000077,0.000150,2.975653
0,/home/capc1/ProfitabilityTool-new-27-07-26/ProfitabilityTool/capc_dataset_work_RyrnQw/feature_variants/matrixReduction_serial_N_9.c,3,729,7,0,1,0,1,0,0,0,0,0,0,1,2,1,16,8,2,0,0,0,3,0,0,0.000002958,0.028441820,0.000710,0.000786,3.136789,0.000075,0.000144,3.001683
0,/home/capc1/ProfitabilityTool-new-27-07-26/ProfitabilityTool/capc_dataset_work_RyrnQw/feature_variants/matrixReduction_serial_N_10.c,3,1000,7,0,1,0,1,0,0,0,0,0,0,1,2,1,16,8,2,0,0,0,3,0,0,0.000005394,0.028388400,0.000694,0.000769,3.042268,0.000086,0.000162,3.126441
0,/home/capc1/ProfitabilityTool-new-27-07-26/ProfitabilityTool/capc_dataset_work_RyrnQw/feature_variants/matrixReduction_serial_N_11.c,3,1331,7,0,1,0,1,0,0,0,0,0,0,1,2,1,16,8,2,0,0,0,3,0,0,0.000008006,0.037295349,0.000684,0.000763,3.049380,0.000103,0.000197,0.143147
0,/home/capc1/ProfitabilityTool-new-27-07-26/ProfitabilityTool/capc_dataset_work_RyrnQw/feature_variants/matrixReduction_serial_N_12.c,3,1728,7,0,1,0,1,0,0,0,0,0,0,1,2,1,16,8,2,0,0,0,3,0,0,0.000008516,0.028690401,0.000749,0.000831,0.143029,0.000103,0.000193,0.145094
0,/home/capc1/ProfitabilityTool-new-27-07-26/ProfitabilityTool/capc_dataset_work_RyrnQw/feature_variants/matrixReduction_serial_N_13.c,3,2197,7,0,1,0,1,0,0,0,0,0,0,1,2,1,16,8,2,0,0,0,3,0,0,0.000015400,0.026985183,0.001334,0.001525,0.143396,0.000076,0.000159,0.148493
0,/home/capc1/ProfitabilityTool-new-27-07-26/ProfitabilityTool/capc_dataset_work_RyrnQw/feature_variants/matrixReduction_serial_N_14.c,3,2744,7,0,1,0,1,0,0,0,0,0,0,1,2,1,16,8,2,0,0,0,3,0,0,0.000009704,0.027943358,0.000915,0.001034,0.167495,0.000097,0.000189,0.151238
0,/home/capc1/ProfitabilityTool-new-27-07-26/ProfitabilityTool/capc_dataset_work_RyrnQw/feature_variants/matrixReduction_serial_N_15.c,3,3375,7,0,1,0,1,0,0,0,0,0,0,1,2,1,16,8,2,0,0,0,3,0,0,0.000011045,0.027304966,0.000843,0.000943,0.146165,0.000097,0.000188,0.101530
0,/home/capc1/ProfitabilityTool-new-27-07-26/ProfitabilityTool/capc_dataset_work_RyrnQw/feature_variants/matrixReduction_serial_N_16.c,3,4096,7,0,1,0,1,0,0,0,0,0,0,1,2,1,16,8,2,0,0,0,3,0,0,0.000013821,0.027550668,0.000828,0.000927,0.149880,0.000122,0.000219,0.159775
0,/home/capc1/ProfitabilityTool-new-27-07-26/ProfitabilityTool/capc_dataset_work_RyrnQw/feature_variants/matrixReduction_serial_N_17.c,3,4913,7,0,1,0,1,0,0,0,0,0,0,1,2,1,16,8,2,0,0,0,3,0,0,0.000023410,0.025659986,0.000828,0.000927,0.147605,0.000104,0.000192,0.149966
0,/home/capc1/ProfitabilityTool-new-27-07-26/ProfitabilityTool/capc_dataset_work_RyrnQw/feature_variants/matrixReduction_serial_N_18.c,3,5832,7,0,1,0,1,0,0,0,0,0,0,1,2,1,16,8,2,0,0,0,3,0,0,0.000017408,0.027158320,0.000802,0.000899,0.149718,0.000111,0.000209,0.143514
0,/home/capc1/ProfitabilityTool-new-27-07-26/ProfitabilityTool/capc_dataset_work_RyrnQw/feature_variants/matrixReduction_serial_N_19.c,3,6859,7,0,1,0,1,0,0,0,0,0,0,1,2,1,16,8,2,0,0,0,3,0,0,0.000019863,0.026789311,0.000812,0.000921,0.141675,0.000106,0.000199,0.148541
0,/home/capc1/ProfitabilityTool-new-27-07-26/ProfitabilityTool/capc_dataset_work_RyrnQw/feature_variants/matrixReduction_serial_N_20.c,3,8000,7,0,1,0,1,0,0,0,0,0,0,1,2,1,16,8,2,0,0,0,3,0,0,0.000019424,0.026205935,0.000796,0.000894,0.143401,0.000093,0.000176,0.166434
0,/home/capc1/ProfitabilityTool-new-27-07-26/ProfitabilityTool/capc_dataset_work_RyrnQw/feature_variants/matrixReduction_serial_N_21.c,3,9261,7,0,1,0,1,0,0,0,0,0,0,1,2,1,16,8,2,0,0,0,3,0,0,0.000024758,0.028098602,0.000916,0.001039,0.153761,0.000112,0.000212,0.157064
0,/home/capc1/ProfitabilityTool-new-27-07-26/ProfitabilityTool/capc_dataset_work_RyrnQw/feature_variants/matrixReduction_serial_N_22.c,3,10648,7,0,1,0,1,0,0,0,0,0,0,1,2,1,16,8,2,0,0,0,3,0,0,0.000018995,0.027563684,0.000805,0.000905,0.149658,0.000111,0.000209,0.176281
0,/home/capc1/ProfitabilityTool-new-27-07-26/ProfitabilityTool/capc_dataset_work_RyrnQw/feature_variants/matrixReduction_serial_N_23.c,3,12167,7,0,1,0,1,0,0,0,0,0,0,1,2,1,16,8,2,0,0,0,3,0,0,0.000029493,0.026692957,0.000882,0.000977,0.148184,0.000091,0.000177,0.146253
0,/home/capc1/ProfitabilityTool-new-27-07-26/ProfitabilityTool/capc_dataset_work_RyrnQw/feature_variants/matrixReduction_serial_N_24.c,3,13824,7,0,1,0,1,0,0,0,0,0,0,1,2,1,16,8,2,0,0,0,3,0,0,0.000035871,0.038245436,0.000796,0.000896,0.152818,0.000103,0.000198,0.146531
0,/home/capc1/ProfitabilityTool-new-27-07-26/ProfitabilityTool/capc_dataset_work_RyrnQw/feature_variants/matrixReduction_serial_N_25.c,3,15625,7,0,1,0,1,0,0,0,0,0,0,1,2,1,16,8,2,0,0,0,3,0,0,0.000039231,0.028717045,0.000849,0.000950,0.149911,0.000099,0.000189,0.150324
0,/home/capc1/ProfitabilityTool-new-27-07-26/ProfitabilityTool/capc_dataset_work_RyrnQw/feature_variants/matrixReduction_serial_N_26.c,3,17576,7,0,1,0,1,0,0,0,0,0,0,1,2,1,16,8,2,0,0,0,3,0,0,0.000043467,0.026395664,0.000928,0.001034,0.124922,0.000187,0.000331,0.138332
0,/home/capc1/ProfitabilityTool-new-27-07-26/ProfitabilityTool/capc_dataset_work_RyrnQw/feature_variants/matrixReduction_serial_N_27.c,3,19683,7,0,1,0,1,0,0,0,0,0,0,1,2,1,16,8,2,0,0,0,3,0,0,0.000032827,0.027999558,0.000707,0.000790,0.142791,0.000105,0.000199,0.146722
0,/home/capc1/ProfitabilityTool-new-27-07-26/ProfitabilityTool/capc_dataset_work_RyrnQw/feature_variants/matrixReduction_serial_N_28.c,3,21952,7,0,1,0,1,0,0,0,0,0,0,1,2,1,16,8,2,0,0,0,3,0,0,0.000055213,0.045995969,0.000837,0.000954,0.139989,0.000130,0.000253,0.155459
0,/home/capc1/ProfitabilityTool-new-27-07-26/ProfitabilityTool/capc_dataset_work_RyrnQw/feature_variants/matrixReduction_serial_N_29.c,3,24389,7,0,1,0,1,0,0,0,0,0,0,1,2,1,16,8,2,0,0,0,3,0,0,0.000056859,0.027759545,0.000838,0.000949,0.139572,0.000112,0.000218,0.146796
0,/home/capc1/ProfitabilityTool-new-27-07-26/ProfitabilityTool/capc_dataset_work_RyrnQw/feature_variants/matrixReduction_serial_N_30.c,3,27000,7,0,1,0,1,0,0,0,0,0,0,1,2,1,16,8,2,0,0,0,3,0,0,0.000057627,0.041922718,0.000803,0.000913,0.140600,0.000136,0.000259,0.176285
0,/home/capc1/ProfitabilityTool-new-27-07-26/ProfitabilityTool/capc_dataset_work_RyrnQw/feature_variants/matrixReduction_serial_N_31.c,3,29791,7,0,1,0,1,0,0,0,0,0,0,1,2,1,16,8,2,0,0,0,3,0,0,0.000059642,0.034191132,0.000935,0.001067,0.177485,0.000090,0.000172,0.175794
0,/home/capc1/ProfitabilityTool-new-27-07-26/ProfitabilityTool/capc_dataset_work_RyrnQw/feature_variants/matrixReduction_serial_N_32.c,3,32768,7,0,1,0,1,0,0,0,0,0,0,1,2,1,16,8,2,0,0,0,3,0,0,0.000091635,0.027099803,0.000719,0.000817,0.146070,0.000133,0.000257,0.151538
0,/home/capc1/ProfitabilityTool-new-27-07-26/ProfitabilityTool/capc_dataset_work_RyrnQw/feature_variants/matrixReduction_serial_N_33.c,3,35937,7,0,1,0,1,0,0,0,0,0,0,1,2,1,16,8,2,0,0,0,3,0,0,0.000090104,0.033977751,0.000797,0.000905,0.146391,0.000116,0.000226,0.165979
0,/home/capc1/ProfitabilityTool-new-27-07-26/ProfitabilityTool/capc_dataset_work_RyrnQw/feature_variants/matrixReduction_serial_N_34.c,3,39304,7,0,1,0,1,0,0,0,0,0,0,1,2,1,16,8,2,0,0,0,3,0,0,0.000109393,0.027139194,0.000830,0.000942,0.147624,0.000103,0.000204,0.194940
0,/home/capc1/ProfitabilityTool-new-27-07-26/ProfitabilityTool/capc_dataset_work_RyrnQw/feature_variants/matrixReduction_serial_N_35.c,3,42875,7,0,1,0,1,0,0,0,0,0,0,1,2,1,16,8,2,0,0,0,3,0,0,0.000130013,0.028136559,0.000838,0.000953,0.150470,0.000094,0.000188,0.154415
0,/home/capc1/ProfitabilityTool-new-27-07-26/ProfitabilityTool/capc_dataset_work_RyrnQw/feature_variants/matrixReduction_serial_N_36.c,3,46656,7,0,1,0,1,0,0,0,0,0,0,1,2,1,16,8,2,0,0,0,3,0,0,0.000129078,0.027388237,0.001205,0.001311,0.158871,0.000092,0.000183,0.149641
0,/home/capc1/ProfitabilityTool-new-27-07-26/ProfitabilityTool/capc_dataset_work_RyrnQw/feature_variants/matrixReduction_serial_N_37.c,3,50653,7,0,1,0,1,0,0,0,0,0,0,1,2,1,16,8,2,0,0,0,3,0,0,0.000137936,0.027022462,0.000708,0.000808,3.072206,0.000089,0.000185,3.131501
0,/home/capc1/ProfitabilityTool-new-27-07-26/ProfitabilityTool/capc_dataset_work_RyrnQw/feature_variants/matrixReduction_serial_N_38.c,3,54872,7,0,1,0,1,0,0,0,0,0,0,1,2,1,16,8,2,0,0,0,3,0,0,0.000149623,0.029417794,0.000691,0.000788,3.216949,0.000087,0.000186,3.141866
0,/home/capc1/ProfitabilityTool-new-27-07-26/ProfitabilityTool/capc_dataset_work_RyrnQw/feature_variants/matrixReduction_serial_N_39.c,3,59319,7,0,1,0,1,0,0,0,0,0,0,1,2,1,16,8,2,0,0,0,3,0,0,0.000166733,0.027572025,0.000702,0.000805,3.019260,0.000087,0.000183,3.044073
0,/home/capc1/ProfitabilityTool-new-27-07-26/ProfitabilityTool/capc_dataset_work_RyrnQw/feature_variants/matrixReduction_serial_N_40.c,3,64000,7,0,1,0,1,0,0,0,0,0,0,1,2,1,16,8,2,0,0,0,3,0,0,0.000093695,0.009266865,0.000688,0.000797,3.117778,0.000086,0.000182,3.088096
0,/home/capc1/ProfitabilityTool-new-27-07-26/ProfitabilityTool/capc_dataset_work_RyrnQw/feature_variants/matrixReduction_serial_N_41.c,3,68921,7,0,1,0,1,0,0,0,0,0,0,1,2,1,16,8,2,0,0,0,3,0,0,0.000174765,0.028053805,0.000701,0.000811,3.017854,0.000087,0.000188,3.102695
0,/home/capc1/ProfitabilityTool-new-27-07-26/ProfitabilityTool/capc_dataset_work_RyrnQw/feature_variants/matrixReduction_serial_N_42.c,3,74088,7,0,1,0,1,0,0,0,0,0,0,1,2,1,16,8,2,0,0,0,3,0,0,0.000224460,0.027964454,0.000686,0.000788,3.018900,0.000087,0.000186,2.966966
0,/home/capc1/ProfitabilityTool-new-27-07-26/ProfitabilityTool/capc_dataset_work_RyrnQw/feature_variants/matrixReduction_serial_N_43.c,3,79507,7,0,1,0,1,0,0,0,0,0,0,1,2,1,16,8,2,0,0,0,3,0,0,0.000218224,0.027664501,0.000691,0.000795,3.185048,0.000090,0.000199,3.009347
0,/home/capc1/ProfitabilityTool-new-27-07-26/ProfitabilityTool/capc_dataset_work_RyrnQw/feature_variants/matrixReduction_serial_N_44.c,3,85184,7,0,1,0,1,0,0,0,0,0,0,1,2,1,16,8,2,0,0,0,3,0,0,0.000245642,0.026798088,0.000853,0.000958,3.092101,0.000087,0.000189,3.067164
0,/home/capc1/ProfitabilityTool-new-27-07-26/ProfitabilityTool/capc_dataset_work_RyrnQw/feature_variants/matrixReduction_serial_N_45.c,3,91125,7,0,1,0,1,0,0,0,0,0,0,1,2,1,16,8,2,0,0,0,3,0,0,0.000262085,0.033421960,0.000703,0.000811,2.974765,0.000088,0.000194,3.021002
0,/home/capc1/ProfitabilityTool-new-27-07-26/ProfitabilityTool/capc_dataset_work_RyrnQw/feature_variants/matrixReduction_serial_N_46.c,3,97336,7,0,1,0,1,0,0,0,0,0,0,1,2,1,16,8,2,0,0,0,3,0,0,0.000273153,0.026197709,0.000713,0.000822,3.148510,0.000100,0.000207,3.133346
0,/home/capc1/ProfitabilityTool-new-27-07-26/ProfitabilityTool/capc_dataset_work_RyrnQw/feature_variants/matrixReduction_serial_N_47.c,3,103823,7,0,1,0,1,0,0,0,0,0,0,1,2,1,16,8,2,0,0,0,3,0,0,0.000126600,0.026652921,0.001198,0.001356,2.993009,0.000097,0.000210,3.034624
0,/home/capc1/ProfitabilityTool-new-27-07-26/ProfitabilityTool/capc_dataset_work_RyrnQw/feature_variants/matrixReduction_serial_N_48.c,3,110592,7,0,1,0,1,0,0,0,0,0,0,1,2,1,16,8,2,0,0,0,3,0,0,0.000147071,0.026409861,0.000689,0.000803,3.093075,0.000083,0.000203,3.199041
0,/home/capc1/ProfitabilityTool-new-27-07-26/ProfitabilityTool/capc_dataset_work_RyrnQw/feature_variants/matrixReduction_serial_N_49.c,3,117649,7,0,1,0,1,0,0,0,0,0,0,1,2,1,16,8,2,0,0,0,3,0,0,0.000137415,0.027856268,0.000699,0.000814,3.144730,0.000081,0.000192,3.037843
0,/home/capc1/ProfitabilityTool-new-27-07-26/ProfitabilityTool/capc_dataset_work_RyrnQw/feature_variants/matrixReduction_serial_N_50.c,3,125000,7,0,1,0,1,0,0,0,0,0,0,1,2,1,16,8,2,0,0,0,3,0,0,0.000348393,0.031584952,0.000689,0.000803,3.013909,0.000081,0.000196,3.040650
0,/home/capc1/ProfitabilityTool-new-27-07-26/ProfitabilityTool/capc_dataset_work_RyrnQw/feature_variants/matrixReduction_serial_N_51.c,3,132651,7,0,1,0,1,0,0,0,0,0,0,1,2,1,16,8,2,0,0,0,3,0,0,0.000156771,0.028291907,0.000701,0.000819,2.948502,0.000082,0.000201,3.028586
0,/home/capc1/ProfitabilityTool-new-27-07-26/ProfitabilityTool/capc_dataset_work_RyrnQw/feature_variants/matrixReduction_serial_N_52.c,3,140608,7,0,1,0,1,0,0,0,0,0,0,1,2,1,16,8,2,0,0,0,3,0,0,0.000396371,0.026409414,0.000711,0.000855,3.104509,0.000082,0.000206,3.107859
0,/home/capc1/ProfitabilityTool-new-27-07-26/ProfitabilityTool/capc_dataset_work_RyrnQw/feature_variants/matrixReduction_serial_N_53.c,3,148877,7,0,1,0,1,0,0,0,0,0,0,1,2,1,16,8,2,0,0,0,3,0,0,0.000433572,0.028185345,0.000698,0.000818,2.979441,0.000081,0.000198,3.032968
0,/home/capc1/ProfitabilityTool-new-27-07-26/ProfitabilityTool/capc_dataset_work_RyrnQw/feature_variants/matrixReduction_serial_N_54.c,3,157464,7,0,1,0,1,0,0,0,0,0,0,1,2,1,16,8,2,0,0,0,3,0,0,0.000440262,0.028177306,0.000743,0.000881,3.175078,0.000083,0.000210,3.059409
0,/home/capc1/ProfitabilityTool-new-27-07-26/ProfitabilityTool/capc_dataset_work_RyrnQw/feature_variants/matrixReduction_serial_N_55.c,3,166375,7,0,1,0,1,0,0,0,0,0,0,1,2,1,16,8,2,0,0,0,3,0,0,0.000478044,0.027239826,0.000700,0.000824,3.104725,0.000082,0.000205,2.940598
0,/home/capc1/ProfitabilityTool-new-27-07-26/ProfitabilityTool/capc_dataset_work_RyrnQw/feature_variants/matrixReduction_serial_N_56.c,3,175616,7,0,1,0,1,0,0,0,0,0,0,1,2,1,16,8,2,0,0,0,3,0,0,0.000207469,0.026230991,0.000696,0.000819,3.201610,0.000085,0.000210,3.025096
0,/home/capc1/ProfitabilityTool-new-27-07-26/ProfitabilityTool/capc_dataset_work_RyrnQw/feature_variants/matrixReduction_serial_N_57.c,3,185193,7,0,1,0,1,0,0,0,0,0,0,1,2,1,16,8,2,0,0,0,3,0,0,0.000513591,0.042534903,0.000715,0.000852,3.085290,0.000083,0.000207,3.085128
0,/home/capc1/ProfitabilityTool-new-27-07-26/ProfitabilityTool/capc_dataset_work_RyrnQw/feature_variants/matrixReduction_serial_N_58.c,3,195112,7,0,1,0,1,0,0,0,0,0,0,1,2,1,16,8,2,0,0,0,3,0,0,0.000546299,0.027669366,0.000688,0.000817,3.191603,0.000086,0.000217,3.138157
0,/home/capc1/ProfitabilityTool-new-27-07-26/ProfitabilityTool/capc_dataset_work_RyrnQw/feature_variants/matrixReduction_serial_N_59.c,3,205379,7,0,1,0,1,0,0,0,0,0,0,1,2,1,16,8,2,0,0,0,3,0,0,0.000589490,0.027891986,0.000686,0.000820,3.183703,0.000085,0.000214,3.164793
0,/home/capc1/ProfitabilityTool-new-27-07-26/ProfitabilityTool/capc_dataset_work_RyrnQw/feature_variants/matrixReduction_serial_N_60.c,3,216000,7,0,1,0,1,0,0,0,0,0,0,1,2,1,16,8,2,0,0,0,3,0,0,0.000625663,0.020518236,0.000704,0.000838,3.126443,0.000088,0.000226,3.014187
0,/home/capc1/ProfitabilityTool-new-27-07-26/ProfitabilityTool/capc_dataset_work_RyrnQw/feature_variants/matrixReduction_serial_N_61.c,3,226981,7,0,1,0,1,0,0,0,0,0,0,1,2,1,16,8,2,0,0,0,3,0,0,0.000654798,0.026574582,0.000707,0.000855,3.062212,0.000084,0.000219,3.142856
0,/home/capc1/ProfitabilityTool-new-27-07-26/ProfitabilityTool/capc_dataset_work_RyrnQw/feature_variants/matrixReduction_serial_N_62.c,3,238328,7,0,1,0,1,0,0,0,0,0,0,1,2,1,16,8,2,0,0,0,3,0,0,0.000669710,0.027976472,0.000703,0.000843,3.162547,0.000092,0.000238,3.150907
0,/home/capc1/ProfitabilityTool-new-27-07-26/ProfitabilityTool/capc_dataset_work_RyrnQw/feature_variants/matrixReduction_serial_N_63.c,3,250047,7,0,1,0,1,0,0,0,0,0,0,1,2,1,16,8,2,0,0,0,3,0,0,0.000718877,0.030145548,0.000696,0.000841,3.191440,0.000083,0.000222,3.049784
0,/home/capc1/ProfitabilityTool-new-27-07-26/ProfitabilityTool/capc_dataset_work_RyrnQw/feature_variants/matrixReduction_serial_N_64.c,3,262144,7,0,1,0,1,0,0,0,0,0,0,1,2,1,16,8,2,0,0,0,3,0,0,0.000868738,0.033214279,0.000723,0.000870,3.155075,0.000084,0.000224,3.118922
0,/home/capc1/ProfitabilityTool-new-27-07-26/ProfitabilityTool/capc_dataset_work_RyrnQw/feature_variants/matrixReduction_serial_N_65.c,3,274625,7,0,1,0,1,0,0,0,0,0,0,1,2,1,16,8,2,0,0,0,3,0,0,0.000803225,0.026704114,0.000727,0.000880,3.123538,0.000093,0.000245,3.049813
0,/home/capc1/ProfitabilityTool-new-27-07-26/ProfitabilityTool/capc_dataset_work_RyrnQw/feature_variants/matrixReduction_serial_N_66.c,3,287496,7,0,1,0,1,0,0,0,0,0,0,1,2,1,16,8,2,0,0,0,3,0,0,0.000703007,0.027964327,0.000696,0.000857,2.994147,0.000086,0.000232,2.989290
0,/home/capc1/ProfitabilityTool-new-27-07-26/ProfitabilityTool/capc_dataset_work_RyrnQw/feature_variants/matrixReduction_serial_N_67.c,3,300763,7,0,1,0,1,0,0,0,0,0,0,1,2,1,16,8,2,0,0,0,3,0,0,0.000916038,0.031103633,0.000707,0.000888,2.985752,0.000085,0.000237,2.989469
0,/home/capc1/ProfitabilityTool-new-27-07-26/ProfitabilityTool/capc_dataset_work_RyrnQw/feature_variants/matrixReduction_serial_N_68.c,3,314432,7,0,1,0,1,0,0,0,0,0,0,1,2,1,16,8,2,0,0,0,3,0,0,0.000838079,0.028276123,0.000690,0.000848,3.155587,0.000086,0.000234,3.124819
0,/home/capc1/ProfitabilityTool-new-27-07-26/ProfitabilityTool/capc_dataset_work_RyrnQw/feature_variants/matrixReduction_serial_N_69.c,3,328509,7,0,1,0,1,0,0,0,0,0,0,1,2,1,16,8,2,0,0,0,3,0,0,0.000870593,0.030017775,0.000716,0.000880,3.154437,0.000087,0.000241,3.031188
0,/home/capc1/ProfitabilityTool-new-27-07-26/ProfitabilityTool/capc_dataset_work_RyrnQw/feature_variants/matrixReduction_serial_N_70.c,3,343000,7,0,1,0,1,0,0,0,0,0,0,1,2,1,16,8,2,0,0,0,3,0,0,0.000898626,0.028012548,0.000725,0.000885,2.998812,0.000084,0.000237,3.131923
0,/home/capc1/ProfitabilityTool-new-27-07-26/ProfitabilityTool/capc_dataset_work_RyrnQw/feature_variants/matrixReduction_serial_N_71.c,3,357911,7,0,1,0,1,0,0,0,0,0,0,1,2,1,16,8,2,0,0,0,3,0,0,0.001036808,0.030782431,0.000700,0.000860,3.100393,0.000091,0.000277,3.172895
0,/home/capc1/ProfitabilityTool-new-27-07-26/ProfitabilityTool/capc_dataset_work_RyrnQw/feature_variants/matrixReduction_serial_N_72.c,3,373248,7,0,1,0,1,0,0,0,0,0,0,1,2,1,16,8,2,0,0,0,3,0,0,0.001090523,0.018928975,0.000702,0.000868,3.050817,0.000088,0.000258,3.150336
0,/home/capc1/ProfitabilityTool-new-27-07-26/ProfitabilityTool/capc_dataset_work_RyrnQw/feature_variants/matrixReduction_serial_N_73.c,3,389017,7,0,1,0,1,0,0,0,0,0,0,1,2,1,16,8,2,0,0,0,3,0,0,0.001132682,0.028607320,0.000704,0.000876,3.068746,0.000088,0.000250,2.960480
0,/home/capc1/ProfitabilityTool-new-27-07-26/ProfitabilityTool/capc_dataset_work_RyrnQw/feature_variants/matrixReduction_serial_N_74.c,3,405224,7,0,1,0,1,0,0,0,0,0,0,1,2,1,16,8,2,0,0,0,3,0,0,0.000554509,0.031742964,0.000681,0.000856,2.901333,0.000087,0.000253,3.084142
0,/home/capc1/ProfitabilityTool-new-27-07-26/ProfitabilityTool/capc_dataset_work_RyrnQw/feature_variants/matrixReduction_serial_N_75.c,3,421875,7,0,1,0,1,0,0,0,0,0,0,1,2,1,16,8,2,0,0,0,3,0,0,0.001302052,0.029075079,0.000696,0.000870,3.158668,0.000093,0.000262,2.909306
0,/home/capc1/ProfitabilityTool-new-27-07-26/ProfitabilityTool/capc_dataset_work_RyrnQw/feature_variants/matrixReduction_serial_N_76.c,3,438976,7,0,1,0,1,0,0,0,0,0,0,1,2,1,16,8,2,0,0,0,3,0,0,0.001367085,0.035233743,0.000695,0.000872,3.191278,0.000089,0.000263,3.199165
0,/home/capc1/ProfitabilityTool-new-27-07-26/ProfitabilityTool/capc_dataset_work_RyrnQw/feature_variants/matrixReduction_serial_N_77.c,3,456533,7,0,1,0,1,0,0,0,0,0,0,1,2,1,16,8,2,0,0,0,3,0,0,0.001415759,0.028708626,0.000704,0.000892,2.984623,0.000090,0.000267,3.037796
0,/home/capc1/ProfitabilityTool-new-27-07-26/ProfitabilityTool/capc_dataset_work_RyrnQw/feature_variants/matrixReduction_serial_N_78.c,3,474552,7,0,1,0,1,0,0,0,0,0,0,1,2,1,16,8,2,0,0,0,3,0,0,0.000688199,0.027831685,0.000696,0.000887,3.065248,0.000101,0.000285,3.089959
0,/home/capc1/ProfitabilityTool-new-27-07-26/ProfitabilityTool/capc_dataset_work_RyrnQw/feature_variants/matrixReduction_serial_N_79.c,3,493039,7,0,1,0,1,0,0,0,0,0,0,1,2,1,16,8,2,0,0,0,3,0,0,0.001525458,0.028328419,0.000687,0.000878,3.015755,0.000088,0.000267,3.090187
0,/home/capc1/ProfitabilityTool-new-27-07-26/ProfitabilityTool/capc_dataset_work_RyrnQw/feature_variants/matrixReduction_serial_N_80.c,3,512000,7,0,1,0,1,0,0,0,0,0,0,1,2,1,16,8,2,0,0,0,3,0,0,0.001588460,0.028068762,0.000700,0.000884,3.021492,0.000095,0.000300,3.090767
0,/home/capc1/ProfitabilityTool-new-27-07-26/ProfitabilityTool/capc_dataset_work_RyrnQw/feature_variants/matrixReduction_serial_N_81.c,3,531441,7,0,1,0,1,0,0,0,0,0,0,1,2,1,16,8,2,0,0,0,3,0,0,0.001676571,0.024358779,0.000702,0.000917,3.018831,0.000089,0.000277,3.176234
0,/home/capc1/ProfitabilityTool-new-27-07-26/ProfitabilityTool/capc_dataset_work_RyrnQw/feature_variants/matrixReduction_serial_N_82.c,3,551368,7,0,1,0,1,0,0,0,0,0,0,1,2,1,16,8,2,0,0,0,3,0,0,0.000600006,0.026457779,0.001089,0.001284,3.126600,0.000090,0.000277,2.999410
0,/home/capc1/ProfitabilityTool-new-27-07-26/ProfitabilityTool/capc_dataset_work_RyrnQw/feature_variants/matrixReduction_serial_N_83.c,3,571787,7,0,1,0,1,0,0,0,0,0,0,1,2,1,16,8,2,0,0,0,3,0,0,0.001846071,0.027715016,0.000696,0.000899,3.133185,0.000091,0.000279,3.007812
0,/home/capc1/ProfitabilityTool-new-27-07-26/ProfitabilityTool/capc_dataset_work_RyrnQw/feature_variants/matrixReduction_serial_N_84.c,3,592704,7,0,1,0,1,0,0,0,0,0,0,1,2,1,16,8,2,0,0,0,3,0,0,0.001906812,0.031085692,0.000703,0.000894,3.071566,0.000109,0.000309,2.974698
0,/home/capc1/ProfitabilityTool-new-27-07-26/ProfitabilityTool/capc_dataset_work_RyrnQw/feature_variants/matrixReduction_serial_N_85.c,3,614125,7,0,1,0,1,0,0,0,0,0,0,1,2,1,16,8,2,0,0,0,3,0,0,0.001966123,0.027655270,0.000721,0.000929,3.112082,0.000093,0.000293,3.055915
0,/home/capc1/ProfitabilityTool-new-27-07-26/ProfitabilityTool/capc_dataset_work_RyrnQw/feature_variants/matrixReduction_serial_N_86.c,3,636056,7,0,1,0,1,0,0,0,0,0,0,1,2,1,16,8,2,0,0,0,3,0,0,0.002003383,0.028151520,0.000690,0.000895,3.052637,0.000095,0.000292,3.031969
0,/home/capc1/ProfitabilityTool-new-27-07-26/ProfitabilityTool/capc_dataset_work_RyrnQw/feature_variants/matrixReduction_serial_N_87.c,3,658503,7,0,1,0,1,0,0,0,0,0,0,1,2,1,16,8,2,0,0,0,3,0,0,0.002095949,0.026345972,0.000697,0.000918,3.244152,0.000093,0.000303,3.057385
0,/home/capc1/ProfitabilityTool-new-27-07-26/ProfitabilityTool/capc_dataset_work_RyrnQw/feature_variants/matrixReduction_serial_N_88.c,3,681472,7,0,1,0,1,0,0,0,0,0,0,1,2,1,16,8,2,0,0,0,3,0,0,0.000807207,0.027960844,0.000685,0.000891,3.191299,0.000098,0.000311,3.232284
0,/home/capc1/ProfitabilityTool-new-27-07-26/ProfitabilityTool/capc_dataset_work_RyrnQw/feature_variants/matrixReduction_serial_N_89.c,3,704969,7,0,1,0,1,0,0,0,0,0,0,1,2,1,16,8,2,0,0,0,3,0,0,0.002290260,0.027796429,0.000713,0.000932,3.088788,0.000095,0.000305,3.098093
0,/home/capc1/ProfitabilityTool-new-27-07-26/ProfitabilityTool/capc_dataset_work_RyrnQw/feature_variants/matrixReduction_serial_N_90.c,3,729000,7,0,1,0,1,0,0,0,0,0,0,1,2,1,16,8,2,0,0,0,3,0,0,0.002325878,0.028415319,0.000726,0.000948,3.100764,0.000096,0.000309,3.027256
0,/home/capc1/ProfitabilityTool-new-27-07-26/ProfitabilityTool/capc_dataset_work_RyrnQw/feature_variants/matrixReduction_serial_N_91.c,3,753571,7,0,1,0,1,0,0,0,0,0,0,1,2,1,16,8,2,0,0,0,3,0,0,0.002411664,0.027918343,0.000720,0.000935,3.017347,0.000098,0.000302,3.029515
0,/home/capc1/ProfitabilityTool-new-27-07-26/ProfitabilityTool/capc_dataset_work_RyrnQw/feature_variants/matrixReduction_serial_N_92.c,3,778688,7,0,1,0,1,0,0,0,0,0,0,1,2,1,16,8,2,0,0,0,3,0,0,0.002424333,0.027833804,0.000699,0.000908,3.069542,0.000101,0.000319,3.195079
0,/home/capc1/ProfitabilityTool-new-27-07-26/ProfitabilityTool/capc_dataset_work_RyrnQw/feature_variants/matrixReduction_serial_N_93.c,3,804357,7,0,1,0,1,0,0,0,0,0,0,1,2,1,16,8,2,0,0,0,3,0,0,0.002520431,0.028292317,0.000696,0.000933,3.016448,0.000098,0.000312,3.130894
0,/home/capc1/ProfitabilityTool-new-27-07-26/ProfitabilityTool/capc_dataset_work_RyrnQw/feature_variants/matrixReduction_serial_N_94.c,3,830584,7,0,1,0,1,0,0,0,0,0,0,1,2,1,16,8,2,0,0,0,3,0,0,0.002080616,0.029761970,0.000700,0.000920,3.067621,0.000109,0.000344,3.021178
0,/home/capc1/ProfitabilityTool-new-27-07-26/ProfitabilityTool/capc_dataset_work_RyrnQw/feature_variants/matrixReduction_serial_N_95.c,3,857375,7,0,1,0,1,0,0,0,0,0,0,1,2,1,16,8,2,0,0,0,3,0,0,0.002813756,0.027844809,0.000724,0.000947,2.923125,0.000099,0.000320,3.033041
0,/home/capc1/ProfitabilityTool-new-27-07-26/ProfitabilityTool/capc_dataset_work_RyrnQw/feature_variants/matrixReduction_serial_N_96.c,3,884736,7,0,1,0,1,0,0,0,0,0,0,1,2,1,16,8,2,0,0,0,3,0,0,0.002642710,0.027667966,0.000719,0.000949,3.125438,0.000104,0.000327,3.046658
0,/home/capc1/ProfitabilityTool-new-27-07-26/ProfitabilityTool/capc_dataset_work_RyrnQw/feature_variants/matrixReduction_serial_N_97.c,3,912673,7,0,1,0,1,0,0,0,0,0,0,1,2,1,16,8,2,0,0,0,3,0,0,0.003046140,0.033199023,0.000711,0.000953,3.163576,0.000104,0.000329,3.115815
0,/home/capc1/ProfitabilityTool-new-27-07-26/ProfitabilityTool/capc_dataset_work_RyrnQw/feature_variants/matrixReduction_serial_N_98.c,3,941192,7,0,1,0,1,0,0,0,0,0,0,1,2,1,16,8,2,0,0,0,3,0,0,0.001349356,0.027709834,0.000708,0.000942,3.068058,0.000103,0.000337,3.273662
0,/home/capc1/ProfitabilityTool-new-27-07-26/ProfitabilityTool/capc_dataset_work_RyrnQw/feature_variants/matrixReduction_serial_N_99.c,3,970299,7,0,1,0,1,0,0,0,0,0,0,1,2,1,16,8,2,0,0,0,3,0,0,0.003194652,0.028511278,0.000691,0.000922,3.093398,0.000102,0.000331,3.128970
0,/home/capc1/ProfitabilityTool-new-27-07-26/ProfitabilityTool/capc_dataset_work_RyrnQw/feature_variants/matrixReduction_serial_N_100.c,3,1000000,7,0,1,0,1,0,0,0,0,0,0,1,2,1,16,8,2,0,0,0,3,0,0,0.003333528,0.028241899,0.000700,0.000937,3.018881,0.000107,0.000350,3.055087
0,/home/capc1/ProfitabilityTool-new-27-07-26/ProfitabilityTool/capc_dataset_work_RyrnQw/feature_variants/matrixReduction_serial_N_101.c,3,1030301,7,0,1,0,1,0,0,0,0,0,0,1,2,1,16,8,2,0,0,0,3,0,0,0.003447462,0.027842976,0.000732,0.000983,3.062177,0.000105,0.000356,2.990523
0,/home/capc1/ProfitabilityTool-new-27-07-26/ProfitabilityTool/capc_dataset_work_RyrnQw/feature_variants/matrixReduction_serial_N_102.c,3,1061208,7,0,1,0,1,0,0,0,0,0,0,1,2,1,16,8,2,0,0,0,3,0,0,0.001457781,0.028896652,0.000702,0.000942,3.040244,0.000106,0.000349,3.100147
0,/home/capc1/ProfitabilityTool-new-27-07-26/ProfitabilityTool/capc_dataset_work_RyrnQw/feature_variants/matrixReduction_serial_N_103.c,3,1092727,7,0,1,0,1,0,0,0,0,0,0,1,2,1,16,8,2,0,0,0,3,0,0,0.003624182,0.029832806,0.000707,0.000955,2.967567,0.000111,0.000355,3.170352
0,/home/capc1/ProfitabilityTool-new-27-07-26/ProfitabilityTool/capc_dataset_work_RyrnQw/feature_variants/matrixReduction_serial_N_104.c,3,1124864,7,0,1,0,1,0,0,0,0,0,0,1,2,1,16,8,2,0,0,0,3,0,0,0.001551941,0.025852211,0.000718,0.000972,3.015036,0.000107,0.000351,2.927373
0,/home/capc1/ProfitabilityTool-new-27-07-26/ProfitabilityTool/capc_dataset_work_RyrnQw/feature_variants/matrixReduction_serial_N_105.c,3,1157625,7,0,1,0,1,0,0,0,0,0,0,1,2,1,16,8,2,0,0,0,3,0,0,0.003843833,0.028380215,0.000718,0.000977,3.070697,0.000118,0.000375,3.063598
0,/home/capc1/ProfitabilityTool-new-27-07-26/ProfitabilityTool/capc_dataset_work_RyrnQw/feature_variants/matrixReduction_serial_N_106.c,3,1191016,7,0,1,0,1,0,0,0,0,0,0,1,2,1,16,8,2,0,0,0,3,0,0,0.004025586,0.029623952,0.000728,0.000988,3.200060,0.000109,0.000367,3.113908
0,/home/capc1/ProfitabilityTool-new-27-07-26/ProfitabilityTool/capc_dataset_work_RyrnQw/feature_variants/matrixReduction_serial_N_107.c,3,1225043,7,0,1,0,1,0,0,0,0,0,0,1,2,1,16,8,2,0,0,0,3,0,0,0.004144531,0.027654521,0.000713,0.000971,3.090860,0.000107,0.000362,3.172281
0,/home/capc1/ProfitabilityTool-new-27-07-26/ProfitabilityTool/capc_dataset_work_RyrnQw/feature_variants/matrixReduction_serial_N_108.c,3,1259712,7,0,1,0,1,0,0,0,0,0,0,1,2,1,16,8,2,0,0,0,3,0,0,0.004327577,0.027690507,0.000708,0.000964,3.159247,0.000111,0.000372,3.145774
0,/home/capc1/ProfitabilityTool-new-27-07-26/ProfitabilityTool/capc_dataset_work_RyrnQw/feature_variants/matrixReduction_serial_N_109.c,3,1295029,7,0,1,0,1,0,0,0,0,0,0,1,2,1,16,8,2,0,0,0,3,0,0,0.004404601,0.026751656,0.000752,0.001046,3.066421,0.000117,0.000404,3.080859
0,/home/capc1/ProfitabilityTool-new-27-07-26/ProfitabilityTool/capc_dataset_work_RyrnQw/feature_variants/matrixReduction_serial_N_110.c,3,1331000,7,0,1,0,1,0,0,0,0,0,0,1,2,1,16,8,2,0,0,0,3,0,0,0.004540559,0.028518576,0.000701,0.000973,3.018395,0.000115,0.000400,3.055757
0,/home/capc1/ProfitabilityTool-new-27-07-26/ProfitabilityTool/capc_dataset_work_RyrnQw/feature_variants/matrixReduction_serial_N_111.c,3,1367631,7,0,1,0,1,0,0,0,0,0,0,1,2,1,16,8,2,0,0,0,3,0,0,0.004703019,0.027872186,0.000741,0.001051,3.155086,0.000113,0.000389,3.074978
0,/home/capc1/ProfitabilityTool-new-27-07-26/ProfitabilityTool/capc_dataset_work_RyrnQw/feature_variants/matrixReduction_serial_N_112.c,3,1404928,7,0,1,0,1,0,0,0,0,0,0,1,2,1,16,8,2,0,0,0,3,0,0,0.004821394,0.026508365,0.000692,0.000986,3.176866,0.000118,0.000397,3.077345
0,/home/capc1/ProfitabilityTool-new-27-07-26/ProfitabilityTool/capc_dataset_work_RyrnQw/feature_variants/matrixReduction_serial_N_113.c,3,1442897,7,0,1,0,1,0,0,0,0,0,0,1,2,1,16,8,2,0,0,0,3,0,0,0.004466433,0.030156914,0.000717,0.001003,3.158868,0.000117,0.000418,3.212712
0,/home/capc1/ProfitabilityTool-new-27-07-26/ProfitabilityTool/capc_dataset_work_RyrnQw/feature_variants/matrixReduction_serial_N_114.c,3,1481544,7,0,1,0,1,0,0,0,0,0,0,1,2,1,16,8,2,0,0,0,3,0,0,0.005084455,0.031729527,0.001251,0.001865,2.926773,0.000116,0.000394,3.021561
0,/home/capc1/ProfitabilityTool-new-27-07-26/ProfitabilityTool/capc_dataset_work_RyrnQw/feature_variants/matrixReduction_serial_N_115.c,3,1520875,7,0,1,0,1,0,0,0,0,0,0,1,2,1,16,8,2,0,0,0,3,0,0,0.005034093,0.028088052,0.000706,0.000995,3.169569,0.000125,0.000449,3.123016
0,/home/capc1/ProfitabilityTool-new-27-07-26/ProfitabilityTool/capc_dataset_work_RyrnQw/feature_variants/matrixReduction_serial_N_116.c,3,1560896,7,0,1,0,1,0,0,0,0,0,0,1,2,1,16,8,2,0,0,0,3,0,0,0.005229045,0.031167950,0.000737,0.001074,3.117361,0.000120,0.000408,3.175524
0,/home/capc1/ProfitabilityTool-new-27-07-26/ProfitabilityTool/capc_dataset_work_RyrnQw/feature_variants/matrixReduction_serial_N_117.c,3,1601613,7,0,1,0,1,0,0,0,0,0,0,1,2,1,16,8,2,0,0,0,3,0,0,0.002104811,0.027861603,0.000747,0.001072,3.017825,0.000123,0.000421,3.089135
0,/home/capc1/ProfitabilityTool-new-27-07-26/ProfitabilityTool/capc_dataset_work_RyrnQw/feature_variants/matrixReduction_serial_N_118.c,3,1643032,7,0,1,0,1,0,0,0,0,0,0,1,2,1,16,8,2,0,0,0,3,0,0,0.005429897,0.026733864,0.000705,0.000999,3.166095,0.000121,0.000416,3.069654
0,/home/capc1/ProfitabilityTool-new-27-07-26/ProfitabilityTool/capc_dataset_work_RyrnQw/feature_variants/matrixReduction_serial_N_119.c,3,1685159,7,0,1,0,1,0,0,0,0,0,0,1,2,1,16,8,2,0,0,0,3,0,0,0.005813029,0.030483685,0.000706,0.001012,3.018546,0.000124,0.000444,3.000738
0,/home/capc1/ProfitabilityTool-new-27-07-26/ProfitabilityTool/capc_dataset_work_RyrnQw/feature_variants/matrixReduction_serial_N_120.c,3,1728000,7,0,1,0,1,0,0,0,0,0,0,1,2,1,16,8,2,0,0,0,3,0,0,0.005986996,0.028607998,0.000706,0.001010,2.955376,0.000126,0.000434,3.110887
0,/home/capc1/ProfitabilityTool-new-27-07-26/ProfitabilityTool/capc_dataset_work_RyrnQw/feature_variants/matrixReduction_serial_N_121.c,3,1771561,7,0,1,0,1,0,0,0,0,0,0,1,2,1,16,8,2,0,0,0,3,0,0,0.005926494,0.027838953,0.000709,0.001023,2.977524,0.000124,0.000434,3.035006
0,/home/capc1/ProfitabilityTool-new-27-07-26/ProfitabilityTool/capc_dataset_work_RyrnQw/feature_variants/matrixReduction_serial_N_122.c,3,1815848,7,0,1,0,1,0,0,0,0,0,0,1,2,1,16,8,2,0,0,0,3,0,0,0.006382026,0.028470729,0.000714,0.001025,3.142564,0.000122,0.000430,2.957908
0,/home/capc1/ProfitabilityTool-new-27-07-26/ProfitabilityTool/capc_dataset_work_RyrnQw/feature_variants/matrixReduction_serial_N_123.c,3,1860867,7,0,1,0,1,0,0,0,0,0,0,1,2,1,16,8,2,0,0,0,3,0,0,0.006455764,0.027978841,0.000713,0.001032,3.175865,0.000135,0.000489,3.129692
0,/home/capc1/ProfitabilityTool-new-27-07-26/ProfitabilityTool/capc_dataset_work_RyrnQw/feature_variants/matrixReduction_serial_N_124.c,3,1906624,7,0,1,0,1,0,0,0,0,0,0,1,2,1,16,8,2,0,0,0,3,0,0,0.006686874,0.028284363,0.000715,0.001032,3.018789,0.000128,0.000451,3.037893
0,/home/capc1/ProfitabilityTool-new-27-07-26/ProfitabilityTool/capc_dataset_work_RyrnQw/feature_variants/matrixReduction_serial_N_125.c,3,1953125,7,0,1,0,1,0,0,0,0,0,0,1,2,1,16,8,2,0,0,0,3,0,0,0.006807275,0.028076444,0.000737,0.001065,2.983105,0.000127,0.000449,3.126018
0,/home/capc1/ProfitabilityTool-new-27-07-26/ProfitabilityTool/capc_dataset_work_RyrnQw/feature_variants/matrixReduction_serial_N_126.c,3,2000376,7,0,1,0,1,0,0,0,0,0,0,1,2,1,16,8,2,0,0,0,3,0,0,0.006793935,0.028301034,0.000724,0.001059,3.017258,0.000131,0.000461,3.261914
0,/home/capc1/ProfitabilityTool-new-27-07-26/ProfitabilityTool/capc_dataset_work_RyrnQw/feature_variants/matrixReduction_serial_N_127.c,3,2048383,7,0,1,0,1,0,0,0,0,0,0,1,2,1,16,8,2,0,0,0,3,0,0,0.006774288,0.031074882,0.000715,0.001050,3.158284,0.000128,0.000455,3.142995
0,/home/capc1/ProfitabilityTool-new-27-07-26/ProfitabilityTool/capc_dataset_work_RyrnQw/feature_variants/matrixReduction_serial_N_128.c,3,2097152,7,0,1,0,1,0,0,0,0,0,0,1,2,1,16,8,2,0,0,0,3,0,0,0.007097844,0.028512977,0.000745,0.001109,2.983233,0.000137,0.000475,3.106099
0,/home/capc1/ProfitabilityTool-new-27-07-26/ProfitabilityTool/capc_dataset_work_RyrnQw/feature_variants/matrixReduction_serial_N_129.c,3,2146689,7,0,1,0,1,0,0,0,0,0,0,1,2,1,16,8,2,0,0,0,3,0,0,0.007531088,0.031455092,0.000718,0.001067,2.987972,0.000129,0.000466,2.972318
0,/home/capc1/ProfitabilityTool-new-27-07-26/ProfitabilityTool/capc_dataset_work_RyrnQw/feature_variants/matrixReduction_serial_N_130.c,3,2197000,7,0,1,0,1,0,0,0,0,0,0,1,2,1,16,8,2,0,0,0,3,0,0,0.007718302,0.027678914,0.000712,0.001059,3.188437,0.000141,0.000481,3.216260
0,/home/capc1/ProfitabilityTool-new-27-07-26/ProfitabilityTool/capc_dataset_work_RyrnQw/feature_variants/matrixReduction_serial_N_131.c,3,2248091,7,0,1,0,1,0,0,0,0,0,0,1,2,1,16,8,2,0,0,0,3,0,0,0.003277689,0.028563783,0.000704,0.001048,3.184842,0.000154,0.000581,3.144603
0,/home/capc1/ProfitabilityTool-new-27-07-26/ProfitabilityTool/capc_dataset_work_RyrnQw/feature_variants/matrixReduction_serial_N_132.c,3,2299968,7,0,1,0,1,0,0,0,0,0,0,1,2,1,16,8,2,0,0,0,3,0,0,0.007387191,0.027856868,0.000710,0.001061,3.146239,0.000135,0.000477,3.063824
0,/home/capc1/ProfitabilityTool-new-27-07-26/ProfitabilityTool/capc_dataset_work_RyrnQw/feature_variants/matrixReduction_serial_N_133.c,3,2352637,7,0,1,0,1,0,0,0,0,0,0,1,2,1,16,8,2,0,0,0,3,0,0,0.007538289,0.026487947,0.000711,0.001069,3.178429,0.000137,0.000494,3.197964
0,/home/capc1/ProfitabilityTool-new-27-07-26/ProfitabilityTool/capc_dataset_work_RyrnQw/feature_variants/matrixReduction_serial_N_134.c,3,2406104,7,0,1,0,1,0,0,0,0,0,0,1,2,1,16,8,2,0,0,0,3,0,0,0.008517105,0.030471183,0.000710,0.001065,3.180741,0.000135,0.000487,3.162796
0,/home/capc1/ProfitabilityTool-new-27-07-26/ProfitabilityTool/capc_dataset_work_RyrnQw/feature_variants/matrixReduction_serial_N_135.c,3,2460375,7,0,1,0,1,0,0,0,0,0,0,1,2,1,16,8,2,0,0,0,3,0,0,0.008665267,0.033016011,0.000736,0.001109,3.147707,0.000139,0.000513,2.920297
0,/home/capc1/ProfitabilityTool-new-27-07-26/ProfitabilityTool/capc_dataset_work_RyrnQw/feature_variants/matrixReduction_serial_N_136.c,3,2515456,7,0,1,0,1,0,0,0,0,0,0,1,2,1,16,8,2,0,0,0,3,0,0,0.003689080,0.028592486,0.000712,0.001075,3.181287,0.000141,0.000511,3.028111
0,/home/capc1/ProfitabilityTool-new-27-07-26/ProfitabilityTool/capc_dataset_work_RyrnQw/feature_variants/matrixReduction_serial_N_137.c,3,2571353,7,0,1,0,1,0,0,0,0,0,0,1,2,1,16,8,2,0,0,0,3,0,0,0.009070519,0.028385088,0.000730,0.001110,3.063903,0.000141,0.000516,3.178991
0,/home/capc1/ProfitabilityTool-new-27-07-26/ProfitabilityTool/capc_dataset_work_RyrnQw/feature_variants/matrixReduction_serial_N_138.c,3,2628072,7,0,1,0,1,0,0,0,0,0,0,1,2,1,16,8,2,0,0,0,3,0,0,0.008962132,0.027584352,0.000720,0.001130,3.069129,0.000150,0.000569,3.166797
0,/home/capc1/ProfitabilityTool-new-27-07-26/ProfitabilityTool/capc_dataset_work_RyrnQw/feature_variants/matrixReduction_serial_N_139.c,3,2685619,7,0,1,0,1,0,0,0,0,0,0,1,2,1,16,8,2,0,0,0,3,0,0,0.009501934,0.028234839,0.000740,0.001128,2.909245,0.000142,0.000523,3.138667
0,/home/capc1/ProfitabilityTool-new-27-07-26/ProfitabilityTool/capc_dataset_work_RyrnQw/feature_variants/matrixReduction_serial_N_140.c,3,2744000,7,0,1,0,1,0,0,0,0,0,0,1,2,1,16,8,2,0,0,0,3,0,0,0.009022914,0.028700169,0.000714,0.001101,3.009435,0.000145,0.000533,2.987995
0,/home/capc1/ProfitabilityTool-new-27-07-26/ProfitabilityTool/capc_dataset_work_RyrnQw/feature_variants/matrixReduction_serial_N_141.c,3,2803221,7,0,1,0,1,0,0,0,0,0,0,1,2,1,16,8,2,0,0,0,3,0,0,0.009833265,0.032562274,0.000717,0.001121,3.142547,0.000149,0.000544,3.164912
0,/home/capc1/ProfitabilityTool-new-27-07-26/ProfitabilityTool/capc_dataset_work_RyrnQw/feature_variants/matrixReduction_serial_N_142.c,3,2863288,7,0,1,0,1,0,0,0,0,0,0,1,2,1,16,8,2,0,0,0,3,0,0,0.004129559,0.028068148,0.000708,0.001121,3.042549,0.000152,0.000553,3.125922
0,/home/capc1/ProfitabilityTool-new-27-07-26/ProfitabilityTool/capc_dataset_work_RyrnQw/feature_variants/matrixReduction_serial_N_143.c,3,2924207,7,0,1,0,1,0,0,0,0,0,0,1,2,1,16,8,2,0,0,0,3,0,0,0.010247383,0.033257570,0.000728,0.001131,3.226712,0.000147,0.000546,3.193012
0,/home/capc1/ProfitabilityTool-new-27-07-26/ProfitabilityTool/capc_dataset_work_RyrnQw/feature_variants/matrixReduction_serial_N_144.c,3,2985984,7,0,1,0,1,0,0,0,0,0,0,1,2,1,16,8,2,0,0,0,3,0,0,0.010435555,0.031877268,0.000707,0.001103,3.060993,0.000156,0.000554,2.915236
0,/home/capc1/ProfitabilityTool-new-27-07-26/ProfitabilityTool/capc_dataset_work_RyrnQw/feature_variants/matrixReduction_serial_N_145.c,3,3048625,7,0,1,0,1,0,0,0,0,0,0,1,2,1,16,8,2,0,0,0,3,0,0,0.009802662,0.027875166,0.000723,0.001165,3.141777,0.000154,0.000571,2.924962
0,/home/capc1/ProfitabilityTool-new-27-07-26/ProfitabilityTool/capc_dataset_work_RyrnQw/feature_variants/matrixReduction_serial_N_146.c,3,3112136,7,0,1,0,1,0,0,0,0,0,0,1,2,1,16,8,2,0,0,0,3,0,0,0.004454125,0.030215796,0.000748,0.001168,3.173868,0.000152,0.000564,3.281393
0,/home/capc1/ProfitabilityTool-new-27-07-26/ProfitabilityTool/capc_dataset_work_RyrnQw/feature_variants/matrixReduction_serial_N_147.c,3,3176523,7,0,1,0,1,0,0,0,0,0,0,1,2,1,16,8,2,0,0,0,3,0,0,0.009764120,0.034671124,0.000742,0.001159,3.121456,0.000152,0.000573,3.100178
0,/home/capc1/ProfitabilityTool-new-27-07-26/ProfitabilityTool/capc_dataset_work_RyrnQw/feature_variants/matrixReduction_serial_N_148.c,3,3241792,7,0,1,0,1,0,0,0,0,0,0,1,2,1,16,8,2,0,0,0,3,0,0,0.011380769,0.028606173,0.000722,0.001140,3.101541,0.000155,0.000566,3.232171
0,/home/capc1/ProfitabilityTool-new-27-07-26/ProfitabilityTool/capc_dataset_work_RyrnQw/feature_variants/matrixReduction_serial_N_149.c,3,3307949,7,0,1,0,1,0,0,0,0,0,0,1,2,1,16,8,2,0,0,0,3,0,0,0.007885296,0.027890567,0.000723,0.001163,3.170176,0.000157,0.000593,3.152761
0,/home/capc1/ProfitabilityTool-new-27-07-26/ProfitabilityTool/capc_dataset_work_RyrnQw/feature_variants/matrixReduction_serial_N_150.c,3,3375000,7,0,1,0,1,0,0,0,0,0,0,1,2,1,16,8,2,0,0,0,3,0,0,0.011766974,0.027209800,0.000718,0.001154,3.140451,0.000158,0.000594,3.146013
0,/home/capc1/ProfitabilityTool-new-27-07-26/ProfitabilityTool/capc_dataset_work_RyrnQw/feature_variants/matrixReduction_serial_N_151.c,3,3442951,7,0,1,0,1,0,0,0,0,0,0,1,2,1,16,8,2,0,0,0,3,0,0,0.012080435,0.029463135,0.000752,0.001195,3.136967,0.000156,0.000592,3.069550
0,/home/capc1/ProfitabilityTool-new-27-07-26/ProfitabilityTool/capc_dataset_work_RyrnQw/feature_variants/matrixReduction_serial_N_152.c,3,3511808,7,0,1,0,1,0,0,0,0,0,0,1,2,1,16,8,2,0,0,0,3,0,0,0.011689778,0.027118973,0.000729,0.001165,3.145012,0.000173,0.000619,3.033264
0,/home/capc1/ProfitabilityTool-new-27-07-26/ProfitabilityTool/capc_dataset_work_RyrnQw/feature_variants/matrixReduction_serial_N_153.c,3,3581577,7,0,1,0,1,0,0,0,0,0,0,1,2,1,16,8,2,0,0,0,3,0,0,0.012430273,0.039147820,0.000736,0.001187,3.125240,0.000160,0.000606,3.187537
0,/home/capc1/ProfitabilityTool-new-27-07-26/ProfitabilityTool/capc_dataset_work_RyrnQw/feature_variants/matrixReduction_serial_N_154.c,3,3652264,7,0,1,0,1,0,0,0,0,0,0,1,2,1,16,8,2,0,0,0,3,0,0,0.012544949,0.028323099,0.000722,0.001173,3.027632,0.000170,0.000658,2.998010
0,/home/capc1/ProfitabilityTool-new-27-07-26/ProfitabilityTool/capc_dataset_work_RyrnQw/feature_variants/matrixReduction_serial_N_155.c,3,3723875,7,0,1,0,1,0,0,0,0,0,0,1,2,1,16,8,2,0,0,0,3,0,0,0.004493047,0.036808610,0.000715,0.001184,3.010345,0.000167,0.000628,2.955917
0,/home/capc1/ProfitabilityTool-new-27-07-26/ProfitabilityTool/capc_dataset_work_RyrnQw/feature_variants/matrixReduction_serial_N_156.c,3,3796416,7,0,1,0,1,0,0,0,0,0,0,1,2,1,16,8,2,0,0,0,3,0,0,0.012916308,0.027072895,0.000713,0.001172,3.114928,0.000167,0.000625,3.035518
0,/home/capc1/ProfitabilityTool-new-27-07-26/ProfitabilityTool/capc_dataset_work_RyrnQw/feature_variants/matrixReduction_serial_N_157.c,3,3869893,7,0,1,0,1,0,0,0,0,0,0,1,2,1,16,8,2,0,0,0,3,0,0,0.013501398,0.031384710,0.000722,0.001198,3.078381,0.000167,0.000652,3.010848
0,/home/capc1/ProfitabilityTool-new-27-07-26/ProfitabilityTool/capc_dataset_work_RyrnQw/feature_variants/matrixReduction_serial_N_158.c,3,3944312,7,0,1,0,1,0,0,0,0,0,0,1,2,1,16,8,2,0,0,0,3,0,0,0.012118950,0.028645393,0.000722,0.001185,3.029390,0.000172,0.000666,3.140956
0,/home/capc1/ProfitabilityTool-new-27-07-26/ProfitabilityTool/capc_dataset_work_RyrnQw/feature_variants/matrixReduction_serial_N_159.c,3,4019679,7,0,1,0,1,0,0,0,0,0,0,1,2,1,16,8,2,0,0,0,3,0,0,0.014000773,0.036426384,0.000709,0.001208,3.065821,0.000178,0.000655,3.066541
0,/home/capc1/ProfitabilityTool-new-27-07-26/ProfitabilityTool/capc_dataset_work_RyrnQw/feature_variants/matrixReduction_serial_N_160.c,3,4096000,7,0,1,0,1,0,0,0,0,0,0,1,2,1,16,8,2,0,0,0,3,0,0,0.006254554,0.028282609,0.000738,0.001221,3.161998,0.000187,0.000685,3.168736
0,/home/capc1/ProfitabilityTool-new-27-07-26/ProfitabilityTool/capc_dataset_work_RyrnQw/feature_variants/matrixReduction_serial_N_161.c,3,4173281,7,0,1,0,1,0,0,0,0,0,0,1,2,1,16,8,2,0,0,0,3,0,0,0.014463831,0.028537195,0.000704,0.001184,3.152053,0.000176,0.000654,3.145623
0,/home/capc1/ProfitabilityTool-new-27-07-26/ProfitabilityTool/capc_dataset_work_RyrnQw/feature_variants/matrixReduction_serial_N_162.c,3,4251528,7,0,1,0,1,0,0,0,0,0,0,1,2,1,16,8,2,0,0,0,3,0,0,0.006688014,0.026729338,0.000725,0.001240,3.043956,0.000177,0.000662,3.028329
0,/home/capc1/ProfitabilityTool-new-27-07-26/ProfitabilityTool/capc_dataset_work_RyrnQw/feature_variants/matrixReduction_serial_N_163.c,3,4330747,7,0,1,0,1,0,0,0,0,0,0,1,2,1,16,8,2,0,0,0,3,0,0,0.014737297,0.027160581,0.000714,0.001208,3.081497,0.000178,0.000683,3.208135
0,/home/capc1/ProfitabilityTool-new-27-07-26/ProfitabilityTool/capc_dataset_work_RyrnQw/feature_variants/matrixReduction_serial_N_164.c,3,4410944,7,0,1,0,1,0,0,0,0,0,0,1,2,1,16,8,2,0,0,0,3,0,0,0.007622007,0.017539658,0.000717,0.001214,3.036737,0.000182,0.000678,2.953562
0,/home/capc1/ProfitabilityTool-new-27-07-26/ProfitabilityTool/capc_dataset_work_RyrnQw/feature_variants/matrixReduction_serial_N_165.c,3,4492125,7,0,1,0,1,0,0,0,0,0,0,1,2,1,16,8,2,0,0,0,3,0,0,0.013183117,0.028611660,0.000724,0.001255,3.173325,0.000179,0.000676,3.066750
0,/home/capc1/ProfitabilityTool-new-27-07-26/ProfitabilityTool/capc_dataset_work_RyrnQw/feature_variants/matrixReduction_serial_N_166.c,3,4574296,7,0,1,0,1,0,0,0,0,0,0,1,2,1,16,8,2,0,0,0,3,0,0,0.015461158,0.029323503,0.000769,0.001318,3.082904,0.000183,0.000691,3.101876
0,/home/capc1/ProfitabilityTool-new-27-07-26/ProfitabilityTool/capc_dataset_work_RyrnQw/feature_variants/matrixReduction_serial_N_167.c,3,4657463,7,0,1,0,1,0,0,0,0,0,0,1,2,1,16,8,2,0,0,0,3,0,0,0.007753447,0.028028909,0.000740,0.001270,3.061331,0.000186,0.000709,3.082001
0,/home/capc1/ProfitabilityTool-new-27-07-26/ProfitabilityTool/capc_dataset_work_RyrnQw/feature_variants/matrixReduction_serial_N_168.c,3,4741632,7,0,1,0,1,0,0,0,0,0,0,1,2,1,16,8,2,0,0,0,3,0,0,0.016392816,0.027179033,0.000719,0.001231,3.053277,0.000192,0.000713,3.176839
0,/home/capc1/ProfitabilityTool-new-27-07-26/ProfitabilityTool/capc_dataset_work_RyrnQw/feature_variants/matrixReduction_serial_N_169.c,3,4826809,7,0,1,0,1,0,0,0,0,0,0,1,2,1,16,8,2,0,0,0,3,0,0,0.005161528,0.028078668,0.000724,0.001267,3.171934,0.000186,0.000712,3.051477
0,/home/capc1/ProfitabilityTool-new-27-07-26/ProfitabilityTool/capc_dataset_work_RyrnQw/feature_variants/matrixReduction_serial_N_170.c,3,4913000,7,0,1,0,1,0,0,0,0,0,0,1,2,1,16,8,2,0,0,0,3,0,0,0.015650567,0.035495210,0.000751,0.001303,3.041281,0.000188,0.000716,3.133066
0,/home/capc1/ProfitabilityTool-new-27-07-26/ProfitabilityTool/capc_dataset_work_RyrnQw/feature_variants/matrixReduction_serial_N_171.c,3,5000211,7,0,1,0,1,0,0,0,0,0,0,1,2,1,16,8,2,0,0,0,3,0,0,0.014815275,0.029070482,0.000975,0.001819,3.093327,0.000187,0.000733,3.051385
0,/home/capc1/ProfitabilityTool-new-27-07-26/ProfitabilityTool/capc_dataset_work_RyrnQw/feature_variants/matrixReduction_serial_N_172.c,3,5088448,7,0,1,0,1,0,0,0,0,0,0,1,2,1,16,8,2,0,0,0,3,0,0,0.017576601,0.026443638,0.000715,0.001250,3.094478,0.000192,0.000719,3.162409
0,/home/capc1/ProfitabilityTool-new-27-07-26/ProfitabilityTool/capc_dataset_work_RyrnQw/feature_variants/matrixReduction_serial_N_173.c,3,5177717,7,0,1,0,1,0,0,0,0,0,0,1,2,1,16,8,2,0,0,0,3,0,0,0.005560555,0.026579678,0.000765,0.001376,3.103207,0.000197,0.000748,3.115852
0,/home/capc1/ProfitabilityTool-new-27-07-26/ProfitabilityTool/capc_dataset_work_RyrnQw/feature_variants/matrixReduction_serial_N_174.c,3,5268024,7,0,1,0,1,0,0,0,0,0,0,1,2,1,16,8,2,0,0,0,3,0,0,0.009360697,0.013833188,0.000730,0.001275,3.018450,0.000199,0.000757,3.077589
0,/home/capc1/ProfitabilityTool-new-27-07-26/ProfitabilityTool/capc_dataset_work_RyrnQw/feature_variants/matrixReduction_serial_N_175.c,3,5359375,7,0,1,0,1,0,0,0,0,0,0,1,2,1,16,8,2,0,0,0,3,0,0,0.018577438,0.036810268,0.000731,0.001317,3.172105,0.000197,0.000754,3.014399
0,/home/capc1/ProfitabilityTool-new-27-07-26/ProfitabilityTool/capc_dataset_work_RyrnQw/feature_variants/matrixReduction_serial_N_176.c,3,5451776,7,0,1,0,1,0,0,0,0,0,0,1,2,1,16,8,2,0,0,0,3,0,0,0.006111491,0.028476093,0.000715,0.001275,3.218550,0.000218,0.000779,3.299823
0,/home/capc1/ProfitabilityTool-new-27-07-26/ProfitabilityTool/capc_dataset_work_RyrnQw/feature_variants/matrixReduction_serial_N_177.c,3,5545233,7,0,1,0,1,0,0,0,0,0,0,1,2,1,16,8,2,0,0,0,3,0,0,0.019194674,0.026573129,0.000717,0.001303,3.016821,0.000225,0.000841,3.157444
0,/home/capc1/ProfitabilityTool-new-27-07-26/ProfitabilityTool/capc_dataset_work_RyrnQw/feature_variants/matrixReduction_serial_N_178.c,3,5639752,7,0,1,0,1,0,0,0,0,0,0,1,2,1,16,8,2,0,0,0,3,0,0,0.017229248,0.028583482,0.000723,0.001287,3.087830,0.000204,0.000779,3.102418
0,/home/capc1/ProfitabilityTool-new-27-07-26/ProfitabilityTool/capc_dataset_work_RyrnQw/feature_variants/matrixReduction_serial_N_179.c,3,5735339,7,0,1,0,1,0,0,0,0,0,0,1,2,1,16,8,2,0,0,0,3,0,0,0.019731611,0.029047247,0.000733,0.001322,3.057245,0.000203,0.000779,3.127773
0,/home/capc1/ProfitabilityTool-new-27-07-26/ProfitabilityTool/capc_dataset_work_RyrnQw/feature_variants/matrixReduction_serial_N_180.c,3,5832000,7,0,1,0,1,0,0,0,0,0,0,1,2,1,16,8,2,0,0,0,3,0,0,0.009742051,0.028347243,0.000720,0.001302,3.062409,0.000212,0.000818,3.016887
0,/home/capc1/ProfitabilityTool-new-27-07-26/ProfitabilityTool/capc_dataset_work_RyrnQw/feature_variants/matrixReduction_serial_N_181.c,3,5929741,7,0,1,0,1,0,0,0,0,0,0,1,2,1,16,8,2,0,0,0,3,0,0,0.014227778,0.028006777,0.000725,0.001323,3.039526,0.000214,0.000816,3.141905
0,/home/capc1/ProfitabilityTool-new-27-07-26/ProfitabilityTool/capc_dataset_work_RyrnQw/feature_variants/matrixReduction_serial_N_182.c,3,6028568,7,0,1,0,1,0,0,0,0,0,0,1,2,1,16,8,2,0,0,0,3,0,0,0.020832334,0.026243761,0.000730,0.001343,3.037709,0.000214,0.000806,2.971986
0,/home/capc1/ProfitabilityTool-new-27-07-26/ProfitabilityTool/capc_dataset_work_RyrnQw/feature_variants/matrixReduction_serial_N_183.c,3,6128487,7,0,1,0,1,0,0,0,0,0,0,1,2,1,16,8,2,0,0,0,3,0,0,0.021314025,0.028637078,0.000717,0.001334,2.988549,0.000216,0.000844,3.028046
0,/home/capc1/ProfitabilityTool-new-27-07-26/ProfitabilityTool/capc_dataset_work_RyrnQw/feature_variants/matrixReduction_serial_N_184.c,3,6229504,7,0,1,0,1,0,0,0,0,0,0,1,2,1,16,8,2,0,0,0,3,0,0,0.010842953,0.026989348,0.000723,0.001327,3.039366,0.000229,0.000834,3.110294
0,/home/capc1/ProfitabilityTool-new-27-07-26/ProfitabilityTool/capc_dataset_work_RyrnQw/feature_variants/matrixReduction_serial_N_185.c,3,6331625,7,0,1,0,1,0,0,0,0,0,0,1,2,1,16,8,2,0,0,0,3,0,0,0.021889284,0.028515451,0.000719,0.001357,3.013511,0.000220,0.000830,3.166678
0,/home/capc1/ProfitabilityTool-new-27-07-26/ProfitabilityTool/capc_dataset_work_RyrnQw/feature_variants/matrixReduction_serial_N_186.c,3,6434856,7,0,1,0,1,0,0,0,0,0,0,1,2,1,16,8,2,0,0,0,3,0,0,0.021159448,0.028863128,0.000719,0.001326,3.157709,0.000222,0.000840,3.029282
0,/home/capc1/ProfitabilityTool-new-27-07-26/ProfitabilityTool/capc_dataset_work_RyrnQw/feature_variants/matrixReduction_serial_N_187.c,3,6539203,7,0,1,0,1,0,0,0,0,0,0,1,2,1,16,8,2,0,0,0,3,0,0,0.011369664,0.027416222,0.000725,0.001354,3.012056,0.000222,0.000850,3.245746
0,/home/capc1/ProfitabilityTool-new-27-07-26/ProfitabilityTool/capc_dataset_work_RyrnQw/feature_variants/matrixReduction_serial_N_188.c,3,6644672,7,0,1,0,1,0,0,0,0,0,0,1,2,1,16,8,2,0,0,0,3,0,0,0.019240458,0.027185261,0.000715,0.001339,3.033615,0.000226,0.000854,3.203444
0,/home/capc1/ProfitabilityTool-new-27-07-26/ProfitabilityTool/capc_dataset_work_RyrnQw/feature_variants/matrixReduction_serial_N_189.c,3,6751269,7,0,1,0,1,0,0,0,0,0,0,1,2,1,16,8,2,0,0,0,3,0,0,0.011722498,0.026884843,0.000713,0.001344,2.917349,0.000230,0.000870,3.043826
0,/home/capc1/ProfitabilityTool-new-27-07-26/ProfitabilityTool/capc_dataset_work_RyrnQw/feature_variants/matrixReduction_serial_N_190.c,3,6859000,7,0,1,0,1,0,0,0,0,0,0,1,2,1,16,8,2,0,0,0,3,0,0,0.022635110,0.037807982,0.000729,0.001363,3.151623,0.000229,0.000883,2.963609
0,/home/capc1/ProfitabilityTool-new-27-07-26/ProfitabilityTool/capc_dataset_work_RyrnQw/feature_variants/matrixReduction_serial_N_191.c,3,6967871,7,0,1,0,1,0,0,0,0,0,0,1,2,1,16,8,2,0,0,0,3,0,0,0.012121502,0.028014425,0.000737,0.001396,3.104488,0.000237,0.000917,3.172718
0,/home/capc1/ProfitabilityTool-new-27-07-26/ProfitabilityTool/capc_dataset_work_RyrnQw/feature_variants/matrixReduction_serial_N_192.c,3,7077888,7,0,1,0,1,0,0,0,0,0,0,1,2,1,16,8,2,0,0,0,3,0,0,0.013040368,0.028046001,0.000730,0.001385,3.033077,0.000252,0.000904,3.047794
0,/home/capc1/ProfitabilityTool-new-27-07-26/ProfitabilityTool/capc_dataset_work_RyrnQw/feature_variants/matrixReduction_serial_N_193.c,3,7189057,7,0,1,0,1,0,0,0,0,0,0,1,2,1,16,8,2,0,0,0,3,0,0,0.024668518,0.028264165,0.000748,0.001452,3.140670,0.000241,0.000928,3.146114
0,/home/capc1/ProfitabilityTool-new-27-07-26/ProfitabilityTool/capc_dataset_work_RyrnQw/feature_variants/matrixReduction_serial_N_194.c,3,7301384,7,0,1,0,1,0,0,0,0,0,0,1,2,1,16,8,2,0,0,0,3,0,0,0.022126589,0.027361147,0.000740,0.001404,3.048871,0.000241,0.000928,3.076778
0,/home/capc1/ProfitabilityTool-new-27-07-26/ProfitabilityTool/capc_dataset_work_RyrnQw/feature_variants/matrixReduction_serial_N_195.c,3,7414875,7,0,1,0,1,0,0,0,0,0,0,1,2,1,16,8,2,0,0,0,3,0,0,0.016930953,0.036538303,0.000843,0.001435,0.101771,0.000282,0.000947,0.114620
0,/home/capc1/ProfitabilityTool-new-27-07-26/ProfitabilityTool/capc_dataset_work_RyrnQw/feature_variants/matrixReduction_serial_N_196.c,3,7529536,7,0,1,0,1,0,0,0,0,0,0,1,2,1,16,8,2,0,0,0,3,0,0,0.024593491,0.026606135,0.000922,0.001585,0.145414,0.000245,0.000757,0.113431
0,/home/capc1/ProfitabilityTool-new-27-07-26/ProfitabilityTool/capc_dataset_work_RyrnQw/feature_variants/matrixReduction_serial_N_197.c,3,7645373,7,0,1,0,1,0,0,0,0,0,0,1,2,1,16,8,2,0,0,0,3,0,0,0.025502615,0.027565643,0.000737,0.001243,0.112244,0.000249,0.000943,2.984320
0,/home/capc1/ProfitabilityTool-new-27-07-26/ProfitabilityTool/capc_dataset_work_RyrnQw/feature_variants/matrixReduction_serial_N_198.c,3,7762392,7,0,1,0,1,0,0,0,0,0,0,1,2,1,16,8,2,0,0,0,3,0,0,0.013538860,0.039310105,0.000766,0.001461,3.240362,0.000254,0.000963,3.170099
0,/home/capc1/ProfitabilityTool-new-27-07-26/ProfitabilityTool/capc_dataset_work_RyrnQw/feature_variants/matrixReduction_serial_N_199.c,3,7880599,7,0,1,0,1,0,0,0,0,0,0,1,2,1,16,8,2,0,0,0,3,0,0,0.027361192,0.028333280,0.000844,0.001449,0.093349,0.000250,0.000759,0.131977
0,/home/capc1/ProfitabilityTool-new-27-07-26/ProfitabilityTool/capc_dataset_work_RyrnQw/feature_variants/matrixReduction_serial_N_200.c,3,8000000,7,0,1,0,1,0,0,0,0,0,0,1,2,1,16,8,2,0,0,0,3,0,0,0.023692403,0.029063668,0.000730,0.001429,3.184650,0.000261,0.000965,3.084640
0,/home/capc1/ProfitabilityTool-new-27-07-26/ProfitabilityTool/capc_dataset_work_RyrnQw/feature_variants/matrixReduction_serial_N_300.c,3,27000000,7,0,1,0,1,0,0,0,0,0,0,1,2,1,16,8,2,0,0,0,3,0,0,0.057600096,0.028288532,0.000933,0.002191,0.142773,0.000661,0.001952,0.152620
0,/home/capc1/ProfitabilityTool-new-27-07-26/ProfitabilityTool/capc_dataset_work_RyrnQw/feature_variants/matrixReduction_serial_N_400.c,3,64000000,7,0,1,0,1,0,0,0,0,0,0,1,2,1,16,8,2,0,0,0,3,0,0,0.151778594,0.030496519,0.000914,0.002622,0.100305,0.001423,0.003953,2.922740
0,/home/capc1/ProfitabilityTool-new-27-07-26/ProfitabilityTool/capc_dataset_work_RyrnQw/feature_variants/matrixReduction_serial_N_500.c,3,125000000,7,0,1,0,1,0,0,0,0,0,0,1,2,1,16,8,2,0,0,0,3,0,0,0.234007098,0.033962123,0.001161,0.004376,2.960980,0.002541,0.005746,2.999669
0,/home/capc1/ProfitabilityTool-new-27-07-26/ProfitabilityTool/capc_dataset_work_RyrnQw/feature_variants/matrixReduction_serial_N_600.c,3,216000000,7,0,1,0,1,0,0,0,0,0,0,1,2,1,16,8,2,0,0,0,3,0,0,0.263695970,0.040167034,0.001482,0.004995,3.122428,0.004355,0.007581,3.173837
0,/home/capc1/ProfitabilityTool-new-27-07-26/ProfitabilityTool/capc_dataset_work_RyrnQw/feature_variants/matrixReduction_serial_N_700.c,3,343000000,7,0,1,0,1,0,0,0,0,0,0,1,2,1,16,8,2,0,0,0,3,0,0,0.497450855,0.050571516,0.001857,0.006259,3.047404,0.006799,0.011209,3.031689
0,/home/capc1/ProfitabilityTool-new-27-07-26/ProfitabilityTool/capc_dataset_work_RyrnQw/feature_variants/matrixReduction_serial_N_800.c,3,512000000,7,0,1,0,1,0,0,0,0,0,0,1,2,1,16,8,2,0,0,0,3,0,0,0.884439275,0.068126790,0.002405,0.007559,3.194913,0.010216,0.015401,3.046226
0,/home/capc1/ProfitabilityTool-new-27-07-26/ProfitabilityTool/capc_dataset_work_RyrnQw/feature_variants/matrixReduction_serial_N_900.c,3,729000000,7,0,1,0,1,0,0,0,0,0,0,1,2,1,16,8,2,0,0,0,3,0,0,0.967287537,0.088718262,0.003058,0.008920,3.141183,0.014306,0.020285,3.165569
0,/home/capc1/ProfitabilityTool-new-27-07-26/ProfitabilityTool/capc_dataset_work_RyrnQw/feature_variants/matrixReduction_serial_N_1000.c,3,1000000000,7,0,1,0,1,0,0,0,0,0,0,1,2,1,16,8,2,0,0,0,3,0,0,1.266845919,0.095370859,0.004171,0.011583,2.979437,0.019627,0.027090,3.133623
0,/home/capc1/ProfitabilityTool-new-27-07-26/ProfitabilityTool/capc_dataset_work_RyrnQw/feature_variants/matrixReduction_serial_N_2000.c,3,8000000000,7,0,1,0,1,0,0,0,0,0,0,1,2,1,16,8,2,0,0,0,3,0,0,13.983056143,0.527540401,0.030697,0.056534,3.096441,0.157839,0.183906,3.342275
0,/home/capc1/ProfitabilityTool-new-27-07-26/ProfitabilityTool/capc_dataset_work_RyrnQw/feature_variants/matrixReduction_serial_N_3000.c,3,27000000000,7,0,1,0,1,0,0,0,0,0,0,1,2,1,16,8,2,0,0,0,3,0,0,53.957644958,1.824044034,0.101045,0.156153,0.242080,0.486994,0.542807,0.638502
0,/home/capc1/ProfitabilityTool-new-27-07-26/ProfitabilityTool/capc_dataset_work_RyrnQw/feature_variants/matrixReduction_serial_N_4000.c,3,64000000000,7,0,1,0,1,0,0,0,0,0,0,1,2,1,16,8,2,0,0,0,3,0,0,188.277288444,7.173967849,0.573497,0.672591,0.766643,1.231212,1.330577,3.517315
0,/home/capc1/ProfitabilityTool-new-27-07-26/ProfitabilityTool/capc_dataset_work_RyrnQw/feature_variants/matrixReduction_serial_N_5000.c,3,125000000000,7,0,1,0,1,0,0,0,0,0,0,1,2,1,16,8,2,0,0,0,3,0,0,262.654259730,7.952692676,1.126477,1.281248,4.468952,2.596471,2.799258,15.572153
0,/home/capc1/ProfitabilityTool-new-27-07-26/ProfitabilityTool/capc_dataset_work_RyrnQw/feature_variants/matrixReduction_serial_N_6000.c,3,216000000000,7,0,1,0,1,0,0,0,0,0,0,1,2,1,16,8,2,0,0,0,3,0,0,531.308295414,17.971911985,1.942706,2.168216,5.155973,21.625015,21.846417,25.291536
0,/home/capc1/ProfitabilityTool-new-27-07-26/ProfitabilityTool/capc_dataset_work_RyrnQw/feature_variants/matrixReduction_serial_N_7000.c,3,343000000000,7,0,1,0,1,0,0,0,0,0,0,1,2,1,16,8,2,0,0,0,3,0,0,761.493661318,21.230026964,3.091772,3.396221,3.497041,35.320452,35.619248,40.097902
0,/home/capc1/ProfitabilityTool-new-27-07-26/ProfitabilityTool/capc_dataset_work_RyrnQw/feature_variants/matrixReduction_serial_N_8000.c,3,512000000000,7,0,1,0,1,0,0,0,0,0,0,1,2,1,16,8,2,0,0,0,3,0,0,2475.622157063,72.780186355,4.607451,5.004423,8.012932,53.602649,54.001659,60.293781
0,/home/capc1/ProfitabilityTool-new-27-07-26/ProfitabilityTool/capc_dataset_work_RyrnQw/feature_variants/matrixReduction_serial_N_9000.c,3,729000000000,7,0,1,0,1,0,0,0,0,0,0,1,2,1,16,8,2,0,0,0,3,0,0,1829.385747500,61.034118891,6.752991,7.256913,10.422936,84.312118,84.827893,86.708386
0,/home/capc1/ProfitabilityTool-new-27-07-26/ProfitabilityTool/capc_dataset_work_RyrnQw/feature_variants/matrixReduction_serial_N_10000.c,3,1000000000000,7,0,1,0,1,0,0,0,0,0,0,1,2,1,16,8,2,0,0,0,3,0,0,,,,,,,,
0,/home/capc1/ProfitabilityTool-new-27-07-26/ProfitabilityTool/capc_dataset_work_RyrnQw/feature_variants/matrixReduction_serial_N_20000.c,3,8000000000000,7,0,1,0,1,0,0,0,0,0,0,1,2,1,16,8,2,0,0,0,3,0,0,,,,,,,,
0,/home/capc1/ProfitabilityTool-new-27-07-26/ProfitabilityTool/capc_dataset_work_RyrnQw/feature_variants/matrixReduction_serial_N_30000.c,3,27000000000000,7,0,1,0,1,0,0,0,0,0,0,1,2,1,16,8,2,0,0,0,3,0,0,,,,,,,,
0,/home/capc1/ProfitabilityTool-new-27-07-26/ProfitabilityTool/capc_dataset_work_RyrnQw/feature_variants/matrixReduction_serial_N_40000.c,3,64000000000000,7,0,1,0,1,0,0,0,0,0,0,1,2,1,16,8,2,0,0,0,3,0,0,,,,,,,,
0,/home/capc1/ProfitabilityTool-new-27-07-26/ProfitabilityTool/capc_dataset_work_RyrnQw/feature_variants/matrixReduction_serial_N_50000.c,3,125000000000000,7,0,1,0,1,0,0,0,0,0,0,1,2,1,16,8,2,0,0,0,3,0,0,,,,,,,,
0,/home/capc1/ProfitabilityTool-new-27-07-26/ProfitabilityTool/capc_dataset_work_RyrnQw/feature_variants/matrixReduction_serial_N_60000.c,3,216000000000000,7,0,1,0,1,0,0,0,0,0,0,1,2,1,16,8,2,0,0,0,3,0,0,,,,,,,,
0,/home/capc1/ProfitabilityTool-new-27-07-26/ProfitabilityTool/capc_dataset_work_RyrnQw/feature_variants/matrixReduction_serial_N_70000.c,3,343000000000000,7,0,1,0,1,0,0,0,0,0,0,1,2,1,16,8,2,0,0,0,3,0,0,,,,,,,,
0,/home/capc1/ProfitabilityTool-new-27-07-26/ProfitabilityTool/capc_dataset_work_RyrnQw/feature_variants/matrixReduction_serial_N_80000.c,3,512000000000000,7,0,1,0,1,0,0,0,0,0,0,1,2,1,16,8,2,0,0,0,3,0,0,,,,,,,,
0,/home/capc1/ProfitabilityTool-new-27-07-26/ProfitabilityTool/capc_dataset_work_RyrnQw/feature_variants/matrixReduction_serial_N_90000.c,3,729000000000000,7,0,1,0,1,0,0,0,0,0,0,1,2,1,16,8,2,0,0,0,3,0,0,,,,,,,,
0,/home/capc1/ProfitabilityTool-new-27-07-26/ProfitabilityTool/capc_dataset_work_RyrnQw/feature_variants/matrixReduction_serial_N_100000.c,3,1000000000000000,7,0,1,0,1,0,0,0,0,0,0,1,2,1,16,8,2,0,0,0,3,0,0,,,,,,,,
0,/home/capc1/ProfitabilityTool-new-27-07-26/ProfitabilityTool/capc_dataset_work_RyrnQw/feature_variants/matrixReduction_serial_N_200000.c,3,8000000000000000,7,0,1,0,1,0,0,0,0,0,0,1,2,1,16,8,2,0,0,0,3,0,0,,,,,,,,
0,/home/capc1/ProfitabilityTool-new-27-07-26/ProfitabilityTool/capc_dataset_work_RyrnQw/feature_variants/matrixReduction_serial_N_300000.c,3,27000000000000000,7,0,1,0,1,0,0,0,0,0,0,1,2,1,16,8,2,0,0,0,3,0,0,,,,,,,,
0,/home/capc1/ProfitabilityTool-new-27-07-26/ProfitabilityTool/capc_dataset_work_RyrnQw/feature_variants/matrixReduction_serial_N_400000.c,3,64000000000000000,7,0,1,0,1,0,0,0,0,0,0,1,2,1,16,8,2,0,0,0,3,0,0,,,,,,,,
0,/home/capc1/ProfitabilityTool-new-27-07-26/ProfitabilityTool/capc_dataset_work_RyrnQw/feature_variants/matrixReduction_serial_N_500000.c,3,125000000000000000,7,0,1,0,1,0,0,0,0,0,0,1,2,1,16,8,2,0,0,0,3,0,0,,,,,,,,
0,/home/capc1/ProfitabilityTool-new-27-07-26/ProfitabilityTool/capc_dataset_work_RyrnQw/feature_variants/matrixReduction_serial_N_600000.c,3,216000000000000000,7,0,1,0,1,0,0,0,0,0,0,1,2,1,16,8,2,0,0,0,3,0,0,,,,,,,,
0,/home/capc1/ProfitabilityTool-new-27-07-26/ProfitabilityTool/capc_dataset_work_RyrnQw/feature_variants/matrixReduction_serial_N_700000.c,3,343000000000000000,7,0,1,0,1,0,0,0,0,0,0,1,2,1,16,8,2,0,0,0,3,0,0,,,,,,,,
0,/home/capc1/ProfitabilityTool-new-27-07-26/ProfitabilityTool/capc_dataset_work_RyrnQw/feature_variants/matrixReduction_serial_N_800000.c,3,512000000000000000,7,0,1,0,1,0,0,0,0,0,0,1,2,1,16,8,2,0,0,0,3,0,0,,,,,,,,
0,/home/capc1/ProfitabilityTool-new-27-07-26/ProfitabilityTool/capc_dataset_work_RyrnQw/feature_variants/matrixReduction_serial_N_900000.c,3,729000000000000000,7,0,1,0,1,0,0,0,0,0,0,1,2,1,16,8,2,0,0,0,3,0,0,,,,,,,,
0,/home/capc1/ProfitabilityTool-new-27-07-26/ProfitabilityTool/capc_dataset_work_RyrnQw/feature_variants/matrixReduction_serial_N_1000000.c,3,1000000000000000000,7,0,1,0,1,0,0,0,0,0,0,1,2,1,16,8,2,0,0,0,3,0,0,,,,,,,,
0,/home/capc1/ProfitabilityTool-new-27-07-26/ProfitabilityTool/capc_dataset_work_RyrnQw/feature_variants/matrixReduction_serial_N_2000000.c,3,8000000000000000000,7,0,1,0,1,0,0,0,0,0,0,1,2,1,16,8,2,0,0,0,3,0,0,,,,,,,,
0,/home/capc1/ProfitabilityTool-new-27-07-26/ProfitabilityTool/capc_dataset_work_RyrnQw/feature_variants/matrixReduction_serial_N_3000000.c,3,8553255926290448384,7,0,1,0,1,0,0,0,0,0,0,1,2,1,16,8,2,0,0,0,3,0,0,,,,,,,,
0,/home/capc1/ProfitabilityTool-new-27-07-26/ProfitabilityTool/capc_dataset_work_RyrnQw/feature_variants/matrixReduction_serial_N_4000000.c,3,8659767778871345152,7,0,1,0,1,0,0,0,0,0,0,1,2,1,16,8,2,0,0,0,3,0,0,,,,,,,,
0,/home/capc1/ProfitabilityTool-new-27-07-26/ProfitabilityTool/capc_dataset_work_RyrnQw/feature_variants/matrixReduction_serial_N_5000000.c,3,-4127208515966861312,7,0,1,0,1,0,0,0,0,0,0,1,2,1,16,8,2,0,0,0,3,0,0,,,,,,,,
0,/home/capc1/ProfitabilityTool-new-27-07-26/ProfitabilityTool/capc_dataset_work_RyrnQw/feature_variants/matrixReduction_serial_N_6000000.c,3,-5360928884514619392,7,0,1,0,1,0,0,0,0,0,0,1,2,1,16,8,2,0,0,0,3,0,0,,,,,,,,
0,/home/capc1/ProfitabilityTool-new-27-07-26/ProfitabilityTool/capc_dataset_work_RyrnQw/feature_variants/matrixReduction_serial_N_7000000.c,3,-7488137400481480704,7,0,1,0,1,0,0,0,0,0,0,1,2,1,16,8,2,0,0,0,3,0,0,,,,,,,,
0,/home/capc1/ProfitabilityTool-new-27-07-26/ProfitabilityTool/capc_dataset_work_RyrnQw/feature_variants/matrixReduction_serial_N_8000000.c,3,-4508834063867445248,7,0,1,0,1,0,0,0,0,0,0,1,2,1,16,8,2,0,0,0,3,0,0,,,,,,,,
0,/home/capc1/ProfitabilityTool-new-27-07-26/ProfitabilityTool/capc_dataset_work_RyrnQw/feature_variants/matrixReduction_serial_N_9000000.c,3,-8869762948382064640,7,0,1,0,1,0,0,0,0,0,0,1,2,1,16,8,2,0,0,0,3,0,0,,,,,,,,
0,/home/capc1/ProfitabilityTool-new-27-07-26/ProfitabilityTool/capc_dataset_work_RyrnQw/feature_variants/matrixReduction_serial_N_10000000.c,3,3875820019684212736,7,0,1,0,1,0,0,0,0,0,0,1,2,1,16,8,2,0,0,0,3,0,0,,,,,,,,
0,/home/capc1/ProfitabilityTool-new-27-07-26/ProfitabilityTool/capc_dataset_work_RyrnQw/feature_variants/matrixReduction_serial_N_20000000.c,3,-5886927989945401344,7,0,1,0,1,0,0,0,0,0,0,1,2,1,16,8,2,0,0,0,3,0,0,,,,,,,,
0,/home/capc1/ProfitabilityTool-new-27-07-26/ProfitabilityTool/capc_dataset_work_RyrnQw/feature_variants/matrixReduction_serial_N_30000000.c,3,-6033323910783565824,7,0,1,0,1,0,0,0,0,0,0,1,2,1,16,8,2,0,0,0,3,0,0,,,,,,,,
0,/home/capc1/ProfitabilityTool-new-27-07-26/ProfitabilityTool/capc_dataset_work_RyrnQw/feature_variants/matrixReduction_serial_N_40000000.c,3,8244808301565444096,7,0,1,0,1,0,0,0,0,0,0,1,2,1,16,8,2,0,0,0,3,0,0,,,,,,,,
0,/home/capc1/ProfitabilityTool-new-27-07-26/ProfitabilityTool/capc_dataset_work_RyrnQw/feature_variants/matrixReduction_serial_N_50000000.c,3,4862156544078249984,7,0,1,0,1,0,0,0,0,0,0,1,2,1,16,8,2,0,0,0,3,0,0,,,,,,,,
0,/home/capc1/ProfitabilityTool-new-27-07-26/ProfitabilityTool/capc_dataset_work_RyrnQw/feature_variants/matrixReduction_serial_N_60000000.c,3,7073640934860128256,7,0,1,0,1,0,0,0,0,0,0,1,2,1,16,8,2,0,0,0,3,0,0,,,,,,,,
0,/home/capc1/ProfitabilityTool-new-27-07-26/ProfitabilityTool/capc_dataset_work_RyrnQw/feature_variants/matrixReduction_serial_N_70000000.c,3,1240693444597252096,7,0,1,0,1,0,0,0,0,0,0,1,2,1,16,8,2,0,0,0,3,0,0,,,,,,,,
0,/home/capc1/ProfitabilityTool-new-27-07-26/ProfitabilityTool/capc_dataset_work_RyrnQw/feature_variants/matrixReduction_serial_N_80000000.c,3,-7828509882314653696,7,0,1,0,1,0,0,0,0,0,0,1,2,1,16,8,2,0,0,0,3,0,0,,,,,,,,
0,/home/capc1/ProfitabilityTool-new-27-07-26/ProfitabilityTool/capc_dataset_work_RyrnQw/feature_variants/matrixReduction_serial_N_90000000.c,3,3120951072229687296,7,0,1,0,1,0,0,0,0,0,0,1,2,1,16,8,2,0,0,0,3,0,0,,,,,,,,
0,/home/capc1/ProfitabilityTool-new-27-07-26/ProfitabilityTool/capc_dataset_work_RyrnQw/feature_variants/matrixReduction_serial_N_100000000.c,3,2003764205206896640,7,0,1,0,1,0,0,0,0,0,0,1,2,1,16,8,2,0,0,0,3,0,0,,,,,,,,
0,/home/capc1/ProfitabilityTool-new-27-07-26/ProfitabilityTool/capc_dataset_work_RyrnQw/feature_variants/matrixReduction_serial_N_200000000.c,3,-2416630432054378496,7,0,1,0,1,0,0,0,0,0,0,1,2,1,16,8,2,0,0,0,3,0,0,,,,,,,,
0,/home/capc1/ProfitabilityTool-new-27-07-26/ProfitabilityTool/capc_dataset_work_RyrnQw/feature_variants/matrixReduction_serial_N_300000000.c,3,-1238598680542445568,7,0,1,0,1,0,0,0,0,0,0,1,2,1,16,8,2,0,0,0,3,0,0,,,,,,,,
0,/home/capc1/ProfitabilityTool-new-27-07-26/ProfitabilityTool/capc_dataset_work_RyrnQw/feature_variants/matrixReduction_serial_N_400000000.c,3,-886299382725476352,7,0,1,0,1,0,0,0,0,0,0,1,2,1,16,8,2,0,0,0,3,0,0,,,,,,,,
0,/home/capc1/ProfitabilityTool-new-27-07-26/ProfitabilityTool/capc_dataset_work_RyrnQw/feature_variants/matrixReduction_serial_N_500000000.c,3,-7783891381071642624,7,0,1,0,1,0,0,0,0,0,0,1,2,1,16,8,2,0,0,0,3,0,0,,,,,,,,
0,/home/capc1/ProfitabilityTool-new-27-07-26/ProfitabilityTool/capc_dataset_work_RyrnQw/feature_variants/matrixReduction_serial_N_600000000.c,3,8537954629369987072,0,0,0,0,0,0,0,0,0,0,0,0,0,0,0,0,0,0,0,0,0,0,0,,,,,,,,
0,/home/capc1/ProfitabilityTool-new-27-07-26/ProfitabilityTool/capc_dataset_work_RyrnQw/feature_variants/stencil1D_serial_N_1.c,1,-1,1,0,0,0,0,0,0,0,0,0,0,0,0,0,0,0,0,0,0,0,2,0,0,,,,,,,,
0,/home/capc1/ProfitabilityTool-new-27-07-26/ProfitabilityTool/capc_dataset_work_RyrnQw/feature_variants/stencil1D_serial_N_2.c,1,0,1,0,0,0,0,0,0,0,0,0,0,0,0,0,0,0,0,0,0,0,2,0,0,,,,,,,,
0,/home/capc1/ProfitabilityTool-new-27-07-26/ProfitabilityTool/capc_dataset_work_RyrnQw/feature_variants/stencil1D_serial_N_3.c,1,1,1,0,2,0,3,0,0,0,0,0,0,0,3,1,24,8,0,0,0,0,2,0,0,,,,,,,,
0,/home/capc1/ProfitabilityTool-new-27-07-26/ProfitabilityTool/capc_dataset_work_RyrnQw/feature_variants/stencil1D_serial_N_4.c,1,2,3,1,2,0,3,0,0,0,0,0,0,0,3,1,24,8,1,0,0,0,2,0,0,,,,,,,,
0,/home/capc1/ProfitabilityTool-new-27-07-26/ProfitabilityTool/capc_dataset_work_RyrnQw/feature_variants/stencil1D_serial_N_5.c,1,3,3,1,2,0,3,0,0,0,0,0,0,0,3,1,24,8,1,0,0,0,2,0,0,,,,,,,,
0,/home/capc1/ProfitabilityTool-new-27-07-26/ProfitabilityTool/capc_dataset_work_RyrnQw/feature_variants/stencil1D_serial_N_6.c,1,4,3,1,2,0,3,0,0,0,0,0,0,0,3,1,24,8,1,0,0,0,2,0,0,,,,,,,,
0,/home/capc1/ProfitabilityTool-new-27-07-26/ProfitabilityTool/capc_dataset_work_RyrnQw/feature_variants/stencil1D_serial_N_7.c,1,5,3,1,2,0,3,0,0,0,0,0,0,0,3,1,24,8,1,0,0,0,2,0,0,,,,,,,,
0,/home/capc1/ProfitabilityTool-new-27-07-26/ProfitabilityTool/capc_dataset_work_RyrnQw/feature_variants/stencil1D_serial_N_8.c,1,6,3,1,2,0,3,0,0,0,0,0,0,0,3,1,24,8,1,0,0,0,2,0,0,,,,,,,,
0,/home/capc1/ProfitabilityTool-new-27-07-26/ProfitabilityTool/capc_dataset_work_RyrnQw/feature_variants/stencil1D_serial_N_9.c,1,7,3,1,2,0,3,0,0,0,0,0,0,0,3,1,24,8,1,0,0,0,2,0,0,,,,,,,,
0,/home/capc1/ProfitabilityTool-new-27-07-26/ProfitabilityTool/capc_dataset_work_RyrnQw/feature_variants/stencil1D_serial_N_10.c,1,8,3,1,2,0,3,0,0,0,0,0,0,0,3,1,24,8,1,0,0,0,2,0,0,,,,,,,,
0,/home/capc1/ProfitabilityTool-new-27-07-26/ProfitabilityTool/capc_dataset_work_RyrnQw/feature_variants/stencil1D_serial_N_11.c,1,9,3,1,2,0,3,0,0,0,0,0,0,0,3,1,24,8,1,0,0,0,2,0,0,,,,,,,,
0,/home/capc1/ProfitabilityTool-new-27-07-26/ProfitabilityTool/capc_dataset_work_RyrnQw/feature_variants/stencil1D_serial_N_12.c,1,10,3,1,2,0,3,0,0,0,0,0,0,0,3,1,24,8,1,0,0,0,2,0,0,,,,,,,,
0,/home/capc1/ProfitabilityTool-new-27-07-26/ProfitabilityTool/capc_dataset_work_RyrnQw/feature_variants/stencil1D_serial_N_13.c,1,11,3,1,2,0,3,0,0,0,0,0,0,0,3,1,24,8,1,0,0,0,2,0,0,,,,,,,,
0,/home/capc1/ProfitabilityTool-new-27-07-26/ProfitabilityTool/capc_dataset_work_RyrnQw/feature_variants/stencil1D_serial_N_14.c,1,12,3,1,2,0,3,0,0,0,0,0,0,0,3,1,24,8,1,0,0,0,2,0,0,,,,,,,,
0,/home/capc1/ProfitabilityTool-new-27-07-26/ProfitabilityTool/capc_dataset_work_RyrnQw/feature_variants/stencil1D_serial_N_15.c,1,13,3,1,2,0,3,0,0,0,0,0,0,0,3,1,24,8,1,0,0,0,2,0,0,,,,,,,,
0,/home/capc1/ProfitabilityTool-new-27-07-26/ProfitabilityTool/capc_dataset_work_RyrnQw/feature_variants/stencil1D_serial_N_16.c,1,14,3,1,2,0,3,0,0,0,0,0,0,0,3,1,24,8,1,0,0,0,2,0,0,,,,,,,,
0,/home/capc1/ProfitabilityTool-new-27-07-26/ProfitabilityTool/capc_dataset_work_RyrnQw/feature_variants/stencil1D_serial_N_17.c,1,15,3,1,2,0,3,0,0,0,0,0,0,0,3,1,24,8,1,0,0,0,2,0,0,,,,,,,,
0,/home/capc1/ProfitabilityTool-new-27-07-26/ProfitabilityTool/capc_dataset_work_RyrnQw/feature_variants/stencil1D_serial_N_18.c,1,16,3,1,2,0,3,0,0,0,0,0,0,0,3,1,24,8,1,0,0,0,2,0,0,,,,,,,,
0,/home/capc1/ProfitabilityTool-new-27-07-26/ProfitabilityTool/capc_dataset_work_RyrnQw/feature_variants/stencil1D_serial_N_19.c,1,17,3,1,2,0,3,0,0,0,0,0,0,0,3,1,24,8,1,0,0,0,2,0,0,,,,,,,,
0,/home/capc1/ProfitabilityTool-new-27-07-26/ProfitabilityTool/capc_dataset_work_RyrnQw/feature_variants/stencil1D_serial_N_20.c,1,18,3,1,2,0,3,0,0,0,0,0,0,0,3,1,24,8,1,0,0,0,2,0,0,,,,,,,,
0,/home/capc1/ProfitabilityTool-new-27-07-26/ProfitabilityTool/capc_dataset_work_RyrnQw/feature_variants/stencil1D_serial_N_21.c,1,19,3,1,2,0,3,0,0,0,0,0,0,0,3,1,24,8,1,0,0,0,2,0,0,,,,,,,,
0,/home/capc1/ProfitabilityTool-new-27-07-26/ProfitabilityTool/capc_dataset_work_RyrnQw/feature_variants/stencil1D_serial_N_22.c,1,20,3,1,2,0,3,0,0,0,0,0,0,0,3,1,24,8,1,0,0,0,2,0,0,,,,,,,,
0,/home/capc1/ProfitabilityTool-new-27-07-26/ProfitabilityTool/capc_dataset_work_RyrnQw/feature_variants/stencil1D_serial_N_23.c,1,21,3,1,2,0,3,0,0,0,0,0,0,0,3,1,24,8,1,0,0,0,2,0,0,,,,,,,,
0,/home/capc1/ProfitabilityTool-new-27-07-26/ProfitabilityTool/capc_dataset_work_RyrnQw/feature_variants/stencil1D_serial_N_24.c,1,22,3,1,2,0,3,0,0,0,0,0,0,0,3,1,24,8,1,0,0,0,2,0,0,,,,,,,,
0,/home/capc1/ProfitabilityTool-new-27-07-26/ProfitabilityTool/capc_dataset_work_RyrnQw/feature_variants/stencil1D_serial_N_25.c,1,23,3,1,2,0,3,0,0,0,0,0,0,0,3,1,24,8,1,0,0,0,2,0,0,,,,,,,,
0,/home/capc1/ProfitabilityTool-new-27-07-26/ProfitabilityTool/capc_dataset_work_RyrnQw/feature_variants/stencil1D_serial_N_26.c,1,24,3,1,2,0,3,0,0,0,0,0,0,0,3,1,24,8,1,0,0,0,2,0,0,,,,,,,,
0,/home/capc1/ProfitabilityTool-new-27-07-26/ProfitabilityTool/capc_dataset_work_RyrnQw/feature_variants/stencil1D_serial_N_27.c,1,25,3,1,2,0,3,0,0,0,0,0,0,0,3,1,24,8,1,0,0,0,2,0,0,,,,,,,,
0,/home/capc1/ProfitabilityTool-new-27-07-26/ProfitabilityTool/capc_dataset_work_RyrnQw/feature_variants/stencil1D_serial_N_28.c,1,26,3,1,2,0,3,0,0,0,0,0,0,0,3,1,24,8,1,0,0,0,2,0,0,,,,,,,,
0,/home/capc1/ProfitabilityTool-new-27-07-26/ProfitabilityTool/capc_dataset_work_RyrnQw/feature_variants/stencil1D_serial_N_29.c,1,27,3,1,2,0,3,0,0,0,0,0,0,0,3,1,24,8,1,0,0,0,2,0,0,,,,,,,,
0,/home/capc1/ProfitabilityTool-new-27-07-26/ProfitabilityTool/capc_dataset_work_RyrnQw/feature_variants/stencil1D_serial_N_30.c,1,28,3,1,2,0,3,0,0,0,0,0,0,0,3,1,24,8,1,0,0,0,2,0,0,,,,,,,,
0,/home/capc1/ProfitabilityTool-new-27-07-26/ProfitabilityTool/capc_dataset_work_RyrnQw/feature_variants/stencil1D_serial_N_31.c,1,29,3,1,2,0,3,0,0,0,0,0,0,0,3,1,24,8,1,0,0,0,2,0,0,,,,,,,,
0,/home/capc1/ProfitabilityTool-new-27-07-26/ProfitabilityTool/capc_dataset_work_RyrnQw/feature_variants/stencil1D_serial_N_32.c,1,30,3,1,2,0,3,0,0,0,0,0,0,0,3,1,24,8,1,0,0,0,2,0,0,,,,,,,,
0,/home/capc1/ProfitabilityTool-new-27-07-26/ProfitabilityTool/capc_dataset_work_RyrnQw/feature_variants/stencil1D_serial_N_33.c,1,31,3,1,2,0,3,0,0,0,0,0,0,0,3,1,24,8,1,0,0,0,2,0,0,,,,,,,,
0,/home/capc1/ProfitabilityTool-new-27-07-26/ProfitabilityTool/capc_dataset_work_RyrnQw/feature_variants/stencil1D_serial_N_34.c,1,32,3,1,2,0,3,0,0,0,0,0,0,0,3,1,24,8,1,0,0,0,2,0,0,,,,,,,,
0,/home/capc1/ProfitabilityTool-new-27-07-26/ProfitabilityTool/capc_dataset_work_RyrnQw/feature_variants/stencil1D_serial_N_35.c,1,33,3,1,2,0,3,0,0,0,0,0,0,0,3,1,24,8,1,0,0,0,2,0,0,,,,,,,,
0,/home/capc1/ProfitabilityTool-new-27-07-26/ProfitabilityTool/capc_dataset_work_RyrnQw/feature_variants/stencil1D_serial_N_36.c,1,34,3,1,2,0,3,0,0,0,0,0,0,0,3,1,24,8,1,0,0,0,2,0,0,,,,,,,,
0,/home/capc1/ProfitabilityTool-new-27-07-26/ProfitabilityTool/capc_dataset_work_RyrnQw/feature_variants/stencil1D_serial_N_37.c,1,35,3,1,2,0,3,0,0,0,0,0,0,0,3,1,24,8,1,0,0,0,2,0,0,,,,,,,,
0,/home/capc1/ProfitabilityTool-new-27-07-26/ProfitabilityTool/capc_dataset_work_RyrnQw/feature_variants/stencil1D_serial_N_38.c,1,36,3,1,2,0,3,0,0,0,0,0,0,0,3,1,24,8,1,0,0,0,2,0,0,,,,,,,,
0,/home/capc1/ProfitabilityTool-new-27-07-26/ProfitabilityTool/capc_dataset_work_RyrnQw/feature_variants/stencil1D_serial_N_39.c,1,37,3,1,2,0,3,0,0,0,0,0,0,0,3,1,24,8,1,0,0,0,2,0,0,,,,,,,,
0,/home/capc1/ProfitabilityTool-new-27-07-26/ProfitabilityTool/capc_dataset_work_RyrnQw/feature_variants/stencil1D_serial_N_40.c,1,38,3,1,2,0,3,0,0,0,0,0,0,0,3,1,24,8,1,0,0,0,2,0,0,,,,,,,,
0,/home/capc1/ProfitabilityTool-new-27-07-26/ProfitabilityTool/capc_dataset_work_RyrnQw/feature_variants/stencil1D_serial_N_41.c,1,39,3,1,2,0,3,0,0,0,0,0,0,0,3,1,24,8,1,0,0,0,2,0,0,,,,,,,,
0,/home/capc1/ProfitabilityTool-new-27-07-26/ProfitabilityTool/capc_dataset_work_RyrnQw/feature_variants/stencil1D_serial_N_42.c,1,40,3,1,2,0,3,0,0,0,0,0,0,0,3,1,24,8,1,0,0,0,2,0,0,,,,,,,,
0,/home/capc1/ProfitabilityTool-new-27-07-26/ProfitabilityTool/capc_dataset_work_RyrnQw/feature_variants/stencil1D_serial_N_43.c,1,41,3,1,2,0,3,0,0,0,0,0,0,0,3,1,24,8,1,0,0,0,2,0,0,,,,,,,,
0,/home/capc1/ProfitabilityTool-new-27-07-26/ProfitabilityTool/capc_dataset_work_RyrnQw/feature_variants/stencil1D_serial_N_44.c,1,42,3,1,2,0,3,0,0,0,0,0,0,0,3,1,24,8,1,0,0,0,2,0,0,,,,,,,,
0,/home/capc1/ProfitabilityTool-new-27-07-26/ProfitabilityTool/capc_dataset_work_RyrnQw/feature_variants/stencil1D_serial_N_45.c,1,43,3,1,2,0,3,0,0,0,0,0,0,0,3,1,24,8,1,0,0,0,2,0,0,,,,,,,,
0,/home/capc1/ProfitabilityTool-new-27-07-26/ProfitabilityTool/capc_dataset_work_RyrnQw/feature_variants/stencil1D_serial_N_46.c,1,44,3,1,2,0,3,0,0,0,0,0,0,0,3,1,24,8,1,0,0,0,2,0,0,,,,,,,,
0,/home/capc1/ProfitabilityTool-new-27-07-26/ProfitabilityTool/capc_dataset_work_RyrnQw/feature_variants/stencil1D_serial_N_47.c,1,45,3,1,2,0,3,0,0,0,0,0,0,0,3,1,24,8,1,0,0,0,2,0,0,,,,,,,,
0,/home/capc1/ProfitabilityTool-new-27-07-26/ProfitabilityTool/capc_dataset_work_RyrnQw/feature_variants/stencil1D_serial_N_48.c,1,46,3,1,2,0,3,0,0,0,0,0,0,0,3,1,24,8,1,0,0,0,2,0,0,,,,,,,,
0,/home/capc1/ProfitabilityTool-new-27-07-26/ProfitabilityTool/capc_dataset_work_RyrnQw/feature_variants/stencil1D_serial_N_49.c,1,47,3,1,2,0,3,0,0,0,0,0,0,0,3,1,24,8,1,0,0,0,2,0,0,,,,,,,,
0,/home/capc1/ProfitabilityTool-new-27-07-26/ProfitabilityTool/capc_dataset_work_RyrnQw/feature_variants/stencil1D_serial_N_50.c,1,48,3,1,2,0,3,0,0,0,0,0,0,0,3,1,24,8,1,0,0,0,2,0,0,,,,,,,,
0,/home/capc1/ProfitabilityTool-new-27-07-26/ProfitabilityTool/capc_dataset_work_RyrnQw/feature_variants/stencil1D_serial_N_51.c,1,49,3,1,2,0,3,0,0,0,0,0,0,0,3,1,24,8,1,0,0,0,2,0,0,,,,,,,,
0,/home/capc1/ProfitabilityTool-new-27-07-26/ProfitabilityTool/capc_dataset_work_RyrnQw/feature_variants/stencil1D_serial_N_52.c,1,50,3,1,2,0,3,0,0,0,0,0,0,0,3,1,24,8,1,0,0,0,2,0,0,,,,,,,,
0,/home/capc1/ProfitabilityTool-new-27-07-26/ProfitabilityTool/capc_dataset_work_RyrnQw/feature_variants/stencil1D_serial_N_53.c,1,51,3,1,2,0,3,0,0,0,0,0,0,0,3,1,24,8,1,0,0,0,2,0,0,,,,,,,,
0,/home/capc1/ProfitabilityTool-new-27-07-26/ProfitabilityTool/capc_dataset_work_RyrnQw/feature_variants/stencil1D_serial_N_54.c,1,52,3,1,2,0,3,0,0,0,0,0,0,0,3,1,24,8,1,0,0,0,2,0,0,,,,,,,,
0,/home/capc1/ProfitabilityTool-new-27-07-26/ProfitabilityTool/capc_dataset_work_RyrnQw/feature_variants/stencil1D_serial_N_55.c,1,53,3,1,2,0,3,0,0,0,0,0,0,0,3,1,24,8,1,0,0,0,2,0,0,,,,,,,,
0,/home/capc1/ProfitabilityTool-new-27-07-26/ProfitabilityTool/capc_dataset_work_RyrnQw/feature_variants/stencil1D_serial_N_56.c,1,54,3,1,2,0,3,0,0,0,0,0,0,0,3,1,24,8,1,0,0,0,2,0,0,,,,,,,,
0,/home/capc1/ProfitabilityTool-new-27-07-26/ProfitabilityTool/capc_dataset_work_RyrnQw/feature_variants/stencil1D_serial_N_57.c,1,55,3,1,2,0,3,0,0,0,0,0,0,0,3,1,24,8,1,0,0,0,2,0,0,,,,,,,,
0,/home/capc1/ProfitabilityTool-new-27-07-26/ProfitabilityTool/capc_dataset_work_RyrnQw/feature_variants/stencil1D_serial_N_58.c,1,56,3,1,2,0,3,0,0,0,0,0,0,0,3,1,24,8,1,0,0,0,2,0,0,,,,,,,,
0,/home/capc1/ProfitabilityTool-new-27-07-26/ProfitabilityTool/capc_dataset_work_RyrnQw/feature_variants/stencil1D_serial_N_59.c,1,57,3,1,2,0,3,0,0,0,0,0,0,0,3,1,24,8,1,0,0,0,2,0,0,,,,,,,,
0,/home/capc1/ProfitabilityTool-new-27-07-26/ProfitabilityTool/capc_dataset_work_RyrnQw/feature_variants/stencil1D_serial_N_60.c,1,58,3,1,2,0,3,0,0,0,0,0,0,0,3,1,24,8,1,0,0,0,2,0,0,,,,,,,,
0,/home/capc1/ProfitabilityTool-new-27-07-26/ProfitabilityTool/capc_dataset_work_RyrnQw/feature_variants/stencil1D_serial_N_61.c,1,59,3,1,2,0,3,0,0,0,0,0,0,0,3,1,24,8,1,0,0,0,2,0,0,,,,,,,,
0,/home/capc1/ProfitabilityTool-new-27-07-26/ProfitabilityTool/capc_dataset_work_RyrnQw/feature_variants/stencil1D_serial_N_62.c,1,60,3,1,2,0,3,0,0,0,0,0,0,0,3,1,24,8,1,0,0,0,2,0,0,,,,,,,,
0,/home/capc1/ProfitabilityTool-new-27-07-26/ProfitabilityTool/capc_dataset_work_RyrnQw/feature_variants/stencil1D_serial_N_63.c,1,61,3,1,2,0,3,0,0,0,0,0,0,0,3,1,24,8,1,0,0,0,2,0,0,,,,,,,,
0,/home/capc1/ProfitabilityTool-new-27-07-26/ProfitabilityTool/capc_dataset_work_RyrnQw/feature_variants/stencil1D_serial_N_64.c,1,62,3,1,2,0,3,0,0,0,0,0,0,0,3,1,24,8,1,0,0,0,2,0,0,,,,,,,,
0,/home/capc1/ProfitabilityTool-new-27-07-26/ProfitabilityTool/capc_dataset_work_RyrnQw/feature_variants/stencil1D_serial_N_65.c,1,63,3,1,2,0,3,0,0,0,0,0,0,0,3,1,24,8,1,0,0,0,2,0,0,,,,,,,,
0,/home/capc1/ProfitabilityTool-new-27-07-26/ProfitabilityTool/capc_dataset_work_RyrnQw/feature_variants/stencil1D_serial_N_66.c,1,64,3,1,2,0,3,0,0,0,0,0,0,0,3,1,24,8,1,0,0,0,2,0,0,,,,,,,,
0,/home/capc1/ProfitabilityTool-new-27-07-26/ProfitabilityTool/capc_dataset_work_RyrnQw/feature_variants/stencil1D_serial_N_67.c,1,65,3,1,2,0,3,0,0,0,0,0,0,0,3,1,24,8,1,0,0,0,2,0,0,,,,,,,,
0,/home/capc1/ProfitabilityTool-new-27-07-26/ProfitabilityTool/capc_dataset_work_RyrnQw/feature_variants/stencil1D_serial_N_68.c,1,66,3,1,2,0,3,0,0,0,0,0,0,0,3,1,24,8,1,0,0,0,2,0,0,,,,,,,,
0,/home/capc1/ProfitabilityTool-new-27-07-26/ProfitabilityTool/capc_dataset_work_RyrnQw/feature_variants/stencil1D_serial_N_69.c,1,67,3,1,2,0,3,0,0,0,0,0,0,0,3,1,24,8,1,0,0,0,2,0,0,,,,,,,,
0,/home/capc1/ProfitabilityTool-new-27-07-26/ProfitabilityTool/capc_dataset_work_RyrnQw/feature_variants/stencil1D_serial_N_70.c,1,68,3,1,2,0,3,0,0,0,0,0,0,0,3,1,24,8,1,0,0,0,2,0,0,,,,,,,,
0,/home/capc1/ProfitabilityTool-new-27-07-26/ProfitabilityTool/capc_dataset_work_RyrnQw/feature_variants/stencil1D_serial_N_71.c,1,69,3,1,2,0,3,0,0,0,0,0,0,0,3,1,24,8,1,0,0,0,2,0,0,,,,,,,,
0,/home/capc1/ProfitabilityTool-new-27-07-26/ProfitabilityTool/capc_dataset_work_RyrnQw/feature_variants/stencil1D_serial_N_72.c,1,70,3,1,2,0,3,0,0,0,0,0,0,0,3,1,24,8,1,0,0,0,2,0,0,,,,,,,,
0,/home/capc1/ProfitabilityTool-new-27-07-26/ProfitabilityTool/capc_dataset_work_RyrnQw/feature_variants/stencil1D_serial_N_73.c,1,71,3,1,2,0,3,0,0,0,0,0,0,0,3,1,24,8,1,0,0,0,2,0,0,,,,,,,,
0,/home/capc1/ProfitabilityTool-new-27-07-26/ProfitabilityTool/capc_dataset_work_RyrnQw/feature_variants/stencil1D_serial_N_74.c,1,72,3,1,2,0,3,0,0,0,0,0,0,0,3,1,24,8,1,0,0,0,2,0,0,,,,,,,,
0,/home/capc1/ProfitabilityTool-new-27-07-26/ProfitabilityTool/capc_dataset_work_RyrnQw/feature_variants/stencil1D_serial_N_75.c,1,73,3,1,2,0,3,0,0,0,0,0,0,0,3,1,24,8,1,0,0,0,2,0,0,,,,,,,,
0,/home/capc1/ProfitabilityTool-new-27-07-26/ProfitabilityTool/capc_dataset_work_RyrnQw/feature_variants/stencil1D_serial_N_76.c,1,74,3,1,2,0,3,0,0,0,0,0,0,0,3,1,24,8,1,0,0,0,2,0,0,,,,,,,,
0,/home/capc1/ProfitabilityTool-new-27-07-26/ProfitabilityTool/capc_dataset_work_RyrnQw/feature_variants/stencil1D_serial_N_77.c,1,75,3,1,2,0,3,0,0,0,0,0,0,0,3,1,24,8,1,0,0,0,2,0,0,,,,,,,,
0,/home/capc1/ProfitabilityTool-new-27-07-26/ProfitabilityTool/capc_dataset_work_RyrnQw/feature_variants/stencil1D_serial_N_78.c,1,76,3,1,2,0,3,0,0,0,0,0,0,0,3,1,24,8,1,0,0,0,2,0,0,,,,,,,,
0,/home/capc1/ProfitabilityTool-new-27-07-26/ProfitabilityTool/capc_dataset_work_RyrnQw/feature_variants/stencil1D_serial_N_79.c,1,77,3,1,2,0,3,0,0,0,0,0,0,0,3,1,24,8,1,0,0,0,2,0,0,,,,,,,,
0,/home/capc1/ProfitabilityTool-new-27-07-26/ProfitabilityTool/capc_dataset_work_RyrnQw/feature_variants/stencil1D_serial_N_80.c,1,78,3,1,2,0,3,0,0,0,0,0,0,0,3,1,24,8,1,0,0,0,2,0,0,,,,,,,,
0,/home/capc1/ProfitabilityTool-new-27-07-26/ProfitabilityTool/capc_dataset_work_RyrnQw/feature_variants/stencil1D_serial_N_81.c,1,79,3,1,2,0,3,0,0,0,0,0,0,0,3,1,24,8,1,0,0,0,2,0,0,,,,,,,,
0,/home/capc1/ProfitabilityTool-new-27-07-26/ProfitabilityTool/capc_dataset_work_RyrnQw/feature_variants/stencil1D_serial_N_82.c,1,80,3,1,2,0,3,0,0,0,0,0,0,0,3,1,24,8,1,0,0,0,2,0,0,,,,,,,,
0,/home/capc1/ProfitabilityTool-new-27-07-26/ProfitabilityTool/capc_dataset_work_RyrnQw/feature_variants/stencil1D_serial_N_83.c,1,81,3,1,2,0,3,0,0,0,0,0,0,0,3,1,24,8,1,0,0,0,2,0,0,,,,,,,,
0,/home/capc1/ProfitabilityTool-new-27-07-26/ProfitabilityTool/capc_dataset_work_RyrnQw/feature_variants/stencil1D_serial_N_84.c,1,82,3,1,2,0,3,0,0,0,0,0,0,0,3,1,24,8,1,0,0,0,2,0,0,,,,,,,,
0,/home/capc1/ProfitabilityTool-new-27-07-26/ProfitabilityTool/capc_dataset_work_RyrnQw/feature_variants/stencil1D_serial_N_85.c,1,83,3,1,2,0,3,0,0,0,0,0,0,0,3,1,24,8,1,0,0,0,2,0,0,,,,,,,,
0,/home/capc1/ProfitabilityTool-new-27-07-26/ProfitabilityTool/capc_dataset_work_RyrnQw/feature_variants/stencil1D_serial_N_86.c,1,84,3,1,2,0,3,0,0,0,0,0,0,0,3,1,24,8,1,0,0,0,2,0,0,,,,,,,,
0,/home/capc1/ProfitabilityTool-new-27-07-26/ProfitabilityTool/capc_dataset_work_RyrnQw/feature_variants/stencil1D_serial_N_87.c,1,85,3,1,2,0,3,0,0,0,0,0,0,0,3,1,24,8,1,0,0,0,2,0,0,,,,,,,,
0,/home/capc1/ProfitabilityTool-new-27-07-26/ProfitabilityTool/capc_dataset_work_RyrnQw/feature_variants/stencil1D_serial_N_88.c,1,86,3,1,2,0,3,0,0,0,0,0,0,0,3,1,24,8,1,0,0,0,2,0,0,,,,,,,,
0,/home/capc1/ProfitabilityTool-new-27-07-26/ProfitabilityTool/capc_dataset_work_RyrnQw/feature_variants/stencil1D_serial_N_89.c,1,87,3,1,2,0,3,0,0,0,0,0,0,0,3,1,24,8,1,0,0,0,2,0,0,,,,,,,,
0,/home/capc1/ProfitabilityTool-new-27-07-26/ProfitabilityTool/capc_dataset_work_RyrnQw/feature_variants/stencil1D_serial_N_90.c,1,88,3,1,2,0,3,0,0,0,0,0,0,0,3,1,24,8,1,0,0,0,2,0,0,,,,,,,,
0,/home/capc1/ProfitabilityTool-new-27-07-26/ProfitabilityTool/capc_dataset_work_RyrnQw/feature_variants/stencil1D_serial_N_91.c,1,89,3,1,2,0,3,0,0,0,0,0,0,0,3,1,24,8,1,0,0,0,2,0,0,,,,,,,,
0,/home/capc1/ProfitabilityTool-new-27-07-26/ProfitabilityTool/capc_dataset_work_RyrnQw/feature_variants/stencil1D_serial_N_92.c,1,90,3,1,2,0,3,0,0,0,0,0,0,0,3,1,24,8,1,0,0,0,2,0,0,,,,,,,,
0,/home/capc1/ProfitabilityTool-new-27-07-26/ProfitabilityTool/capc_dataset_work_RyrnQw/feature_variants/stencil1D_serial_N_93.c,1,91,3,1,2,0,3,0,0,0,0,0,0,0,3,1,24,8,1,0,0,0,2,0,0,,,,,,,,
0,/home/capc1/ProfitabilityTool-new-27-07-26/ProfitabilityTool/capc_dataset_work_RyrnQw/feature_variants/stencil1D_serial_N_94.c,1,92,3,1,2,0,3,0,0,0,0,0,0,0,3,1,24,8,1,0,0,0,2,0,0,,,,,,,,
0,/home/capc1/ProfitabilityTool-new-27-07-26/ProfitabilityTool/capc_dataset_work_RyrnQw/feature_variants/stencil1D_serial_N_95.c,1,93,3,1,2,0,3,0,0,0,0,0,0,0,3,1,24,8,1,0,0,0,2,0,0,,,,,,,,
0,/home/capc1/ProfitabilityTool-new-27-07-26/ProfitabilityTool/capc_dataset_work_RyrnQw/feature_variants/stencil1D_serial_N_96.c,1,94,3,1,2,0,3,0,0,0,0,0,0,0,3,1,24,8,1,0,0,0,2,0,0,,,,,,,,
0,/home/capc1/ProfitabilityTool-new-27-07-26/ProfitabilityTool/capc_dataset_work_RyrnQw/feature_variants/stencil1D_serial_N_97.c,1,95,3,1,2,0,3,0,0,0,0,0,0,0,3,1,24,8,1,0,0,0,2,0,0,,,,,,,,
0,/home/capc1/ProfitabilityTool-new-27-07-26/ProfitabilityTool/capc_dataset_work_RyrnQw/feature_variants/stencil1D_serial_N_98.c,1,96,3,1,2,0,3,0,0,0,0,0,0,0,3,1,24,8,1,0,0,0,2,0,0,,,,,,,,
0,/home/capc1/ProfitabilityTool-new-27-07-26/ProfitabilityTool/capc_dataset_work_RyrnQw/feature_variants/stencil1D_serial_N_99.c,1,97,3,1,2,0,3,0,0,0,0,0,0,0,3,1,24,8,1,0,0,0,2,0,0,,,,,,,,
0,/home/capc1/ProfitabilityTool-new-27-07-26/ProfitabilityTool/capc_dataset_work_RyrnQw/feature_variants/stencil1D_serial_N_100.c,1,98,3,1,2,0,3,0,0,0,0,0,0,0,3,1,24,8,1,0,0,0,2,0,0,,,,,,,,
0,/home/capc1/ProfitabilityTool-new-27-07-26/ProfitabilityTool/capc_dataset_work_RyrnQw/feature_variants/stencil1D_serial_N_101.c,1,99,3,1,2,0,3,0,0,0,0,0,0,0,3,1,24,8,1,0,0,0,2,0,0,,,,,,,,
0,/home/capc1/ProfitabilityTool-new-27-07-26/ProfitabilityTool/capc_dataset_work_RyrnQw/feature_variants/stencil1D_serial_N_102.c,1,100,3,1,2,0,3,0,0,0,0,0,0,0,3,1,24,8,1,0,0,0,2,0,0,,,,,,,,
0,/home/capc1/ProfitabilityTool-new-27-07-26/ProfitabilityTool/capc_dataset_work_RyrnQw/feature_variants/stencil1D_serial_N_103.c,1,101,3,1,2,0,3,0,0,0,0,0,0,0,3,1,24,8,1,0,0,0,2,0,0,,,,,,,,
0,/home/capc1/ProfitabilityTool-new-27-07-26/ProfitabilityTool/capc_dataset_work_RyrnQw/feature_variants/stencil1D_serial_N_104.c,1,102,3,1,2,0,3,0,0,0,0,0,0,0,3,1,24,8,1,0,0,0,2,0,0,,,,,,,,
0,/home/capc1/ProfitabilityTool-new-27-07-26/ProfitabilityTool/capc_dataset_work_RyrnQw/feature_variants/stencil1D_serial_N_105.c,1,103,3,1,2,0,3,0,0,0,0,0,0,0,3,1,24,8,1,0,0,0,2,0,0,,,,,,,,
0,/home/capc1/ProfitabilityTool-new-27-07-26/ProfitabilityTool/capc_dataset_work_RyrnQw/feature_variants/stencil1D_serial_N_106.c,1,104,3,1,2,0,3,0,0,0,0,0,0,0,3,1,24,8,1,0,0,0,2,0,0,,,,,,,,
0,/home/capc1/ProfitabilityTool-new-27-07-26/ProfitabilityTool/capc_dataset_work_RyrnQw/feature_variants/stencil1D_serial_N_107.c,1,105,3,1,2,0,3,0,0,0,0,0,0,0,3,1,24,8,1,0,0,0,2,0,0,,,,,,,,
0,/home/capc1/ProfitabilityTool-new-27-07-26/ProfitabilityTool/capc_dataset_work_RyrnQw/feature_variants/stencil1D_serial_N_108.c,1,106,3,1,2,0,3,0,0,0,0,0,0,0,3,1,24,8,1,0,0,0,2,0,0,,,,,,,,
0,/home/capc1/ProfitabilityTool-new-27-07-26/ProfitabilityTool/capc_dataset_work_RyrnQw/feature_variants/stencil1D_serial_N_109.c,1,107,3,1,2,0,3,0,0,0,0,0,0,0,3,1,24,8,1,0,0,0,2,0,0,,,,,,,,
0,/home/capc1/ProfitabilityTool-new-27-07-26/ProfitabilityTool/capc_dataset_work_RyrnQw/feature_variants/stencil1D_serial_N_110.c,1,108,3,1,2,0,3,0,0,0,0,0,0,0,3,1,24,8,1,0,0,0,2,0,0,,,,,,,,
0,/home/capc1/ProfitabilityTool-new-27-07-26/ProfitabilityTool/capc_dataset_work_RyrnQw/feature_variants/stencil1D_serial_N_111.c,1,109,3,1,2,0,3,0,0,0,0,0,0,0,3,1,24,8,1,0,0,0,2,0,0,,,,,,,,
0,/home/capc1/ProfitabilityTool-new-27-07-26/ProfitabilityTool/capc_dataset_work_RyrnQw/feature_variants/stencil1D_serial_N_112.c,1,110,3,1,2,0,3,0,0,0,0,0,0,0,3,1,24,8,1,0,0,0,2,0,0,,,,,,,,
0,/home/capc1/ProfitabilityTool-new-27-07-26/ProfitabilityTool/capc_dataset_work_RyrnQw/feature_variants/stencil1D_serial_N_113.c,1,111,3,1,2,0,3,0,0,0,0,0,0,0,3,1,24,8,1,0,0,0,2,0,0,,,,,,,,
0,/home/capc1/ProfitabilityTool-new-27-07-26/ProfitabilityTool/capc_dataset_work_RyrnQw/feature_variants/stencil1D_serial_N_114.c,1,112,3,1,2,0,3,0,0,0,0,0,0,0,3,1,24,8,1,0,0,0,2,0,0,,,,,,,,
0,/home/capc1/ProfitabilityTool-new-27-07-26/ProfitabilityTool/capc_dataset_work_RyrnQw/feature_variants/stencil1D_serial_N_115.c,1,113,3,1,2,0,3,0,0,0,0,0,0,0,3,1,24,8,1,0,0,0,2,0,0,,,,,,,,
0,/home/capc1/ProfitabilityTool-new-27-07-26/ProfitabilityTool/capc_dataset_work_RyrnQw/feature_variants/stencil1D_serial_N_116.c,1,114,3,1,2,0,3,0,0,0,0,0,0,0,3,1,24,8,1,0,0,0,2,0,0,,,,,,,,
0,/home/capc1/ProfitabilityTool-new-27-07-26/ProfitabilityTool/capc_dataset_work_RyrnQw/feature_variants/stencil1D_serial_N_117.c,1,115,3,1,2,0,3,0,0,0,0,0,0,0,3,1,24,8,1,0,0,0,2,0,0,,,,,,,,
0,/home/capc1/ProfitabilityTool-new-27-07-26/ProfitabilityTool/capc_dataset_work_RyrnQw/feature_variants/stencil1D_serial_N_118.c,1,116,3,1,2,0,3,0,0,0,0,0,0,0,3,1,24,8,1,0,0,0,2,0,0,,,,,,,,
0,/home/capc1/ProfitabilityTool-new-27-07-26/ProfitabilityTool/capc_dataset_work_RyrnQw/feature_variants/stencil1D_serial_N_119.c,1,117,3,1,2,0,3,0,0,0,0,0,0,0,3,1,24,8,1,0,0,0,2,0,0,,,,,,,,
0,/home/capc1/ProfitabilityTool-new-27-07-26/ProfitabilityTool/capc_dataset_work_RyrnQw/feature_variants/stencil1D_serial_N_120.c,1,118,3,1,2,0,3,0,0,0,0,0,0,0,3,1,24,8,1,0,0,0,2,0,0,,,,,,,,
0,/home/capc1/ProfitabilityTool-new-27-07-26/ProfitabilityTool/capc_dataset_work_RyrnQw/feature_variants/stencil1D_serial_N_121.c,1,119,3,1,2,0,3,0,0,0,0,0,0,0,3,1,24,8,1,0,0,0,2,0,0,,,,,,,,
0,/home/capc1/ProfitabilityTool-new-27-07-26/ProfitabilityTool/capc_dataset_work_RyrnQw/feature_variants/stencil1D_serial_N_122.c,1,120,3,1,2,0,3,0,0,0,0,0,0,0,3,1,24,8,1,0,0,0,2,0,0,,,,,,,,
0,/home/capc1/ProfitabilityTool-new-27-07-26/ProfitabilityTool/capc_dataset_work_RyrnQw/feature_variants/stencil1D_serial_N_123.c,1,121,3,1,2,0,3,0,0,0,0,0,0,0,3,1,24,8,1,0,0,0,2,0,0,,,,,,,,
0,/home/capc1/ProfitabilityTool-new-27-07-26/ProfitabilityTool/capc_dataset_work_RyrnQw/feature_variants/stencil1D_serial_N_124.c,1,122,3,1,2,0,3,0,0,0,0,0,0,0,3,1,24,8,1,0,0,0,2,0,0,,,,,,,,
0,/home/capc1/ProfitabilityTool-new-27-07-26/ProfitabilityTool/capc_dataset_work_RyrnQw/feature_variants/stencil1D_serial_N_125.c,1,123,3,1,2,0,3,0,0,0,0,0,0,0,3,1,24,8,1,0,0,0,2,0,0,,,,,,,,
0,/home/capc1/ProfitabilityTool-new-27-07-26/ProfitabilityTool/capc_dataset_work_RyrnQw/feature_variants/stencil1D_serial_N_126.c,1,124,3,1,2,0,3,0,0,0,0,0,0,0,3,1,24,8,1,0,0,0,2,0,0,,,,,,,,
0,/home/capc1/ProfitabilityTool-new-27-07-26/ProfitabilityTool/capc_dataset_work_RyrnQw/feature_variants/stencil1D_serial_N_127.c,1,125,3,1,2,0,3,0,0,0,0,0,0,0,3,1,24,8,1,0,0,0,2,0,0,,,,,,,,
0,/home/capc1/ProfitabilityTool-new-27-07-26/ProfitabilityTool/capc_dataset_work_RyrnQw/feature_variants/stencil1D_serial_N_128.c,1,126,3,1,2,0,3,0,0,0,0,0,0,0,3,1,24,8,1,0,0,0,2,0,0,,,,,,,,
0,/home/capc1/ProfitabilityTool-new-27-07-26/ProfitabilityTool/capc_dataset_work_RyrnQw/feature_variants/stencil1D_serial_N_129.c,1,127,3,1,2,0,3,0,0,0,0,0,0,0,3,1,24,8,1,0,0,0,2,0,0,,,,,,,,
0,/home/capc1/ProfitabilityTool-new-27-07-26/ProfitabilityTool/capc_dataset_work_RyrnQw/feature_variants/stencil1D_serial_N_130.c,1,128,3,1,2,0,3,0,0,0,0,0,0,0,3,1,24,8,1,0,0,0,2,0,0,,,,,,,,
0,/home/capc1/ProfitabilityTool-new-27-07-26/ProfitabilityTool/capc_dataset_work_RyrnQw/feature_variants/stencil1D_serial_N_131.c,1,129,3,1,2,0,3,0,0,0,0,0,0,0,3,1,24,8,1,0,0,0,2,0,0,,,,,,,,
0,/home/capc1/ProfitabilityTool-new-27-07-26/ProfitabilityTool/capc_dataset_work_RyrnQw/feature_variants/stencil1D_serial_N_132.c,1,130,3,1,2,0,3,0,0,0,0,0,0,0,3,1,24,8,1,0,0,0,2,0,0,,,,,,,,
0,/home/capc1/ProfitabilityTool-new-27-07-26/ProfitabilityTool/capc_dataset_work_RyrnQw/feature_variants/stencil1D_serial_N_133.c,1,131,3,1,2,0,3,0,0,0,0,0,0,0,3,1,24,8,1,0,0,0,2,0,0,,,,,,,,
0,/home/capc1/ProfitabilityTool-new-27-07-26/ProfitabilityTool/capc_dataset_work_RyrnQw/feature_variants/stencil1D_serial_N_134.c,1,132,3,1,2,0,3,0,0,0,0,0,0,0,3,1,24,8,1,0,0,0,2,0,0,,,,,,,,
0,/home/capc1/ProfitabilityTool-new-27-07-26/ProfitabilityTool/capc_dataset_work_RyrnQw/feature_variants/stencil1D_serial_N_135.c,1,133,3,1,2,0,3,0,0,0,0,0,0,0,3,1,24,8,1,0,0,0,2,0,0,,,,,,,,
0,/home/capc1/ProfitabilityTool-new-27-07-26/ProfitabilityTool/capc_dataset_work_RyrnQw/feature_variants/stencil1D_serial_N_136.c,1,134,3,1,2,0,3,0,0,0,0,0,0,0,3,1,24,8,1,0,0,0,2,0,0,,,,,,,,
0,/home/capc1/ProfitabilityTool-new-27-07-26/ProfitabilityTool/capc_dataset_work_RyrnQw/feature_variants/stencil1D_serial_N_137.c,1,135,3,1,2,0,3,0,0,0,0,0,0,0,3,1,24,8,1,0,0,0,2,0,0,,,,,,,,
0,/home/capc1/ProfitabilityTool-new-27-07-26/ProfitabilityTool/capc_dataset_work_RyrnQw/feature_variants/stencil1D_serial_N_138.c,1,136,3,1,2,0,3,0,0,0,0,0,0,0,3,1,24,8,1,0,0,0,2,0,0,,,,,,,,
0,/home/capc1/ProfitabilityTool-new-27-07-26/ProfitabilityTool/capc_dataset_work_RyrnQw/feature_variants/stencil1D_serial_N_139.c,1,137,3,1,2,0,3,0,0,0,0,0,0,0,3,1,24,8,1,0,0,0,2,0,0,,,,,,,,
0,/home/capc1/ProfitabilityTool-new-27-07-26/ProfitabilityTool/capc_dataset_work_RyrnQw/feature_variants/stencil1D_serial_N_140.c,1,138,3,1,2,0,3,0,0,0,0,0,0,0,3,1,24,8,1,0,0,0,2,0,0,,,,,,,,
0,/home/capc1/ProfitabilityTool-new-27-07-26/ProfitabilityTool/capc_dataset_work_RyrnQw/feature_variants/stencil1D_serial_N_141.c,1,139,3,1,2,0,3,0,0,0,0,0,0,0,3,1,24,8,1,0,0,0,2,0,0,,,,,,,,
0,/home/capc1/ProfitabilityTool-new-27-07-26/ProfitabilityTool/capc_dataset_work_RyrnQw/feature_variants/stencil1D_serial_N_142.c,1,140,3,1,2,0,3,0,0,0,0,0,0,0,3,1,24,8,1,0,0,0,2,0,0,,,,,,,,
0,/home/capc1/ProfitabilityTool-new-27-07-26/ProfitabilityTool/capc_dataset_work_RyrnQw/feature_variants/stencil1D_serial_N_143.c,1,141,3,1,2,0,3,0,0,0,0,0,0,0,3,1,24,8,1,0,0,0,2,0,0,,,,,,,,
0,/home/capc1/ProfitabilityTool-new-27-07-26/ProfitabilityTool/capc_dataset_work_RyrnQw/feature_variants/stencil1D_serial_N_144.c,1,142,3,1,2,0,3,0,0,0,0,0,0,0,3,1,24,8,1,0,0,0,2,0,0,,,,,,,,
0,/home/capc1/ProfitabilityTool-new-27-07-26/ProfitabilityTool/capc_dataset_work_RyrnQw/feature_variants/stencil1D_serial_N_145.c,1,143,3,1,2,0,3,0,0,0,0,0,0,0,3,1,24,8,1,0,0,0,2,0,0,,,,,,,,
0,/home/capc1/ProfitabilityTool-new-27-07-26/ProfitabilityTool/capc_dataset_work_RyrnQw/feature_variants/stencil1D_serial_N_146.c,1,144,3,1,2,0,3,0,0,0,0,0,0,0,3,1,24,8,1,0,0,0,2,0,0,,,,,,,,
0,/home/capc1/ProfitabilityTool-new-27-07-26/ProfitabilityTool/capc_dataset_work_RyrnQw/feature_variants/stencil1D_serial_N_147.c,1,145,3,1,2,0,3,0,0,0,0,0,0,0,3,1,24,8,1,0,0,0,2,0,0,,,,,,,,
0,/home/capc1/ProfitabilityTool-new-27-07-26/ProfitabilityTool/capc_dataset_work_RyrnQw/feature_variants/stencil1D_serial_N_148.c,1,146,3,1,2,0,3,0,0,0,0,0,0,0,3,1,24,8,1,0,0,0,2,0,0,,,,,,,,
0,/home/capc1/ProfitabilityTool-new-27-07-26/ProfitabilityTool/capc_dataset_work_RyrnQw/feature_variants/stencil1D_serial_N_149.c,1,147,3,1,2,0,3,0,0,0,0,0,0,0,3,1,24,8,1,0,0,0,2,0,0,,,,,,,,
0,/home/capc1/ProfitabilityTool-new-27-07-26/ProfitabilityTool/capc_dataset_work_RyrnQw/feature_variants/stencil1D_serial_N_150.c,1,148,3,1,2,0,3,0,0,0,0,0,0,0,3,1,24,8,1,0,0,0,2,0,0,,,,,,,,
0,/home/capc1/ProfitabilityTool-new-27-07-26/ProfitabilityTool/capc_dataset_work_RyrnQw/feature_variants/stencil1D_serial_N_151.c,1,149,3,1,2,0,3,0,0,0,0,0,0,0,3,1,24,8,1,0,0,0,2,0,0,,,,,,,,
0,/home/capc1/ProfitabilityTool-new-27-07-26/ProfitabilityTool/capc_dataset_work_RyrnQw/feature_variants/stencil1D_serial_N_152.c,1,150,3,1,2,0,3,0,0,0,0,0,0,0,3,1,24,8,1,0,0,0,2,0,0,,,,,,,,
0,/home/capc1/ProfitabilityTool-new-27-07-26/ProfitabilityTool/capc_dataset_work_RyrnQw/feature_variants/stencil1D_serial_N_153.c,1,151,3,1,2,0,3,0,0,0,0,0,0,0,3,1,24,8,1,0,0,0,2,0,0,,,,,,,,
0,/home/capc1/ProfitabilityTool-new-27-07-26/ProfitabilityTool/capc_dataset_work_RyrnQw/feature_variants/stencil1D_serial_N_154.c,1,152,3,1,2,0,3,0,0,0,0,0,0,0,3,1,24,8,1,0,0,0,2,0,0,,,,,,,,
0,/home/capc1/ProfitabilityTool-new-27-07-26/ProfitabilityTool/capc_dataset_work_RyrnQw/feature_variants/stencil1D_serial_N_155.c,1,153,3,1,2,0,3,0,0,0,0,0,0,0,3,1,24,8,1,0,0,0,2,0,0,,,,,,,,
0,/home/capc1/ProfitabilityTool-new-27-07-26/ProfitabilityTool/capc_dataset_work_RyrnQw/feature_variants/stencil1D_serial_N_156.c,1,154,3,1,2,0,3,0,0,0,0,0,0,0,3,1,24,8,1,0,0,0,2,0,0,,,,,,,,
0,/home/capc1/ProfitabilityTool-new-27-07-26/ProfitabilityTool/capc_dataset_work_RyrnQw/feature_variants/stencil1D_serial_N_157.c,1,155,3,1,2,0,3,0,0,0,0,0,0,0,3,1,24,8,1,0,0,0,2,0,0,,,,,,,,
0,/home/capc1/ProfitabilityTool-new-27-07-26/ProfitabilityTool/capc_dataset_work_RyrnQw/feature_variants/stencil1D_serial_N_158.c,1,156,3,1,2,0,3,0,0,0,0,0,0,0,3,1,24,8,1,0,0,0,2,0,0,,,,,,,,
0,/home/capc1/ProfitabilityTool-new-27-07-26/ProfitabilityTool/capc_dataset_work_RyrnQw/feature_variants/stencil1D_serial_N_159.c,1,157,3,1,2,0,3,0,0,0,0,0,0,0,3,1,24,8,1,0,0,0,2,0,0,,,,,,,,
0,/home/capc1/ProfitabilityTool-new-27-07-26/ProfitabilityTool/capc_dataset_work_RyrnQw/feature_variants/stencil1D_serial_N_160.c,1,158,3,1,2,0,3,0,0,0,0,0,0,0,3,1,24,8,1,0,0,0,2,0,0,,,,,,,,
0,/home/capc1/ProfitabilityTool-new-27-07-26/ProfitabilityTool/capc_dataset_work_RyrnQw/feature_variants/stencil1D_serial_N_161.c,1,159,3,1,2,0,3,0,0,0,0,0,0,0,3,1,24,8,1,0,0,0,2,0,0,,,,,,,,
0,/home/capc1/ProfitabilityTool-new-27-07-26/ProfitabilityTool/capc_dataset_work_RyrnQw/feature_variants/stencil1D_serial_N_162.c,1,160,3,1,2,0,3,0,0,0,0,0,0,0,3,1,24,8,1,0,0,0,2,0,0,,,,,,,,
0,/home/capc1/ProfitabilityTool-new-27-07-26/ProfitabilityTool/capc_dataset_work_RyrnQw/feature_variants/stencil1D_serial_N_163.c,1,161,3,1,2,0,3,0,0,0,0,0,0,0,3,1,24,8,1,0,0,0,2,0,0,,,,,,,,
0,/home/capc1/ProfitabilityTool-new-27-07-26/ProfitabilityTool/capc_dataset_work_RyrnQw/feature_variants/stencil1D_serial_N_164.c,1,162,3,1,2,0,3,0,0,0,0,0,0,0,3,1,24,8,1,0,0,0,2,0,0,,,,,,,,
0,/home/capc1/ProfitabilityTool-new-27-07-26/ProfitabilityTool/capc_dataset_work_RyrnQw/feature_variants/stencil1D_serial_N_165.c,1,163,3,1,2,0,3,0,0,0,0,0,0,0,3,1,24,8,1,0,0,0,2,0,0,,,,,,,,
0,/home/capc1/ProfitabilityTool-new-27-07-26/ProfitabilityTool/capc_dataset_work_RyrnQw/feature_variants/stencil1D_serial_N_166.c,1,164,3,1,2,0,3,0,0,0,0,0,0,0,3,1,24,8,1,0,0,0,2,0,0,,,,,,,,
0,/home/capc1/ProfitabilityTool-new-27-07-26/ProfitabilityTool/capc_dataset_work_RyrnQw/feature_variants/stencil1D_serial_N_167.c,1,165,3,1,2,0,3,0,0,0,0,0,0,0,3,1,24,8,1,0,0,0,2,0,0,,,,,,,,
0,/home/capc1/ProfitabilityTool-new-27-07-26/ProfitabilityTool/capc_dataset_work_RyrnQw/feature_variants/stencil1D_serial_N_168.c,1,166,3,1,2,0,3,0,0,0,0,0,0,0,3,1,24,8,1,0,0,0,2,0,0,,,,,,,,
0,/home/capc1/ProfitabilityTool-new-27-07-26/ProfitabilityTool/capc_dataset_work_RyrnQw/feature_variants/stencil1D_serial_N_169.c,1,167,3,1,2,0,3,0,0,0,0,0,0,0,3,1,24,8,1,0,0,0,2,0,0,,,,,,,,
0,/home/capc1/ProfitabilityTool-new-27-07-26/ProfitabilityTool/capc_dataset_work_RyrnQw/feature_variants/stencil1D_serial_N_170.c,1,168,3,1,2,0,3,0,0,0,0,0,0,0,3,1,24,8,1,0,0,0,2,0,0,,,,,,,,
0,/home/capc1/ProfitabilityTool-new-27-07-26/ProfitabilityTool/capc_dataset_work_RyrnQw/feature_variants/stencil1D_serial_N_171.c,1,169,3,1,2,0,3,0,0,0,0,0,0,0,3,1,24,8,1,0,0,0,2,0,0,,,,,,,,
0,/home/capc1/ProfitabilityTool-new-27-07-26/ProfitabilityTool/capc_dataset_work_RyrnQw/feature_variants/stencil1D_serial_N_172.c,1,170,3,1,2,0,3,0,0,0,0,0,0,0,3,1,24,8,1,0,0,0,2,0,0,,,,,,,,
0,/home/capc1/ProfitabilityTool-new-27-07-26/ProfitabilityTool/capc_dataset_work_RyrnQw/feature_variants/stencil1D_serial_N_173.c,1,171,3,1,2,0,3,0,0,0,0,0,0,0,3,1,24,8,1,0,0,0,2,0,0,,,,,,,,
0,/home/capc1/ProfitabilityTool-new-27-07-26/ProfitabilityTool/capc_dataset_work_RyrnQw/feature_variants/stencil1D_serial_N_174.c,1,172,3,1,2,0,3,0,0,0,0,0,0,0,3,1,24,8,1,0,0,0,2,0,0,,,,,,,,
0,/home/capc1/ProfitabilityTool-new-27-07-26/ProfitabilityTool/capc_dataset_work_RyrnQw/feature_variants/stencil1D_serial_N_175.c,1,173,3,1,2,0,3,0,0,0,0,0,0,0,3,1,24,8,1,0,0,0,2,0,0,,,,,,,,
0,/home/capc1/ProfitabilityTool-new-27-07-26/ProfitabilityTool/capc_dataset_work_RyrnQw/feature_variants/stencil1D_serial_N_176.c,1,174,3,1,2,0,3,0,0,0,0,0,0,0,3,1,24,8,1,0,0,0,2,0,0,,,,,,,,
0,/home/capc1/ProfitabilityTool-new-27-07-26/ProfitabilityTool/capc_dataset_work_RyrnQw/feature_variants/stencil1D_serial_N_177.c,1,175,3,1,2,0,3,0,0,0,0,0,0,0,3,1,24,8,1,0,0,0,2,0,0,,,,,,,,
0,/home/capc1/ProfitabilityTool-new-27-07-26/ProfitabilityTool/capc_dataset_work_RyrnQw/feature_variants/stencil1D_serial_N_178.c,1,176,3,1,2,0,3,0,0,0,0,0,0,0,3,1,24,8,1,0,0,0,2,0,0,,,,,,,,
0,/home/capc1/ProfitabilityTool-new-27-07-26/ProfitabilityTool/capc_dataset_work_RyrnQw/feature_variants/stencil1D_serial_N_179.c,1,177,3,1,2,0,3,0,0,0,0,0,0,0,3,1,24,8,1,0,0,0,2,0,0,,,,,,,,
0,/home/capc1/ProfitabilityTool-new-27-07-26/ProfitabilityTool/capc_dataset_work_RyrnQw/feature_variants/stencil1D_serial_N_180.c,1,178,3,1,2,0,3,0,0,0,0,0,0,0,3,1,24,8,1,0,0,0,2,0,0,,,,,,,,
0,/home/capc1/ProfitabilityTool-new-27-07-26/ProfitabilityTool/capc_dataset_work_RyrnQw/feature_variants/stencil1D_serial_N_181.c,1,179,3,1,2,0,3,0,0,0,0,0,0,0,3,1,24,8,1,0,0,0,2,0,0,,,,,,,,
0,/home/capc1/ProfitabilityTool-new-27-07-26/ProfitabilityTool/capc_dataset_work_RyrnQw/feature_variants/stencil1D_serial_N_182.c,1,180,3,1,2,0,3,0,0,0,0,0,0,0,3,1,24,8,1,0,0,0,2,0,0,,,,,,,,
0,/home/capc1/ProfitabilityTool-new-27-07-26/ProfitabilityTool/capc_dataset_work_RyrnQw/feature_variants/stencil1D_serial_N_183.c,1,181,3,1,2,0,3,0,0,0,0,0,0,0,3,1,24,8,1,0,0,0,2,0,0,,,,,,,,
0,/home/capc1/ProfitabilityTool-new-27-07-26/ProfitabilityTool/capc_dataset_work_RyrnQw/feature_variants/stencil1D_serial_N_184.c,1,182,3,1,2,0,3,0,0,0,0,0,0,0,3,1,24,8,1,0,0,0,2,0,0,,,,,,,,
0,/home/capc1/ProfitabilityTool-new-27-07-26/ProfitabilityTool/capc_dataset_work_RyrnQw/feature_variants/stencil1D_serial_N_185.c,1,183,3,1,2,0,3,0,0,0,0,0,0,0,3,1,24,8,1,0,0,0,2,0,0,,,,,,,,
0,/home/capc1/ProfitabilityTool-new-27-07-26/ProfitabilityTool/capc_dataset_work_RyrnQw/feature_variants/stencil1D_serial_N_186.c,1,184,3,1,2,0,3,0,0,0,0,0,0,0,3,1,24,8,1,0,0,0,2,0,0,,,,,,,,
0,/home/capc1/ProfitabilityTool-new-27-07-26/ProfitabilityTool/capc_dataset_work_RyrnQw/feature_variants/stencil1D_serial_N_187.c,1,185,3,1,2,0,3,0,0,0,0,0,0,0,3,1,24,8,1,0,0,0,2,0,0,,,,,,,,
0,/home/capc1/ProfitabilityTool-new-27-07-26/ProfitabilityTool/capc_dataset_work_RyrnQw/feature_variants/stencil1D_serial_N_188.c,1,186,3,1,2,0,3,0,0,0,0,0,0,0,3,1,24,8,1,0,0,0,2,0,0,,,,,,,,
0,/home/capc1/ProfitabilityTool-new-27-07-26/ProfitabilityTool/capc_dataset_work_RyrnQw/feature_variants/stencil1D_serial_N_189.c,1,187,3,1,2,0,3,0,0,0,0,0,0,0,3,1,24,8,1,0,0,0,2,0,0,,,,,,,,
0,/home/capc1/ProfitabilityTool-new-27-07-26/ProfitabilityTool/capc_dataset_work_RyrnQw/feature_variants/stencil1D_serial_N_190.c,1,188,3,1,2,0,3,0,0,0,0,0,0,0,3,1,24,8,1,0,0,0,2,0,0,,,,,,,,
0,/home/capc1/ProfitabilityTool-new-27-07-26/ProfitabilityTool/capc_dataset_work_RyrnQw/feature_variants/stencil1D_serial_N_191.c,1,189,3,1,2,0,3,0,0,0,0,0,0,0,3,1,24,8,1,0,0,0,2,0,0,,,,,,,,
0,/home/capc1/ProfitabilityTool-new-27-07-26/ProfitabilityTool/capc_dataset_work_RyrnQw/feature_variants/stencil1D_serial_N_192.c,1,190,3,1,2,0,3,0,0,0,0,0,0,0,3,1,24,8,1,0,0,0,2,0,0,,,,,,,,
0,/home/capc1/ProfitabilityTool-new-27-07-26/ProfitabilityTool/capc_dataset_work_RyrnQw/feature_variants/stencil1D_serial_N_193.c,1,191,3,1,2,0,3,0,0,0,0,0,0,0,3,1,24,8,1,0,0,0,2,0,0,,,,,,,,
0,/home/capc1/ProfitabilityTool-new-27-07-26/ProfitabilityTool/capc_dataset_work_RyrnQw/feature_variants/stencil1D_serial_N_194.c,1,192,3,1,2,0,3,0,0,0,0,0,0,0,3,1,24,8,1,0,0,0,2,0,0,,,,,,,,
0,/home/capc1/ProfitabilityTool-new-27-07-26/ProfitabilityTool/capc_dataset_work_RyrnQw/feature_variants/stencil1D_serial_N_195.c,1,193,3,1,2,0,3,0,0,0,0,0,0,0,3,1,24,8,1,0,0,0,2,0,0,,,,,,,,
0,/home/capc1/ProfitabilityTool-new-27-07-26/ProfitabilityTool/capc_dataset_work_RyrnQw/feature_variants/stencil1D_serial_N_196.c,1,194,3,1,2,0,3,0,0,0,0,0,0,0,3,1,24,8,1,0,0,0,2,0,0,,,,,,,,
0,/home/capc1/ProfitabilityTool-new-27-07-26/ProfitabilityTool/capc_dataset_work_RyrnQw/feature_variants/stencil1D_serial_N_197.c,1,195,3,1,2,0,3,0,0,0,0,0,0,0,3,1,24,8,1,0,0,0,2,0,0,,,,,,,,
0,/home/capc1/ProfitabilityTool-new-27-07-26/ProfitabilityTool/capc_dataset_work_RyrnQw/feature_variants/stencil1D_serial_N_198.c,1,196,3,1,2,0,3,0,0,0,0,0,0,0,3,1,24,8,1,0,0,0,2,0,0,,,,,,,,
0,/home/capc1/ProfitabilityTool-new-27-07-26/ProfitabilityTool/capc_dataset_work_RyrnQw/feature_variants/stencil1D_serial_N_199.c,1,197,3,1,2,0,3,0,0,0,0,0,0,0,3,1,24,8,1,0,0,0,2,0,0,,,,,,,,
0,/home/capc1/ProfitabilityTool-new-27-07-26/ProfitabilityTool/capc_dataset_work_RyrnQw/feature_variants/stencil1D_serial_N_200.c,1,198,3,1,2,0,3,0,0,0,0,0,0,0,3,1,24,8,1,0,0,0,2,0,0,,,,,,,,
0,/home/capc1/ProfitabilityTool-new-27-07-26/ProfitabilityTool/capc_dataset_work_RyrnQw/feature_variants/stencil1D_serial_N_300.c,1,298,3,1,2,0,3,0,0,0,0,0,0,0,3,1,24,8,1,0,0,0,2,0,0,,,,,,,,
0,/home/capc1/ProfitabilityTool-new-27-07-26/ProfitabilityTool/capc_dataset_work_RyrnQw/feature_variants/stencil1D_serial_N_400.c,1,398,3,1,2,0,3,0,0,0,0,0,0,0,3,1,24,8,1,0,0,0,2,0,0,,,,,,,,
0,/home/capc1/ProfitabilityTool-new-27-07-26/ProfitabilityTool/capc_dataset_work_RyrnQw/feature_variants/stencil1D_serial_N_500.c,1,498,3,1,2,0,3,0,0,0,0,0,0,0,3,1,24,8,1,0,0,0,2,0,0,,,,,,,,
0,/home/capc1/ProfitabilityTool-new-27-07-26/ProfitabilityTool/capc_dataset_work_RyrnQw/feature_variants/stencil1D_serial_N_600.c,1,598,3,1,2,0,3,0,0,0,0,0,0,0,3,1,24,8,1,0,0,0,2,0,0,,,,,,,,
0,/home/capc1/ProfitabilityTool-new-27-07-26/ProfitabilityTool/capc_dataset_work_RyrnQw/feature_variants/stencil1D_serial_N_700.c,1,698,3,1,2,0,3,0,0,0,0,0,0,0,3,1,24,8,1,0,0,0,2,0,0,,,,,,,,
0,/home/capc1/ProfitabilityTool-new-27-07-26/ProfitabilityTool/capc_dataset_work_RyrnQw/feature_variants/stencil1D_serial_N_800.c,1,798,3,1,2,0,3,0,0,0,0,0,0,0,3,1,24,8,1,0,0,0,2,0,0,,,,,,,,
0,/home/capc1/ProfitabilityTool-new-27-07-26/ProfitabilityTool/capc_dataset_work_RyrnQw/feature_variants/stencil1D_serial_N_900.c,1,898,3,1,2,0,3,0,0,0,0,0,0,0,3,1,24,8,1,0,0,0,2,0,0,,,,,,,,
0,/home/capc1/ProfitabilityTool-new-27-07-26/ProfitabilityTool/capc_dataset_work_RyrnQw/feature_variants/stencil1D_serial_N_1000.c,1,998,3,1,2,0,3,0,0,0,0,0,0,0,3,1,24,8,1,0,0,0,2,0,0,,,,,,,,
0,/home/capc1/ProfitabilityTool-new-27-07-26/ProfitabilityTool/capc_dataset_work_RyrnQw/feature_variants/stencil1D_serial_N_2000.c,1,1998,3,1,2,0,3,0,0,0,0,0,0,0,3,1,24,8,1,0,0,0,2,0,0,,,,,,,,
0,/home/capc1/ProfitabilityTool-new-27-07-26/ProfitabilityTool/capc_dataset_work_RyrnQw/feature_variants/stencil1D_serial_N_3000.c,1,2998,3,1,2,0,3,0,0,0,0,0,0,0,3,1,24,8,1,0,0,0,2,0,0,,,,,,,,
0,/home/capc1/ProfitabilityTool-new-27-07-26/ProfitabilityTool/capc_dataset_work_RyrnQw/feature_variants/stencil1D_serial_N_4000.c,1,3998,3,1,2,0,3,0,0,0,0,0,0,0,3,1,24,8,1,0,0,0,2,0,0,,,,,,,,
0,/home/capc1/ProfitabilityTool-new-27-07-26/ProfitabilityTool/capc_dataset_work_RyrnQw/feature_variants/stencil1D_serial_N_5000.c,1,4998,3,1,2,0,3,0,0,0,0,0,0,0,3,1,24,8,1,0,0,0,2,0,0,,,,,,,,
0,/home/capc1/ProfitabilityTool-new-27-07-26/ProfitabilityTool/capc_dataset_work_RyrnQw/feature_variants/stencil1D_serial_N_6000.c,1,5998,3,1,2,0,3,0,0,0,0,0,0,0,3,1,24,8,1,0,0,0,2,0,0,,,,,,,,
0,/home/capc1/ProfitabilityTool-new-27-07-26/ProfitabilityTool/capc_dataset_work_RyrnQw/feature_variants/stencil1D_serial_N_7000.c,1,6998,3,1,2,0,3,0,0,0,0,0,0,0,3,1,24,8,1,0,0,0,2,0,0,,,,,,,,
0,/home/capc1/ProfitabilityTool-new-27-07-26/ProfitabilityTool/capc_dataset_work_RyrnQw/feature_variants/stencil1D_serial_N_8000.c,1,7998,3,1,2,0,3,0,0,0,0,0,0,0,3,1,24,8,1,0,0,0,2,0,0,,,,,,,,
0,/home/capc1/ProfitabilityTool-new-27-07-26/ProfitabilityTool/capc_dataset_work_RyrnQw/feature_variants/stencil1D_serial_N_9000.c,1,8998,3,1,2,0,3,0,0,0,0,0,0,0,3,1,24,8,1,0,0,0,2,0,0,,,,,,,,
0,/home/capc1/ProfitabilityTool-new-27-07-26/ProfitabilityTool/capc_dataset_work_RyrnQw/feature_variants/stencil1D_serial_N_10000.c,1,9998,3,1,2,0,3,0,0,0,0,0,0,0,3,1,24,8,1,0,0,0,2,0,0,,,,,,,,
0,/home/capc1/ProfitabilityTool-new-27-07-26/ProfitabilityTool/capc_dataset_work_RyrnQw/feature_variants/stencil1D_serial_N_20000.c,1,19998,3,1,2,0,3,0,0,0,0,0,0,0,3,1,24,8,1,0,0,0,2,0,0,,,,,,,,
0,/home/capc1/ProfitabilityTool-new-27-07-26/ProfitabilityTool/capc_dataset_work_RyrnQw/feature_variants/stencil1D_serial_N_30000.c,1,29998,3,1,2,0,3,0,0,0,0,0,0,0,3,1,24,8,1,0,0,0,2,0,0,,,,,,,,
0,/home/capc1/ProfitabilityTool-new-27-07-26/ProfitabilityTool/capc_dataset_work_RyrnQw/feature_variants/stencil1D_serial_N_40000.c,1,39998,3,1,2,0,3,0,0,0,0,0,0,0,3,1,24,8,1,0,0,0,2,0,0,,,,,,,,
0,/home/capc1/ProfitabilityTool-new-27-07-26/ProfitabilityTool/capc_dataset_work_RyrnQw/feature_variants/stencil1D_serial_N_50000.c,1,49998,3,1,2,0,3,0,0,0,0,0,0,0,3,1,24,8,1,0,0,0,2,0,0,,,,,,,,
0,/home/capc1/ProfitabilityTool-new-27-07-26/ProfitabilityTool/capc_dataset_work_RyrnQw/feature_variants/stencil1D_serial_N_60000.c,1,59998,3,1,2,0,3,0,0,0,0,0,0,0,3,1,24,8,1,0,0,0,2,0,0,,,,,,,,
0,/home/capc1/ProfitabilityTool-new-27-07-26/ProfitabilityTool/capc_dataset_work_RyrnQw/feature_variants/stencil1D_serial_N_70000.c,1,69998,3,1,2,0,3,0,0,0,0,0,0,0,3,1,24,8,1,0,0,0,2,0,0,,,,,,,,
0,/home/capc1/ProfitabilityTool-new-27-07-26/ProfitabilityTool/capc_dataset_work_RyrnQw/feature_variants/stencil1D_serial_N_80000.c,1,79998,3,1,2,0,3,0,0,0,0,0,0,0,3,1,24,8,1,0,0,0,2,0,0,,,,,,,,
0,/home/capc1/ProfitabilityTool-new-27-07-26/ProfitabilityTool/capc_dataset_work_RyrnQw/feature_variants/stencil1D_serial_N_90000.c,1,89998,3,1,2,0,3,0,0,0,0,0,0,0,3,1,24,8,1,0,0,0,2,0,0,,,,,,,,
0,/home/capc1/ProfitabilityTool-new-27-07-26/ProfitabilityTool/capc_dataset_work_RyrnQw/feature_variants/stencil1D_serial_N_100000.c,1,99998,3,1,2,0,3,0,0,0,0,0,0,0,3,1,24,8,1,0,0,0,2,0,0,,,,,,,,
0,/home/capc1/ProfitabilityTool-new-27-07-26/ProfitabilityTool/capc_dataset_work_RyrnQw/feature_variants/stencil1D_serial_N_200000.c,1,199998,3,1,2,0,3,0,0,0,0,0,0,0,3,1,24,8,1,0,0,0,2,0,0,,,,,,,,
0,/home/capc1/ProfitabilityTool-new-27-07-26/ProfitabilityTool/capc_dataset_work_RyrnQw/feature_variants/stencil1D_serial_N_300000.c,1,299998,3,1,2,0,3,0,0,0,0,0,0,0,3,1,24,8,1,0,0,0,2,0,0,,,,,,,,
0,/home/capc1/ProfitabilityTool-new-27-07-26/ProfitabilityTool/capc_dataset_work_RyrnQw/feature_variants/stencil1D_serial_N_400000.c,1,399998,3,1,2,0,3,0,0,0,0,0,0,0,3,1,24,8,1,0,0,0,2,0,0,,,,,,,,
0,/home/capc1/ProfitabilityTool-new-27-07-26/ProfitabilityTool/capc_dataset_work_RyrnQw/feature_variants/stencil1D_serial_N_500000.c,1,499998,3,1,2,0,3,0,0,0,0,0,0,0,3,1,24,8,1,0,0,0,2,0,0,,,,,,,,
0,/home/capc1/ProfitabilityTool-new-27-07-26/ProfitabilityTool/capc_dataset_work_RyrnQw/feature_variants/stencil1D_serial_N_600000.c,1,599998,3,1,2,0,3,0,0,0,0,0,0,0,3,1,24,8,1,0,0,0,2,0,0,,,,,,,,
0,/home/capc1/ProfitabilityTool-new-27-07-26/ProfitabilityTool/capc_dataset_work_RyrnQw/feature_variants/stencil1D_serial_N_700000.c,1,699998,3,1,2,0,3,0,0,0,0,0,0,0,3,1,24,8,1,0,0,0,2,0,0,,,,,,,,
0,/home/capc1/ProfitabilityTool-new-27-07-26/ProfitabilityTool/capc_dataset_work_RyrnQw/feature_variants/stencil1D_serial_N_800000.c,1,799998,3,1,2,0,3,0,0,0,0,0,0,0,3,1,24,8,1,0,0,0,2,0,0,,,,,,,,
0,/home/capc1/ProfitabilityTool-new-27-07-26/ProfitabilityTool/capc_dataset_work_RyrnQw/feature_variants/stencil1D_serial_N_900000.c,1,899998,3,1,2,0,3,0,0,0,0,0,0,0,3,1,24,8,1,0,0,0,2,0,0,,,,,,,,
0,/home/capc1/ProfitabilityTool-new-27-07-26/ProfitabilityTool/capc_dataset_work_RyrnQw/feature_variants/stencil1D_serial_N_1000000.c,1,999998,3,1,2,0,3,0,0,0,0,0,0,0,3,1,24,8,1,0,0,0,2,0,0,,,,,,,,
0,/home/capc1/ProfitabilityTool-new-27-07-26/ProfitabilityTool/capc_dataset_work_RyrnQw/feature_variants/stencil1D_serial_N_2000000.c,1,1999998,3,1,2,0,3,0,0,0,0,0,0,0,3,1,24,8,1,0,0,0,2,0,0,,,,,,,,
0,/home/capc1/ProfitabilityTool-new-27-07-26/ProfitabilityTool/capc_dataset_work_RyrnQw/feature_variants/stencil1D_serial_N_3000000.c,1,2999998,3,1,2,0,3,0,0,0,0,0,0,0,3,1,24,8,1,0,0,0,2,0,0,,,,,,,,
0,/home/capc1/ProfitabilityTool-new-27-07-26/ProfitabilityTool/capc_dataset_work_RyrnQw/feature_variants/stencil1D_serial_N_4000000.c,1,3999998,3,1,2,0,3,0,0,0,0,0,0,0,3,1,24,8,1,0,0,0,2,0,0,,,,,,,,
0,/home/capc1/ProfitabilityTool-new-27-07-26/ProfitabilityTool/capc_dataset_work_RyrnQw/feature_variants/stencil1D_serial_N_5000000.c,1,4999998,3,1,2,0,3,0,0,0,0,0,0,0,3,1,24,8,1,0,0,0,2,0,0,,,,,,,,
0,/home/capc1/ProfitabilityTool-new-27-07-26/ProfitabilityTool/capc_dataset_work_RyrnQw/feature_variants/stencil1D_serial_N_6000000.c,1,5999998,3,1,2,0,3,0,0,0,0,0,0,0,3,1,24,8,1,0,0,0,2,0,0,,,,,,,,
0,/home/capc1/ProfitabilityTool-new-27-07-26/ProfitabilityTool/capc_dataset_work_RyrnQw/feature_variants/stencil1D_serial_N_7000000.c,1,6999998,3,1,2,0,3,0,0,0,0,0,0,0,3,1,24,8,1,0,0,0,2,0,0,,,,,,,,
0,/home/capc1/ProfitabilityTool-new-27-07-26/ProfitabilityTool/capc_dataset_work_RyrnQw/feature_variants/stencil1D_serial_N_8000000.c,1,7999998,3,1,2,0,3,0,0,0,0,0,0,0,3,1,24,8,1,0,0,0,2,0,0,,,,,,,,
0,/home/capc1/ProfitabilityTool-new-27-07-26/ProfitabilityTool/capc_dataset_work_RyrnQw/feature_variants/stencil1D_serial_N_9000000.c,1,8999998,3,1,2,0,3,0,0,0,0,0,0,0,3,1,24,8,1,0,0,0,2,0,0,,,,,,,,
0,/home/capc1/ProfitabilityTool-new-27-07-26/ProfitabilityTool/capc_dataset_work_RyrnQw/feature_variants/stencil1D_serial_N_10000000.c,1,9999998,3,1,2,0,3,0,0,0,0,0,0,0,3,1,24,8,1,0,0,0,2,0,0,,,,,,,,
0,/home/capc1/ProfitabilityTool-new-27-07-26/ProfitabilityTool/capc_dataset_work_RyrnQw/feature_variants/stencil1D_serial_N_20000000.c,1,19999998,3,1,2,0,3,0,0,0,0,0,0,0,3,1,24,8,1,0,0,0,2,0,0,,,,,,,,
0,/home/capc1/ProfitabilityTool-new-27-07-26/ProfitabilityTool/capc_dataset_work_RyrnQw/feature_variants/stencil1D_serial_N_30000000.c,1,29999998,3,1,2,0,3,0,0,0,0,0,0,0,3,1,24,8,1,0,0,0,2,0,0,,,,,,,,
0,/home/capc1/ProfitabilityTool-new-27-07-26/ProfitabilityTool/capc_dataset_work_RyrnQw/feature_variants/stencil1D_serial_N_40000000.c,1,39999998,3,1,2,0,3,0,0,0,0,0,0,0,3,1,24,8,1,0,0,0,2,0,0,,,,,,,,
0,/home/capc1/ProfitabilityTool-new-27-07-26/ProfitabilityTool/capc_dataset_work_RyrnQw/feature_variants/stencil1D_serial_N_50000000.c,1,49999998,3,1,2,0,3,0,0,0,0,0,0,0,3,1,24,8,1,0,0,0,2,0,0,,,,,,,,
0,/home/capc1/ProfitabilityTool-new-27-07-26/ProfitabilityTool/capc_dataset_work_RyrnQw/feature_variants/stencil1D_serial_N_60000000.c,1,59999998,3,1,2,0,3,0,0,0,0,0,0,0,3,1,24,8,1,0,0,0,2,0,0,,,,,,,,
0,/home/capc1/ProfitabilityTool-new-27-07-26/ProfitabilityTool/capc_dataset_work_RyrnQw/feature_variants/stencil1D_serial_N_70000000.c,1,69999998,3,1,2,0,3,0,0,0,0,0,0,0,3,1,24,8,1,0,0,0,2,0,0,,,,,,,,
0,/home/capc1/ProfitabilityTool-new-27-07-26/ProfitabilityTool/capc_dataset_work_RyrnQw/feature_variants/stencil1D_serial_N_80000000.c,1,79999998,3,1,2,0,3,0,0,0,0,0,0,0,3,1,24,8,1,0,0,0,2,0,0,,,,,,,,
0,/home/capc1/ProfitabilityTool-new-27-07-26/ProfitabilityTool/capc_dataset_work_RyrnQw/feature_variants/stencil1D_serial_N_90000000.c,1,89999998,3,1,2,0,3,0,0,0,0,0,0,0,3,1,24,8,1,0,0,0,2,0,0,,,,,,,,
0,/home/capc1/ProfitabilityTool-new-27-07-26/ProfitabilityTool/capc_dataset_work_RyrnQw/feature_variants/stencil1D_serial_N_100000000.c,1,99999998,3,1,2,0,3,0,0,0,0,0,0,0,3,1,24,8,1,0,0,0,2,0,0,,,,,,,,
0,/home/capc1/ProfitabilityTool-new-27-07-26/ProfitabilityTool/capc_dataset_work_RyrnQw/feature_variants/stencil1D_serial_N_200000000.c,1,199999998,3,1,2,0,3,0,0,0,0,0,0,0,3,1,24,8,1,0,0,0,2,0,0,,,,,,,,
0,/home/capc1/ProfitabilityTool-new-27-07-26/ProfitabilityTool/capc_dataset_work_RyrnQw/feature_variants/stencil1D_serial_N_300000000.c,1,299999998,3,1,2,0,3,0,0,0,0,0,0,0,3,1,24,8,1,0,0,0,2,0,0,,,,,,,,
0,/home/capc1/ProfitabilityTool-new-27-07-26/ProfitabilityTool/capc_dataset_work_RyrnQw/feature_variants/stencil1D_serial_N_400000000.c,1,399999998,3,1,2,0,3,0,0,0,0,0,0,0,3,1,24,8,1,0,0,0,2,0,0,,,,,,,,
0,/home/capc1/ProfitabilityTool-new-27-07-26/ProfitabilityTool/capc_dataset_work_RyrnQw/feature_variants/stencil1D_serial_N_500000000.c,1,499999998,3,1,2,0,3,0,0,0,0,0,0,0,3,1,24,8,1,0,0,0,2,0,0,,,,,,,,
0,/home/capc1/ProfitabilityTool-new-27-07-26/ProfitabilityTool/capc_dataset_work_RyrnQw/feature_variants/stencil1D_serial_N_600000000.c,1,599999998,3,1,2,0,3,0,0,0,0,0,0,0,3,1,24,8,1,0,0,0,2,0,0,,,,,,,,
0,/home/capc1/ProfitabilityTool-new-27-07-26/ProfitabilityTool/capc_dataset_work_RyrnQw/feature_variants/stencil1D_serial_N_700000000.c,1,699999998,3,1,2,0,3,0,0,0,0,0,0,0,3,1,24,8,1,0,0,0,2,0,0,,,,,,,,
0,/home/capc1/ProfitabilityTool-new-27-07-26/ProfitabilityTool/capc_dataset_work_RyrnQw/feature_variants/stencil1D_serial_N_800000000.c,1,799999998,3,1,2,0,3,0,0,0,0,0,0,0,3,1,24,8,1,0,0,0,2,0,0,,,,,,,,
0,/home/capc1/ProfitabilityTool-new-27-07-26/ProfitabilityTool/capc_dataset_work_RyrnQw/feature_variants/stencil1D_serial_N_900000000.c,1,899999998,3,1,2,0,3,0,0,0,0,0,0,0,3,1,24,8,1,0,0,0,2,0,0,,,,,,,,
0,/home/capc1/ProfitabilityTool-new-27-07-26/ProfitabilityTool/capc_dataset_work_RyrnQw/feature_variants/stencil1D_serial_N_1000000000.c,1,999999998,3,1,2,0,3,0,0,0,0,0,0,0,3,1,24,8,1,0,0,0,2,0,0,,,,,,,,
0,/home/capc1/ProfitabilityTool-new-27-07-26/ProfitabilityTool/capc_dataset_work_RyrnQw/feature_variants/stridedAccess_serial_N_1.c,1,-1,1,0,0,0,0,0,0,0,0,0,0,0,0,0,0,0,0,0,0,0,2,0,0,,,,,,,,
0,/home/capc1/ProfitabilityTool-new-27-07-26/ProfitabilityTool/capc_dataset_work_RyrnQw/feature_variants/stridedAccess_serial_N_2.c,1,-1,1,0,0,0,0,0,0,0,0,0,0,0,0,0,0,0,0,0,0,0,2,0,0,,,,,,,,
0,/home/capc1/ProfitabilityTool-new-27-07-26/ProfitabilityTool/capc_dataset_work_RyrnQw/feature_variants/stridedAccess_serial_N_3.c,1,-1,1,0,0,0,0,0,0,0,0,0,0,0,0,0,0,0,0,0,0,0,2,0,0,,,,,,,,
0,/home/capc1/ProfitabilityTool-new-27-07-26/ProfitabilityTool/capc_dataset_work_RyrnQw/feature_variants/stridedAccess_serial_N_4.c,1,-1,1,0,0,0,0,0,0,0,0,0,0,0,0,0,0,0,0,0,0,0,2,0,0,,,,,,,,
0,/home/capc1/ProfitabilityTool-new-27-07-26/ProfitabilityTool/capc_dataset_work_RyrnQw/feature_variants/stridedAccess_serial_N_5.c,1,-1,1,0,0,0,0,0,0,0,0,0,0,0,0,0,0,0,0,0,0,0,2,0,0,,,,,,,,
0,/home/capc1/ProfitabilityTool-new-27-07-26/ProfitabilityTool/capc_dataset_work_RyrnQw/feature_variants/stridedAccess_serial_N_6.c,1,-1,1,0,0,0,0,0,0,0,0,0,0,0,0,0,0,0,0,0,0,0,2,0,0,,,,,,,,
0,/home/capc1/ProfitabilityTool-new-27-07-26/ProfitabilityTool/capc_dataset_work_RyrnQw/feature_variants/stridedAccess_serial_N_7.c,1,-1,1,0,0,0,0,0,0,0,0,0,0,0,0,0,0,0,0,0,0,0,2,0,0,,,,,,,,
0,/home/capc1/ProfitabilityTool-new-27-07-26/ProfitabilityTool/capc_dataset_work_RyrnQw/feature_variants/stridedAccess_serial_N_8.c,1,-1,1,0,0,0,0,0,0,0,0,0,0,0,0,0,0,0,0,0,0,0,2,0,0,,,,,,,,
0,/home/capc1/ProfitabilityTool-new-27-07-26/ProfitabilityTool/capc_dataset_work_RyrnQw/feature_variants/stridedAccess_serial_N_9.c,1,-1,1,0,0,0,0,0,0,0,0,0,0,0,0,0,0,0,0,0,0,0,2,0,0,,,,,,,,
0,/home/capc1/ProfitabilityTool-new-27-07-26/ProfitabilityTool/capc_dataset_work_RyrnQw/feature_variants/stridedAccess_serial_N_10.c,1,-1,1,0,0,0,0,0,0,0,0,0,0,0,0,0,0,0,0,0,0,0,2,0,0,,,,,,,,
0,/home/capc1/ProfitabilityTool-new-27-07-26/ProfitabilityTool/capc_dataset_work_RyrnQw/feature_variants/stridedAccess_serial_N_11.c,1,-1,1,0,0,0,0,0,0,0,0,0,0,0,0,0,0,0,0,0,0,0,2,0,0,,,,,,,,
0,/home/capc1/ProfitabilityTool-new-27-07-26/ProfitabilityTool/capc_dataset_work_RyrnQw/feature_variants/stridedAccess_serial_N_12.c,1,-1,1,0,0,0,0,0,0,0,0,0,0,0,0,0,0,0,0,0,0,0,2,0,0,,,,,,,,
0,/home/capc1/ProfitabilityTool-new-27-07-26/ProfitabilityTool/capc_dataset_work_RyrnQw/feature_variants/stridedAccess_serial_N_13.c,1,-1,1,0,0,0,0,0,0,0,0,0,0,0,0,0,0,0,0,0,0,0,2,0,0,,,,,,,,
0,/home/capc1/ProfitabilityTool-new-27-07-26/ProfitabilityTool/capc_dataset_work_RyrnQw/feature_variants/stridedAccess_serial_N_14.c,1,-1,1,0,0,0,0,0,0,0,0,0,0,0,0,0,0,0,0,0,0,0,2,0,0,,,,,,,,
0,/home/capc1/ProfitabilityTool-new-27-07-26/ProfitabilityTool/capc_dataset_work_RyrnQw/feature_variants/stridedAccess_serial_N_15.c,1,-1,1,0,0,0,0,0,0,0,0,0,0,0,0,0,0,0,0,0,0,0,2,0,0,,,,,,,,
0,/home/capc1/ProfitabilityTool-new-27-07-26/ProfitabilityTool/capc_dataset_work_RyrnQw/feature_variants/stridedAccess_serial_N_16.c,1,0,1,0,0,0,0,0,0,0,0,0,0,0,0,0,0,0,0,0,0,0,2,0,0,,,,,,,,
0,/home/capc1/ProfitabilityTool-new-27-07-26/ProfitabilityTool/capc_dataset_work_RyrnQw/feature_variants/stridedAccess_serial_N_17.c,1,1,1,0,4,0,0,0,0,0,0,0,0,0,5,1,40,8,0,0,0,0,2,0,0,,,,,,,,
0,/home/capc1/ProfitabilityTool-new-27-07-26/ProfitabilityTool/capc_dataset_work_RyrnQw/feature_variants/stridedAccess_serial_N_18.c,1,2,3,0,4,0,0,0,0,0,0,0,0,0,5,1,40,8,1,0,0,0,2,0,0,,,,,,,,
0,/home/capc1/ProfitabilityTool-new-27-07-26/ProfitabilityTool/capc_dataset_work_RyrnQw/feature_variants/stridedAccess_serial_N_19.c,1,3,3,0,4,0,0,0,0,0,0,0,0,0,5,1,40,8,1,0,0,0,2,0,0,,,,,,,,
0,/home/capc1/ProfitabilityTool-new-27-07-26/ProfitabilityTool/capc_dataset_work_RyrnQw/feature_variants/stridedAccess_serial_N_20.c,1,4,3,0,4,0,0,0,0,0,0,0,0,0,5,1,40,8,1,0,0,0,2,0,0,,,,,,,,
0,/home/capc1/ProfitabilityTool-new-27-07-26/ProfitabilityTool/capc_dataset_work_RyrnQw/feature_variants/stridedAccess_serial_N_21.c,1,5,3,0,4,0,0,0,0,0,0,0,0,0,5,1,40,8,1,0,0,0,2,0,0,,,,,,,,
0,/home/capc1/ProfitabilityTool-new-27-07-26/ProfitabilityTool/capc_dataset_work_RyrnQw/feature_variants/stridedAccess_serial_N_22.c,1,6,3,0,4,0,0,0,0,0,0,0,0,0,5,1,40,8,1,0,0,0,2,0,0,,,,,,,,
0,/home/capc1/ProfitabilityTool-new-27-07-26/ProfitabilityTool/capc_dataset_work_RyrnQw/feature_variants/stridedAccess_serial_N_23.c,1,7,3,0,4,0,0,0,0,0,0,0,0,0,5,1,40,8,1,0,0,0,2,0,0,,,,,,,,
0,/home/capc1/ProfitabilityTool-new-27-07-26/ProfitabilityTool/capc_dataset_work_RyrnQw/feature_variants/stridedAccess_serial_N_24.c,1,8,3,0,4,0,0,0,0,0,0,0,0,0,5,1,40,8,1,0,0,0,2,0,0,,,,,,,,
0,/home/capc1/ProfitabilityTool-new-27-07-26/ProfitabilityTool/capc_dataset_work_RyrnQw/feature_variants/stridedAccess_serial_N_25.c,1,9,3,0,4,0,0,0,0,0,0,0,0,0,5,1,40,8,1,0,0,0,2,0,0,,,,,,,,
0,/home/capc1/ProfitabilityTool-new-27-07-26/ProfitabilityTool/capc_dataset_work_RyrnQw/feature_variants/stridedAccess_serial_N_26.c,1,10,3,0,4,0,0,0,0,0,0,0,0,0,5,1,40,8,1,0,0,0,2,0,0,,,,,,,,
0,/home/capc1/ProfitabilityTool-new-27-07-26/ProfitabilityTool/capc_dataset_work_RyrnQw/feature_variants/stridedAccess_serial_N_27.c,1,11,3,0,4,0,0,0,0,0,0,0,0,0,5,1,40,8,1,0,0,0,2,0,0,,,,,,,,
0,/home/capc1/ProfitabilityTool-new-27-07-26/ProfitabilityTool/capc_dataset_work_RyrnQw/feature_variants/stridedAccess_serial_N_28.c,1,12,3,0,4,0,0,0,0,0,0,0,0,0,5,1,40,8,1,0,0,0,2,0,0,,,,,,,,
0,/home/capc1/ProfitabilityTool-new-27-07-26/ProfitabilityTool/capc_dataset_work_RyrnQw/feature_variants/stridedAccess_serial_N_29.c,1,13,3,0,4,0,0,0,0,0,0,0,0,0,5,1,40,8,1,0,0,0,2,0,0,,,,,,,,
0,/home/capc1/ProfitabilityTool-new-27-07-26/ProfitabilityTool/capc_dataset_work_RyrnQw/feature_variants/stridedAccess_serial_N_30.c,1,14,3,0,4,0,0,0,0,0,0,0,0,0,5,1,40,8,1,0,0,0,2,0,0,,,,,,,,
0,/home/capc1/ProfitabilityTool-new-27-07-26/ProfitabilityTool/capc_dataset_work_RyrnQw/feature_variants/stridedAccess_serial_N_31.c,1,15,3,0,4,0,0,0,0,0,0,0,0,0,5,1,40,8,1,0,0,0,2,0,0,,,,,,,,
0,/home/capc1/ProfitabilityTool-new-27-07-26/ProfitabilityTool/capc_dataset_work_RyrnQw/feature_variants/stridedAccess_serial_N_32.c,1,16,3,0,4,0,0,0,0,0,0,0,0,0,5,1,40,8,1,0,0,0,2,0,0,,,,,,,,
0,/home/capc1/ProfitabilityTool-new-27-07-26/ProfitabilityTool/capc_dataset_work_RyrnQw/feature_variants/stridedAccess_serial_N_33.c,1,17,3,0,4,0,0,0,0,0,0,0,0,0,5,1,40,8,1,0,0,0,2,0,0,,,,,,,,
0,/home/capc1/ProfitabilityTool-new-27-07-26/ProfitabilityTool/capc_dataset_work_RyrnQw/feature_variants/stridedAccess_serial_N_34.c,1,18,3,0,4,0,0,0,0,0,0,0,0,0,5,1,40,8,1,0,0,0,2,0,0,,,,,,,,
0,/home/capc1/ProfitabilityTool-new-27-07-26/ProfitabilityTool/capc_dataset_work_RyrnQw/feature_variants/stridedAccess_serial_N_35.c,1,19,3,0,4,0,0,0,0,0,0,0,0,0,5,1,40,8,1,0,0,0,2,0,0,,,,,,,,
0,/home/capc1/ProfitabilityTool-new-27-07-26/ProfitabilityTool/capc_dataset_work_RyrnQw/feature_variants/stridedAccess_serial_N_36.c,1,20,3,0,4,0,0,0,0,0,0,0,0,0,5,1,40,8,1,0,0,0,2,0,0,,,,,,,,
0,/home/capc1/ProfitabilityTool-new-27-07-26/ProfitabilityTool/capc_dataset_work_RyrnQw/feature_variants/stridedAccess_serial_N_37.c,1,21,3,0,4,0,0,0,0,0,0,0,0,0,5,1,40,8,1,0,0,0,2,0,0,,,,,,,,
0,/home/capc1/ProfitabilityTool-new-27-07-26/ProfitabilityTool/capc_dataset_work_RyrnQw/feature_variants/stridedAccess_serial_N_38.c,1,22,3,0,4,0,0,0,0,0,0,0,0,0,5,1,40,8,1,0,0,0,2,0,0,,,,,,,,
0,/home/capc1/ProfitabilityTool-new-27-07-26/ProfitabilityTool/capc_dataset_work_RyrnQw/feature_variants/stridedAccess_serial_N_39.c,1,23,3,0,4,0,0,0,0,0,0,0,0,0,5,1,40,8,1,0,0,0,2,0,0,,,,,,,,
0,/home/capc1/ProfitabilityTool-new-27-07-26/ProfitabilityTool/capc_dataset_work_RyrnQw/feature_variants/stridedAccess_serial_N_40.c,1,24,3,0,4,0,0,0,0,0,0,0,0,0,5,1,40,8,1,0,0,0,2,0,0,,,,,,,,
0,/home/capc1/ProfitabilityTool-new-27-07-26/ProfitabilityTool/capc_dataset_work_RyrnQw/feature_variants/stridedAccess_serial_N_41.c,1,25,3,0,4,0,0,0,0,0,0,0,0,0,5,1,40,8,1,0,0,0,2,0,0,,,,,,,,
0,/home/capc1/ProfitabilityTool-new-27-07-26/ProfitabilityTool/capc_dataset_work_RyrnQw/feature_variants/stridedAccess_serial_N_42.c,1,26,3,0,4,0,0,0,0,0,0,0,0,0,5,1,40,8,1,0,0,0,2,0,0,,,,,,,,
0,/home/capc1/ProfitabilityTool-new-27-07-26/ProfitabilityTool/capc_dataset_work_RyrnQw/feature_variants/stridedAccess_serial_N_43.c,1,27,3,0,4,0,0,0,0,0,0,0,0,0,5,1,40,8,1,0,0,0,2,0,0,,,,,,,,
0,/home/capc1/ProfitabilityTool-new-27-07-26/ProfitabilityTool/capc_dataset_work_RyrnQw/feature_variants/stridedAccess_serial_N_44.c,1,28,3,0,4,0,0,0,0,0,0,0,0,0,5,1,40,8,1,0,0,0,2,0,0,,,,,,,,
0,/home/capc1/ProfitabilityTool-new-27-07-26/ProfitabilityTool/capc_dataset_work_RyrnQw/feature_variants/stridedAccess_serial_N_45.c,1,29,3,0,4,0,0,0,0,0,0,0,0,0,5,1,40,8,1,0,0,0,2,0,0,,,,,,,,
0,/home/capc1/ProfitabilityTool-new-27-07-26/ProfitabilityTool/capc_dataset_work_RyrnQw/feature_variants/stridedAccess_serial_N_46.c,1,30,3,0,4,0,0,0,0,0,0,0,0,0,5,1,40,8,1,0,0,0,2,0,0,,,,,,,,
0,/home/capc1/ProfitabilityTool-new-27-07-26/ProfitabilityTool/capc_dataset_work_RyrnQw/feature_variants/stridedAccess_serial_N_47.c,1,31,3,0,4,0,0,0,0,0,0,0,0,0,5,1,40,8,1,0,0,0,2,0,0,,,,,,,,
0,/home/capc1/ProfitabilityTool-new-27-07-26/ProfitabilityTool/capc_dataset_work_RyrnQw/feature_variants/stridedAccess_serial_N_48.c,1,32,3,0,4,0,0,0,0,0,0,0,0,0,5,1,40,8,1,0,0,0,2,0,0,,,,,,,,
0,/home/capc1/ProfitabilityTool-new-27-07-26/ProfitabilityTool/capc_dataset_work_RyrnQw/feature_variants/stridedAccess_serial_N_49.c,1,33,3,0,4,0,0,0,0,0,0,0,0,0,5,1,40,8,1,0,0,0,2,0,0,,,,,,,,
0,/home/capc1/ProfitabilityTool-new-27-07-26/ProfitabilityTool/capc_dataset_work_RyrnQw/feature_variants/stridedAccess_serial_N_50.c,1,34,3,0,4,0,0,0,0,0,0,0,0,0,5,1,40,8,1,0,0,0,2,0,0,,,,,,,,
0,/home/capc1/ProfitabilityTool-new-27-07-26/ProfitabilityTool/capc_dataset_work_RyrnQw/feature_variants/stridedAccess_serial_N_51.c,1,35,3,0,4,0,0,0,0,0,0,0,0,0,5,1,40,8,1,0,0,0,2,0,0,,,,,,,,
0,/home/capc1/ProfitabilityTool-new-27-07-26/ProfitabilityTool/capc_dataset_work_RyrnQw/feature_variants/stridedAccess_serial_N_52.c,1,36,3,0,4,0,0,0,0,0,0,0,0,0,5,1,40,8,1,0,0,0,2,0,0,,,,,,,,
0,/home/capc1/ProfitabilityTool-new-27-07-26/ProfitabilityTool/capc_dataset_work_RyrnQw/feature_variants/stridedAccess_serial_N_53.c,1,37,3,0,4,0,0,0,0,0,0,0,0,0,5,1,40,8,1,0,0,0,2,0,0,,,,,,,,
0,/home/capc1/ProfitabilityTool-new-27-07-26/ProfitabilityTool/capc_dataset_work_RyrnQw/feature_variants/stridedAccess_serial_N_54.c,1,38,3,0,4,0,0,0,0,0,0,0,0,0,5,1,40,8,1,0,0,0,2,0,0,,,,,,,,
0,/home/capc1/ProfitabilityTool-new-27-07-26/ProfitabilityTool/capc_dataset_work_RyrnQw/feature_variants/stridedAccess_serial_N_55.c,1,39,3,0,4,0,0,0,0,0,0,0,0,0,5,1,40,8,1,0,0,0,2,0,0,,,,,,,,
0,/home/capc1/ProfitabilityTool-new-27-07-26/ProfitabilityTool/capc_dataset_work_RyrnQw/feature_variants/stridedAccess_serial_N_56.c,1,40,3,0,4,0,0,0,0,0,0,0,0,0,5,1,40,8,1,0,0,0,2,0,0,,,,,,,,
0,/home/capc1/ProfitabilityTool-new-27-07-26/ProfitabilityTool/capc_dataset_work_RyrnQw/feature_variants/stridedAccess_serial_N_57.c,1,41,3,0,4,0,0,0,0,0,0,0,0,0,5,1,40,8,1,0,0,0,2,0,0,,,,,,,,
0,/home/capc1/ProfitabilityTool-new-27-07-26/ProfitabilityTool/capc_dataset_work_RyrnQw/feature_variants/stridedAccess_serial_N_58.c,1,42,3,0,4,0,0,0,0,0,0,0,0,0,5,1,40,8,1,0,0,0,2,0,0,,,,,,,,
0,/home/capc1/ProfitabilityTool-new-27-07-26/ProfitabilityTool/capc_dataset_work_RyrnQw/feature_variants/stridedAccess_serial_N_59.c,1,43,3,0,4,0,0,0,0,0,0,0,0,0,5,1,40,8,1,0,0,0,2,0,0,,,,,,,,
0,/home/capc1/ProfitabilityTool-new-27-07-26/ProfitabilityTool/capc_dataset_work_RyrnQw/feature_variants/stridedAccess_serial_N_60.c,1,44,3,0,4,0,0,0,0,0,0,0,0,0,5,1,40,8,1,0,0,0,2,0,0,,,,,,,,
0,/home/capc1/ProfitabilityTool-new-27-07-26/ProfitabilityTool/capc_dataset_work_RyrnQw/feature_variants/stridedAccess_serial_N_61.c,1,45,3,0,4,0,0,0,0,0,0,0,0,0,5,1,40,8,1,0,0,0,2,0,0,,,,,,,,
0,/home/capc1/ProfitabilityTool-new-27-07-26/ProfitabilityTool/capc_dataset_work_RyrnQw/feature_variants/stridedAccess_serial_N_62.c,1,46,3,0,4,0,0,0,0,0,0,0,0,0,5,1,40,8,1,0,0,0,2,0,0,,,,,,,,
0,/home/capc1/ProfitabilityTool-new-27-07-26/ProfitabilityTool/capc_dataset_work_RyrnQw/feature_variants/stridedAccess_serial_N_63.c,1,47,3,0,4,0,0,0,0,0,0,0,0,0,5,1,40,8,1,0,0,0,2,0,0,,,,,,,,
0,/home/capc1/ProfitabilityTool-new-27-07-26/ProfitabilityTool/capc_dataset_work_RyrnQw/feature_variants/stridedAccess_serial_N_64.c,1,48,3,0,4,0,0,0,0,0,0,0,0,0,5,1,40,8,1,0,0,0,2,0,0,,,,,,,,
0,/home/capc1/ProfitabilityTool-new-27-07-26/ProfitabilityTool/capc_dataset_work_RyrnQw/feature_variants/stridedAccess_serial_N_65.c,1,49,3,0,4,0,0,0,0,0,0,0,0,0,5,1,40,8,1,0,0,0,2,0,0,,,,,,,,
0,/home/capc1/ProfitabilityTool-new-27-07-26/ProfitabilityTool/capc_dataset_work_RyrnQw/feature_variants/stridedAccess_serial_N_66.c,1,50,3,0,4,0,0,0,0,0,0,0,0,0,5,1,40,8,1,0,0,0,2,0,0,,,,,,,,
0,/home/capc1/ProfitabilityTool-new-27-07-26/ProfitabilityTool/capc_dataset_work_RyrnQw/feature_variants/stridedAccess_serial_N_67.c,1,51,3,0,4,0,0,0,0,0,0,0,0,0,5,1,40,8,1,0,0,0,2,0,0,,,,,,,,
0,/home/capc1/ProfitabilityTool-new-27-07-26/ProfitabilityTool/capc_dataset_work_RyrnQw/feature_variants/stridedAccess_serial_N_68.c,1,52,3,0,4,0,0,0,0,0,0,0,0,0,5,1,40,8,1,0,0,0,2,0,0,,,,,,,,
0,/home/capc1/ProfitabilityTool-new-27-07-26/ProfitabilityTool/capc_dataset_work_RyrnQw/feature_variants/stridedAccess_serial_N_69.c,1,53,3,0,4,0,0,0,0,0,0,0,0,0,5,1,40,8,1,0,0,0,2,0,0,,,,,,,,
0,/home/capc1/ProfitabilityTool-new-27-07-26/ProfitabilityTool/capc_dataset_work_RyrnQw/feature_variants/stridedAccess_serial_N_70.c,1,54,3,0,4,0,0,0,0,0,0,0,0,0,5,1,40,8,1,0,0,0,2,0,0,,,,,,,,
0,/home/capc1/ProfitabilityTool-new-27-07-26/ProfitabilityTool/capc_dataset_work_RyrnQw/feature_variants/stridedAccess_serial_N_71.c,1,55,3,0,4,0,0,0,0,0,0,0,0,0,5,1,40,8,1,0,0,0,2,0,0,,,,,,,,
0,/home/capc1/ProfitabilityTool-new-27-07-26/ProfitabilityTool/capc_dataset_work_RyrnQw/feature_variants/stridedAccess_serial_N_72.c,1,56,3,0,4,0,0,0,0,0,0,0,0,0,5,1,40,8,1,0,0,0,2,0,0,,,,,,,,
0,/home/capc1/ProfitabilityTool-new-27-07-26/ProfitabilityTool/capc_dataset_work_RyrnQw/feature_variants/stridedAccess_serial_N_73.c,1,57,3,0,4,0,0,0,0,0,0,0,0,0,5,1,40,8,1,0,0,0,2,0,0,,,,,,,,
0,/home/capc1/ProfitabilityTool-new-27-07-26/ProfitabilityTool/capc_dataset_work_RyrnQw/feature_variants/stridedAccess_serial_N_74.c,1,58,3,0,4,0,0,0,0,0,0,0,0,0,5,1,40,8,1,0,0,0,2,0,0,,,,,,,,
0,/home/capc1/ProfitabilityTool-new-27-07-26/ProfitabilityTool/capc_dataset_work_RyrnQw/feature_variants/stridedAccess_serial_N_75.c,1,59,3,0,4,0,0,0,0,0,0,0,0,0,5,1,40,8,1,0,0,0,2,0,0,,,,,,,,
0,/home/capc1/ProfitabilityTool-new-27-07-26/ProfitabilityTool/capc_dataset_work_RyrnQw/feature_variants/stridedAccess_serial_N_76.c,1,60,3,0,4,0,0,0,0,0,0,0,0,0,5,1,40,8,1,0,0,0,2,0,0,,,,,,,,
0,/home/capc1/ProfitabilityTool-new-27-07-26/ProfitabilityTool/capc_dataset_work_RyrnQw/feature_variants/stridedAccess_serial_N_77.c,1,61,3,0,4,0,0,0,0,0,0,0,0,0,5,1,40,8,1,0,0,0,2,0,0,,,,,,,,
0,/home/capc1/ProfitabilityTool-new-27-07-26/ProfitabilityTool/capc_dataset_work_RyrnQw/feature_variants/stridedAccess_serial_N_78.c,1,62,3,0,4,0,0,0,0,0,0,0,0,0,5,1,40,8,1,0,0,0,2,0,0,,,,,,,,
0,/home/capc1/ProfitabilityTool-new-27-07-26/ProfitabilityTool/capc_dataset_work_RyrnQw/feature_variants/stridedAccess_serial_N_79.c,1,63,3,0,4,0,0,0,0,0,0,0,0,0,5,1,40,8,1,0,0,0,2,0,0,,,,,,,,
0,/home/capc1/ProfitabilityTool-new-27-07-26/ProfitabilityTool/capc_dataset_work_RyrnQw/feature_variants/stridedAccess_serial_N_80.c,1,64,3,0,4,0,0,0,0,0,0,0,0,0,5,1,40,8,1,0,0,0,2,0,0,,,,,,,,
0,/home/capc1/ProfitabilityTool-new-27-07-26/ProfitabilityTool/capc_dataset_work_RyrnQw/feature_variants/stridedAccess_serial_N_81.c,1,65,3,0,4,0,0,0,0,0,0,0,0,0,5,1,40,8,1,0,0,0,2,0,0,,,,,,,,
0,/home/capc1/ProfitabilityTool-new-27-07-26/ProfitabilityTool/capc_dataset_work_RyrnQw/feature_variants/stridedAccess_serial_N_82.c,1,66,3,0,4,0,0,0,0,0,0,0,0,0,5,1,40,8,1,0,0,0,2,0,0,,,,,,,,
0,/home/capc1/ProfitabilityTool-new-27-07-26/ProfitabilityTool/capc_dataset_work_RyrnQw/feature_variants/stridedAccess_serial_N_83.c,1,67,3,0,4,0,0,0,0,0,0,0,0,0,5,1,40,8,1,0,0,0,2,0,0,,,,,,,,
0,/home/capc1/ProfitabilityTool-new-27-07-26/ProfitabilityTool/capc_dataset_work_RyrnQw/feature_variants/stridedAccess_serial_N_84.c,1,68,3,0,4,0,0,0,0,0,0,0,0,0,5,1,40,8,1,0,0,0,2,0,0,,,,,,,,
0,/home/capc1/ProfitabilityTool-new-27-07-26/ProfitabilityTool/capc_dataset_work_RyrnQw/feature_variants/stridedAccess_serial_N_85.c,1,69,3,0,4,0,0,0,0,0,0,0,0,0,5,1,40,8,1,0,0,0,2,0,0,,,,,,,,
0,/home/capc1/ProfitabilityTool-new-27-07-26/ProfitabilityTool/capc_dataset_work_RyrnQw/feature_variants/stridedAccess_serial_N_86.c,1,70,3,0,4,0,0,0,0,0,0,0,0,0,5,1,40,8,1,0,0,0,2,0,0,,,,,,,,
0,/home/capc1/ProfitabilityTool-new-27-07-26/ProfitabilityTool/capc_dataset_work_RyrnQw/feature_variants/stridedAccess_serial_N_87.c,1,71,3,0,4,0,0,0,0,0,0,0,0,0,5,1,40,8,1,0,0,0,2,0,0,,,,,,,,
0,/home/capc1/ProfitabilityTool-new-27-07-26/ProfitabilityTool/capc_dataset_work_RyrnQw/feature_variants/stridedAccess_serial_N_88.c,1,72,3,0,4,0,0,0,0,0,0,0,0,0,5,1,40,8,1,0,0,0,2,0,0,,,,,,,,
0,/home/capc1/ProfitabilityTool-new-27-07-26/ProfitabilityTool/capc_dataset_work_RyrnQw/feature_variants/stridedAccess_serial_N_89.c,1,73,3,0,4,0,0,0,0,0,0,0,0,0,5,1,40,8,1,0,0,0,2,0,0,,,,,,,,
0,/home/capc1/ProfitabilityTool-new-27-07-26/ProfitabilityTool/capc_dataset_work_RyrnQw/feature_variants/stridedAccess_serial_N_90.c,1,74,3,0,4,0,0,0,0,0,0,0,0,0,5,1,40,8,1,0,0,0,2,0,0,,,,,,,,
0,/home/capc1/ProfitabilityTool-new-27-07-26/ProfitabilityTool/capc_dataset_work_RyrnQw/feature_variants/stridedAccess_serial_N_91.c,1,75,3,0,4,0,0,0,0,0,0,0,0,0,5,1,40,8,1,0,0,0,2,0,0,,,,,,,,
0,/home/capc1/ProfitabilityTool-new-27-07-26/ProfitabilityTool/capc_dataset_work_RyrnQw/feature_variants/stridedAccess_serial_N_92.c,1,76,3,0,4,0,0,0,0,0,0,0,0,0,5,1,40,8,1,0,0,0,2,0,0,,,,,,,,
0,/home/capc1/ProfitabilityTool-new-27-07-26/ProfitabilityTool/capc_dataset_work_RyrnQw/feature_variants/stridedAccess_serial_N_93.c,1,77,3,0,4,0,0,0,0,0,0,0,0,0,5,1,40,8,1,0,0,0,2,0,0,,,,,,,,
0,/home/capc1/ProfitabilityTool-new-27-07-26/ProfitabilityTool/capc_dataset_work_RyrnQw/feature_variants/stridedAccess_serial_N_94.c,1,78,3,0,4,0,0,0,0,0,0,0,0,0,5,1,40,8,1,0,0,0,2,0,0,,,,,,,,
0,/home/capc1/ProfitabilityTool-new-27-07-26/ProfitabilityTool/capc_dataset_work_RyrnQw/feature_variants/stridedAccess_serial_N_95.c,1,79,3,0,4,0,0,0,0,0,0,0,0,0,5,1,40,8,1,0,0,0,2,0,0,,,,,,,,
0,/home/capc1/ProfitabilityTool-new-27-07-26/ProfitabilityTool/capc_dataset_work_RyrnQw/feature_variants/stridedAccess_serial_N_96.c,1,80,3,0,4,0,0,0,0,0,0,0,0,0,5,1,40,8,1,0,0,0,2,0,0,,,,,,,,
0,/home/capc1/ProfitabilityTool-new-27-07-26/ProfitabilityTool/capc_dataset_work_RyrnQw/feature_variants/stridedAccess_serial_N_97.c,1,81,3,0,4,0,0,0,0,0,0,0,0,0,5,1,40,8,1,0,0,0,2,0,0,,,,,,,,
0,/home/capc1/ProfitabilityTool-new-27-07-26/ProfitabilityTool/capc_dataset_work_RyrnQw/feature_variants/stridedAccess_serial_N_98.c,1,82,3,0,4,0,0,0,0,0,0,0,0,0,5,1,40,8,1,0,0,0,2,0,0,,,,,,,,
0,/home/capc1/ProfitabilityTool-new-27-07-26/ProfitabilityTool/capc_dataset_work_RyrnQw/feature_variants/stridedAccess_serial_N_99.c,1,83,3,0,4,0,0,0,0,0,0,0,0,0,5,1,40,8,1,0,0,0,2,0,0,,,,,,,,
0,/home/capc1/ProfitabilityTool-new-27-07-26/ProfitabilityTool/capc_dataset_work_RyrnQw/feature_variants/stridedAccess_serial_N_100.c,1,84,3,0,4,0,0,0,0,0,0,0,0,0,5,1,40,8,1,0,0,0,2,0,0,,,,,,,,
0,/home/capc1/ProfitabilityTool-new-27-07-26/ProfitabilityTool/capc_dataset_work_RyrnQw/feature_variants/stridedAccess_serial_N_101.c,1,85,3,0,4,0,0,0,0,0,0,0,0,0,5,1,40,8,1,0,0,0,2,0,0,,,,,,,,
0,/home/capc1/ProfitabilityTool-new-27-07-26/ProfitabilityTool/capc_dataset_work_RyrnQw/feature_variants/stridedAccess_serial_N_102.c,1,86,3,0,4,0,0,0,0,0,0,0,0,0,5,1,40,8,1,0,0,0,2,0,0,,,,,,,,
0,/home/capc1/ProfitabilityTool-new-27-07-26/ProfitabilityTool/capc_dataset_work_RyrnQw/feature_variants/stridedAccess_serial_N_103.c,1,87,3,0,4,0,0,0,0,0,0,0,0,0,5,1,40,8,1,0,0,0,2,0,0,,,,,,,,
0,/home/capc1/ProfitabilityTool-new-27-07-26/ProfitabilityTool/capc_dataset_work_RyrnQw/feature_variants/stridedAccess_serial_N_104.c,1,88,3,0,4,0,0,0,0,0,0,0,0,0,5,1,40,8,1,0,0,0,2,0,0,,,,,,,,
0,/home/capc1/ProfitabilityTool-new-27-07-26/ProfitabilityTool/capc_dataset_work_RyrnQw/feature_variants/stridedAccess_serial_N_105.c,1,89,3,0,4,0,0,0,0,0,0,0,0,0,5,1,40,8,1,0,0,0,2,0,0,,,,,,,,
0,/home/capc1/ProfitabilityTool-new-27-07-26/ProfitabilityTool/capc_dataset_work_RyrnQw/feature_variants/stridedAccess_serial_N_106.c,1,90,3,0,4,0,0,0,0,0,0,0,0,0,5,1,40,8,1,0,0,0,2,0,0,,,,,,,,
0,/home/capc1/ProfitabilityTool-new-27-07-26/ProfitabilityTool/capc_dataset_work_RyrnQw/feature_variants/stridedAccess_serial_N_107.c,1,91,3,0,4,0,0,0,0,0,0,0,0,0,5,1,40,8,1,0,0,0,2,0,0,,,,,,,,
0,/home/capc1/ProfitabilityTool-new-27-07-26/ProfitabilityTool/capc_dataset_work_RyrnQw/feature_variants/stridedAccess_serial_N_108.c,1,92,3,0,4,0,0,0,0,0,0,0,0,0,5,1,40,8,1,0,0,0,2,0,0,,,,,,,,
0,/home/capc1/ProfitabilityTool-new-27-07-26/ProfitabilityTool/capc_dataset_work_RyrnQw/feature_variants/stridedAccess_serial_N_109.c,1,93,3,0,4,0,0,0,0,0,0,0,0,0,5,1,40,8,1,0,0,0,2,0,0,,,,,,,,
0,/home/capc1/ProfitabilityTool-new-27-07-26/ProfitabilityTool/capc_dataset_work_RyrnQw/feature_variants/stridedAccess_serial_N_110.c,1,94,3,0,4,0,0,0,0,0,0,0,0,0,5,1,40,8,1,0,0,0,2,0,0,,,,,,,,
0,/home/capc1/ProfitabilityTool-new-27-07-26/ProfitabilityTool/capc_dataset_work_RyrnQw/feature_variants/stridedAccess_serial_N_111.c,1,95,3,0,4,0,0,0,0,0,0,0,0,0,5,1,40,8,1,0,0,0,2,0,0,,,,,,,,
0,/home/capc1/ProfitabilityTool-new-27-07-26/ProfitabilityTool/capc_dataset_work_RyrnQw/feature_variants/stridedAccess_serial_N_112.c,1,96,3,0,4,0,0,0,0,0,0,0,0,0,5,1,40,8,1,0,0,0,2,0,0,,,,,,,,
0,/home/capc1/ProfitabilityTool-new-27-07-26/ProfitabilityTool/capc_dataset_work_RyrnQw/feature_variants/stridedAccess_serial_N_113.c,1,97,3,0,4,0,0,0,0,0,0,0,0,0,5,1,40,8,1,0,0,0,2,0,0,,,,,,,,
0,/home/capc1/ProfitabilityTool-new-27-07-26/ProfitabilityTool/capc_dataset_work_RyrnQw/feature_variants/stridedAccess_serial_N_114.c,1,98,3,0,4,0,0,0,0,0,0,0,0,0,5,1,40,8,1,0,0,0,2,0,0,,,,,,,,
0,/home/capc1/ProfitabilityTool-new-27-07-26/ProfitabilityTool/capc_dataset_work_RyrnQw/feature_variants/stridedAccess_serial_N_115.c,1,99,3,0,4,0,0,0,0,0,0,0,0,0,5,1,40,8,1,0,0,0,2,0,0,,,,,,,,
0,/home/capc1/ProfitabilityTool-new-27-07-26/ProfitabilityTool/capc_dataset_work_RyrnQw/feature_variants/stridedAccess_serial_N_116.c,1,100,3,0,4,0,0,0,0,0,0,0,0,0,5,1,40,8,1,0,0,0,2,0,0,,,,,,,,
0,/home/capc1/ProfitabilityTool-new-27-07-26/ProfitabilityTool/capc_dataset_work_RyrnQw/feature_variants/stridedAccess_serial_N_117.c,1,101,3,0,4,0,0,0,0,0,0,0,0,0,5,1,40,8,1,0,0,0,2,0,0,,,,,,,,
0,/home/capc1/ProfitabilityTool-new-27-07-26/ProfitabilityTool/capc_dataset_work_RyrnQw/feature_variants/stridedAccess_serial_N_118.c,1,102,3,0,4,0,0,0,0,0,0,0,0,0,5,1,40,8,1,0,0,0,2,0,0,,,,,,,,
0,/home/capc1/ProfitabilityTool-new-27-07-26/ProfitabilityTool/capc_dataset_work_RyrnQw/feature_variants/stridedAccess_serial_N_119.c,1,103,3,0,4,0,0,0,0,0,0,0,0,0,5,1,40,8,1,0,0,0,2,0,0,,,,,,,,
0,/home/capc1/ProfitabilityTool-new-27-07-26/ProfitabilityTool/capc_dataset_work_RyrnQw/feature_variants/stridedAccess_serial_N_120.c,1,104,3,0,4,0,0,0,0,0,0,0,0,0,5,1,40,8,1,0,0,0,2,0,0,,,,,,,,
0,/home/capc1/ProfitabilityTool-new-27-07-26/ProfitabilityTool/capc_dataset_work_RyrnQw/feature_variants/stridedAccess_serial_N_121.c,1,105,3,0,4,0,0,0,0,0,0,0,0,0,5,1,40,8,1,0,0,0,2,0,0,,,,,,,,
0,/home/capc1/ProfitabilityTool-new-27-07-26/ProfitabilityTool/capc_dataset_work_RyrnQw/feature_variants/stridedAccess_serial_N_122.c,1,106,3,0,4,0,0,0,0,0,0,0,0,0,5,1,40,8,1,0,0,0,2,0,0,,,,,,,,
0,/home/capc1/ProfitabilityTool-new-27-07-26/ProfitabilityTool/capc_dataset_work_RyrnQw/feature_variants/stridedAccess_serial_N_123.c,1,107,3,0,4,0,0,0,0,0,0,0,0,0,5,1,40,8,1,0,0,0,2,0,0,,,,,,,,
0,/home/capc1/ProfitabilityTool-new-27-07-26/ProfitabilityTool/capc_dataset_work_RyrnQw/feature_variants/stridedAccess_serial_N_124.c,1,108,3,0,4,0,0,0,0,0,0,0,0,0,5,1,40,8,1,0,0,0,2,0,0,,,,,,,,
0,/home/capc1/ProfitabilityTool-new-27-07-26/ProfitabilityTool/capc_dataset_work_RyrnQw/feature_variants/stridedAccess_serial_N_125.c,1,109,3,0,4,0,0,0,0,0,0,0,0,0,5,1,40,8,1,0,0,0,2,0,0,,,,,,,,
0,/home/capc1/ProfitabilityTool-new-27-07-26/ProfitabilityTool/capc_dataset_work_RyrnQw/feature_variants/stridedAccess_serial_N_126.c,1,110,3,0,4,0,0,0,0,0,0,0,0,0,5,1,40,8,1,0,0,0,2,0,0,,,,,,,,
0,/home/capc1/ProfitabilityTool-new-27-07-26/ProfitabilityTool/capc_dataset_work_RyrnQw/feature_variants/stridedAccess_serial_N_127.c,1,111,3,0,4,0,0,0,0,0,0,0,0,0,5,1,40,8,1,0,0,0,2,0,0,,,,,,,,
0,/home/capc1/ProfitabilityTool-new-27-07-26/ProfitabilityTool/capc_dataset_work_RyrnQw/feature_variants/stridedAccess_serial_N_128.c,1,112,3,0,4,0,0,0,0,0,0,0,0,0,5,1,40,8,1,0,0,0,2,0,0,,,,,,,,
0,/home/capc1/ProfitabilityTool-new-27-07-26/ProfitabilityTool/capc_dataset_work_RyrnQw/feature_variants/stridedAccess_serial_N_129.c,1,113,3,0,4,0,0,0,0,0,0,0,0,0,5,1,40,8,1,0,0,0,2,0,0,,,,,,,,
0,/home/capc1/ProfitabilityTool-new-27-07-26/ProfitabilityTool/capc_dataset_work_RyrnQw/feature_variants/stridedAccess_serial_N_130.c,1,114,3,0,4,0,0,0,0,0,0,0,0,0,5,1,40,8,1,0,0,0,2,0,0,,,,,,,,
0,/home/capc1/ProfitabilityTool-new-27-07-26/ProfitabilityTool/capc_dataset_work_RyrnQw/feature_variants/stridedAccess_serial_N_131.c,1,115,3,0,4,0,0,0,0,0,0,0,0,0,5,1,40,8,1,0,0,0,2,0,0,,,,,,,,
0,/home/capc1/ProfitabilityTool-new-27-07-26/ProfitabilityTool/capc_dataset_work_RyrnQw/feature_variants/stridedAccess_serial_N_132.c,1,116,3,0,4,0,0,0,0,0,0,0,0,0,5,1,40,8,1,0,0,0,2,0,0,,,,,,,,
0,/home/capc1/ProfitabilityTool-new-27-07-26/ProfitabilityTool/capc_dataset_work_RyrnQw/feature_variants/stridedAccess_serial_N_133.c,1,117,3,0,4,0,0,0,0,0,0,0,0,0,5,1,40,8,1,0,0,0,2,0,0,,,,,,,,
0,/home/capc1/ProfitabilityTool-new-27-07-26/ProfitabilityTool/capc_dataset_work_RyrnQw/feature_variants/stridedAccess_serial_N_134.c,1,118,3,0,4,0,0,0,0,0,0,0,0,0,5,1,40,8,1,0,0,0,2,0,0,,,,,,,,
0,/home/capc1/ProfitabilityTool-new-27-07-26/ProfitabilityTool/capc_dataset_work_RyrnQw/feature_variants/stridedAccess_serial_N_135.c,1,119,3,0,4,0,0,0,0,0,0,0,0,0,5,1,40,8,1,0,0,0,2,0,0,,,,,,,,
0,/home/capc1/ProfitabilityTool-new-27-07-26/ProfitabilityTool/capc_dataset_work_RyrnQw/feature_variants/stridedAccess_serial_N_136.c,1,120,3,0,4,0,0,0,0,0,0,0,0,0,5,1,40,8,1,0,0,0,2,0,0,,,,,,,,
0,/home/capc1/ProfitabilityTool-new-27-07-26/ProfitabilityTool/capc_dataset_work_RyrnQw/feature_variants/stridedAccess_serial_N_137.c,1,121,3,0,4,0,0,0,0,0,0,0,0,0,5,1,40,8,1,0,0,0,2,0,0,,,,,,,,
0,/home/capc1/ProfitabilityTool-new-27-07-26/ProfitabilityTool/capc_dataset_work_RyrnQw/feature_variants/stridedAccess_serial_N_138.c,1,122,3,0,4,0,0,0,0,0,0,0,0,0,5,1,40,8,1,0,0,0,2,0,0,,,,,,,,
0,/home/capc1/ProfitabilityTool-new-27-07-26/ProfitabilityTool/capc_dataset_work_RyrnQw/feature_variants/stridedAccess_serial_N_139.c,1,123,3,0,4,0,0,0,0,0,0,0,0,0,5,1,40,8,1,0,0,0,2,0,0,,,,,,,,
0,/home/capc1/ProfitabilityTool-new-27-07-26/ProfitabilityTool/capc_dataset_work_RyrnQw/feature_variants/stridedAccess_serial_N_140.c,1,124,3,0,4,0,0,0,0,0,0,0,0,0,5,1,40,8,1,0,0,0,2,0,0,,,,,,,,
0,/home/capc1/ProfitabilityTool-new-27-07-26/ProfitabilityTool/capc_dataset_work_RyrnQw/feature_variants/stridedAccess_serial_N_141.c,1,125,3,0,4,0,0,0,0,0,0,0,0,0,5,1,40,8,1,0,0,0,2,0,0,,,,,,,,
0,/home/capc1/ProfitabilityTool-new-27-07-26/ProfitabilityTool/capc_dataset_work_RyrnQw/feature_variants/stridedAccess_serial_N_142.c,1,126,3,0,4,0,0,0,0,0,0,0,0,0,5,1,40,8,1,0,0,0,2,0,0,,,,,,,,
0,/home/capc1/ProfitabilityTool-new-27-07-26/ProfitabilityTool/capc_dataset_work_RyrnQw/feature_variants/stridedAccess_serial_N_143.c,1,127,3,0,4,0,0,0,0,0,0,0,0,0,5,1,40,8,1,0,0,0,2,0,0,,,,,,,,
0,/home/capc1/ProfitabilityTool-new-27-07-26/ProfitabilityTool/capc_dataset_work_RyrnQw/feature_variants/stridedAccess_serial_N_144.c,1,128,3,0,4,0,0,0,0,0,0,0,0,0,5,1,40,8,1,0,0,0,2,0,0,,,,,,,,
0,/home/capc1/ProfitabilityTool-new-27-07-26/ProfitabilityTool/capc_dataset_work_RyrnQw/feature_variants/stridedAccess_serial_N_145.c,1,129,3,0,4,0,0,0,0,0,0,0,0,0,5,1,40,8,1,0,0,0,2,0,0,,,,,,,,
0,/home/capc1/ProfitabilityTool-new-27-07-26/ProfitabilityTool/capc_dataset_work_RyrnQw/feature_variants/stridedAccess_serial_N_146.c,1,130,3,0,4,0,0,0,0,0,0,0,0,0,5,1,40,8,1,0,0,0,2,0,0,,,,,,,,
0,/home/capc1/ProfitabilityTool-new-27-07-26/ProfitabilityTool/capc_dataset_work_RyrnQw/feature_variants/stridedAccess_serial_N_147.c,1,131,3,0,4,0,0,0,0,0,0,0,0,0,5,1,40,8,1,0,0,0,2,0,0,,,,,,,,
0,/home/capc1/ProfitabilityTool-new-27-07-26/ProfitabilityTool/capc_dataset_work_RyrnQw/feature_variants/stridedAccess_serial_N_148.c,1,132,3,0,4,0,0,0,0,0,0,0,0,0,5,1,40,8,1,0,0,0,2,0,0,,,,,,,,
0,/home/capc1/ProfitabilityTool-new-27-07-26/ProfitabilityTool/capc_dataset_work_RyrnQw/feature_variants/stridedAccess_serial_N_149.c,1,133,3,0,4,0,0,0,0,0,0,0,0,0,5,1,40,8,1,0,0,0,2,0,0,,,,,,,,
0,/home/capc1/ProfitabilityTool-new-27-07-26/ProfitabilityTool/capc_dataset_work_RyrnQw/feature_variants/stridedAccess_serial_N_150.c,1,134,3,0,4,0,0,0,0,0,0,0,0,0,5,1,40,8,1,0,0,0,2,0,0,,,,,,,,
0,/home/capc1/ProfitabilityTool-new-27-07-26/ProfitabilityTool/capc_dataset_work_RyrnQw/feature_variants/stridedAccess_serial_N_151.c,1,135,3,0,4,0,0,0,0,0,0,0,0,0,5,1,40,8,1,0,0,0,2,0,0,,,,,,,,
0,/home/capc1/ProfitabilityTool-new-27-07-26/ProfitabilityTool/capc_dataset_work_RyrnQw/feature_variants/stridedAccess_serial_N_152.c,1,136,3,0,4,0,0,0,0,0,0,0,0,0,5,1,40,8,1,0,0,0,2,0,0,,,,,,,,
0,/home/capc1/ProfitabilityTool-new-27-07-26/ProfitabilityTool/capc_dataset_work_RyrnQw/feature_variants/stridedAccess_serial_N_153.c,1,137,3,0,4,0,0,0,0,0,0,0,0,0,5,1,40,8,1,0,0,0,2,0,0,,,,,,,,
0,/home/capc1/ProfitabilityTool-new-27-07-26/ProfitabilityTool/capc_dataset_work_RyrnQw/feature_variants/stridedAccess_serial_N_154.c,1,138,3,0,4,0,0,0,0,0,0,0,0,0,5,1,40,8,1,0,0,0,2,0,0,,,,,,,,
0,/home/capc1/ProfitabilityTool-new-27-07-26/ProfitabilityTool/capc_dataset_work_RyrnQw/feature_variants/stridedAccess_serial_N_155.c,1,139,3,0,4,0,0,0,0,0,0,0,0,0,5,1,40,8,1,0,0,0,2,0,0,,,,,,,,
0,/home/capc1/ProfitabilityTool-new-27-07-26/ProfitabilityTool/capc_dataset_work_RyrnQw/feature_variants/stridedAccess_serial_N_156.c,1,140,3,0,4,0,0,0,0,0,0,0,0,0,5,1,40,8,1,0,0,0,2,0,0,,,,,,,,
0,/home/capc1/ProfitabilityTool-new-27-07-26/ProfitabilityTool/capc_dataset_work_RyrnQw/feature_variants/stridedAccess_serial_N_157.c,1,141,3,0,4,0,0,0,0,0,0,0,0,0,5,1,40,8,1,0,0,0,2,0,0,,,,,,,,
0,/home/capc1/ProfitabilityTool-new-27-07-26/ProfitabilityTool/capc_dataset_work_RyrnQw/feature_variants/stridedAccess_serial_N_158.c,1,142,3,0,4,0,0,0,0,0,0,0,0,0,5,1,40,8,1,0,0,0,2,0,0,,,,,,,,
0,/home/capc1/ProfitabilityTool-new-27-07-26/ProfitabilityTool/capc_dataset_work_RyrnQw/feature_variants/stridedAccess_serial_N_159.c,1,143,3,0,4,0,0,0,0,0,0,0,0,0,5,1,40,8,1,0,0,0,2,0,0,,,,,,,,
0,/home/capc1/ProfitabilityTool-new-27-07-26/ProfitabilityTool/capc_dataset_work_RyrnQw/feature_variants/stridedAccess_serial_N_160.c,1,144,3,0,4,0,0,0,0,0,0,0,0,0,5,1,40,8,1,0,0,0,2,0,0,,,,,,,,
0,/home/capc1/ProfitabilityTool-new-27-07-26/ProfitabilityTool/capc_dataset_work_RyrnQw/feature_variants/stridedAccess_serial_N_161.c,1,145,3,0,4,0,0,0,0,0,0,0,0,0,5,1,40,8,1,0,0,0,2,0,0,,,,,,,,
0,/home/capc1/ProfitabilityTool-new-27-07-26/ProfitabilityTool/capc_dataset_work_RyrnQw/feature_variants/stridedAccess_serial_N_162.c,1,146,3,0,4,0,0,0,0,0,0,0,0,0,5,1,40,8,1,0,0,0,2,0,0,,,,,,,,
0,/home/capc1/ProfitabilityTool-new-27-07-26/ProfitabilityTool/capc_dataset_work_RyrnQw/feature_variants/stridedAccess_serial_N_163.c,1,147,3,0,4,0,0,0,0,0,0,0,0,0,5,1,40,8,1,0,0,0,2,0,0,,,,,,,,
0,/home/capc1/ProfitabilityTool-new-27-07-26/ProfitabilityTool/capc_dataset_work_RyrnQw/feature_variants/stridedAccess_serial_N_164.c,1,148,3,0,4,0,0,0,0,0,0,0,0,0,5,1,40,8,1,0,0,0,2,0,0,,,,,,,,
0,/home/capc1/ProfitabilityTool-new-27-07-26/ProfitabilityTool/capc_dataset_work_RyrnQw/feature_variants/stridedAccess_serial_N_165.c,1,149,3,0,4,0,0,0,0,0,0,0,0,0,5,1,40,8,1,0,0,0,2,0,0,,,,,,,,
0,/home/capc1/ProfitabilityTool-new-27-07-26/ProfitabilityTool/capc_dataset_work_RyrnQw/feature_variants/stridedAccess_serial_N_166.c,1,150,3,0,4,0,0,0,0,0,0,0,0,0,5,1,40,8,1,0,0,0,2,0,0,,,,,,,,
0,/home/capc1/ProfitabilityTool-new-27-07-26/ProfitabilityTool/capc_dataset_work_RyrnQw/feature_variants/stridedAccess_serial_N_167.c,1,151,3,0,4,0,0,0,0,0,0,0,0,0,5,1,40,8,1,0,0,0,2,0,0,,,,,,,,
0,/home/capc1/ProfitabilityTool-new-27-07-26/ProfitabilityTool/capc_dataset_work_RyrnQw/feature_variants/stridedAccess_serial_N_168.c,1,152,3,0,4,0,0,0,0,0,0,0,0,0,5,1,40,8,1,0,0,0,2,0,0,,,,,,,,
0,/home/capc1/ProfitabilityTool-new-27-07-26/ProfitabilityTool/capc_dataset_work_RyrnQw/feature_variants/stridedAccess_serial_N_169.c,1,153,3,0,4,0,0,0,0,0,0,0,0,0,5,1,40,8,1,0,0,0,2,0,0,,,,,,,,
0,/home/capc1/ProfitabilityTool-new-27-07-26/ProfitabilityTool/capc_dataset_work_RyrnQw/feature_variants/stridedAccess_serial_N_170.c,1,154,3,0,4,0,0,0,0,0,0,0,0,0,5,1,40,8,1,0,0,0,2,0,0,,,,,,,,
0,/home/capc1/ProfitabilityTool-new-27-07-26/ProfitabilityTool/capc_dataset_work_RyrnQw/feature_variants/stridedAccess_serial_N_171.c,1,155,3,0,4,0,0,0,0,0,0,0,0,0,5,1,40,8,1,0,0,0,2,0,0,,,,,,,,
0,/home/capc1/ProfitabilityTool-new-27-07-26/ProfitabilityTool/capc_dataset_work_RyrnQw/feature_variants/stridedAccess_serial_N_172.c,1,156,3,0,4,0,0,0,0,0,0,0,0,0,5,1,40,8,1,0,0,0,2,0,0,,,,,,,,
0,/home/capc1/ProfitabilityTool-new-27-07-26/ProfitabilityTool/capc_dataset_work_RyrnQw/feature_variants/stridedAccess_serial_N_173.c,1,157,3,0,4,0,0,0,0,0,0,0,0,0,5,1,40,8,1,0,0,0,2,0,0,,,,,,,,
0,/home/capc1/ProfitabilityTool-new-27-07-26/ProfitabilityTool/capc_dataset_work_RyrnQw/feature_variants/stridedAccess_serial_N_174.c,1,158,3,0,4,0,0,0,0,0,0,0,0,0,5,1,40,8,1,0,0,0,2,0,0,,,,,,,,
0,/home/capc1/ProfitabilityTool-new-27-07-26/ProfitabilityTool/capc_dataset_work_RyrnQw/feature_variants/stridedAccess_serial_N_175.c,1,159,3,0,4,0,0,0,0,0,0,0,0,0,5,1,40,8,1,0,0,0,2,0,0,,,,,,,,
0,/home/capc1/ProfitabilityTool-new-27-07-26/ProfitabilityTool/capc_dataset_work_RyrnQw/feature_variants/stridedAccess_serial_N_176.c,1,160,3,0,4,0,0,0,0,0,0,0,0,0,5,1,40,8,1,0,0,0,2,0,0,,,,,,,,
0,/home/capc1/ProfitabilityTool-new-27-07-26/ProfitabilityTool/capc_dataset_work_RyrnQw/feature_variants/stridedAccess_serial_N_177.c,1,161,3,0,4,0,0,0,0,0,0,0,0,0,5,1,40,8,1,0,0,0,2,0,0,,,,,,,,
0,/home/capc1/ProfitabilityTool-new-27-07-26/ProfitabilityTool/capc_dataset_work_RyrnQw/feature_variants/stridedAccess_serial_N_178.c,1,162,3,0,4,0,0,0,0,0,0,0,0,0,5,1,40,8,1,0,0,0,2,0,0,,,,,,,,
0,/home/capc1/ProfitabilityTool-new-27-07-26/ProfitabilityTool/capc_dataset_work_RyrnQw/feature_variants/stridedAccess_serial_N_179.c,1,163,3,0,4,0,0,0,0,0,0,0,0,0,5,1,40,8,1,0,0,0,2,0,0,,,,,,,,
0,/home/capc1/ProfitabilityTool-new-27-07-26/ProfitabilityTool/capc_dataset_work_RyrnQw/feature_variants/stridedAccess_serial_N_180.c,1,164,3,0,4,0,0,0,0,0,0,0,0,0,5,1,40,8,1,0,0,0,2,0,0,,,,,,,,
0,/home/capc1/ProfitabilityTool-new-27-07-26/ProfitabilityTool/capc_dataset_work_RyrnQw/feature_variants/stridedAccess_serial_N_181.c,1,165,3,0,4,0,0,0,0,0,0,0,0,0,5,1,40,8,1,0,0,0,2,0,0,,,,,,,,
0,/home/capc1/ProfitabilityTool-new-27-07-26/ProfitabilityTool/capc_dataset_work_RyrnQw/feature_variants/stridedAccess_serial_N_182.c,1,166,3,0,4,0,0,0,0,0,0,0,0,0,5,1,40,8,1,0,0,0,2,0,0,,,,,,,,
0,/home/capc1/ProfitabilityTool-new-27-07-26/ProfitabilityTool/capc_dataset_work_RyrnQw/feature_variants/stridedAccess_serial_N_183.c,1,167,3,0,4,0,0,0,0,0,0,0,0,0,5,1,40,8,1,0,0,0,2,0,0,,,,,,,,
0,/home/capc1/ProfitabilityTool-new-27-07-26/ProfitabilityTool/capc_dataset_work_RyrnQw/feature_variants/stridedAccess_serial_N_184.c,1,168,3,0,4,0,0,0,0,0,0,0,0,0,5,1,40,8,1,0,0,0,2,0,0,,,,,,,,
0,/home/capc1/ProfitabilityTool-new-27-07-26/ProfitabilityTool/capc_dataset_work_RyrnQw/feature_variants/stridedAccess_serial_N_185.c,1,169,3,0,4,0,0,0,0,0,0,0,0,0,5,1,40,8,1,0,0,0,2,0,0,,,,,,,,
0,/home/capc1/ProfitabilityTool-new-27-07-26/ProfitabilityTool/capc_dataset_work_RyrnQw/feature_variants/stridedAccess_serial_N_186.c,1,170,3,0,4,0,0,0,0,0,0,0,0,0,5,1,40,8,1,0,0,0,2,0,0,,,,,,,,
0,/home/capc1/ProfitabilityTool-new-27-07-26/ProfitabilityTool/capc_dataset_work_RyrnQw/feature_variants/stridedAccess_serial_N_187.c,1,171,3,0,4,0,0,0,0,0,0,0,0,0,5,1,40,8,1,0,0,0,2,0,0,,,,,,,,
0,/home/capc1/ProfitabilityTool-new-27-07-26/ProfitabilityTool/capc_dataset_work_RyrnQw/feature_variants/stridedAccess_serial_N_188.c,1,172,3,0,4,0,0,0,0,0,0,0,0,0,5,1,40,8,1,0,0,0,2,0,0,,,,,,,,
0,/home/capc1/ProfitabilityTool-new-27-07-26/ProfitabilityTool/capc_dataset_work_RyrnQw/feature_variants/stridedAccess_serial_N_189.c,1,173,3,0,4,0,0,0,0,0,0,0,0,0,5,1,40,8,1,0,0,0,2,0,0,,,,,,,,
0,/home/capc1/ProfitabilityTool-new-27-07-26/ProfitabilityTool/capc_dataset_work_RyrnQw/feature_variants/stridedAccess_serial_N_190.c,1,174,3,0,4,0,0,0,0,0,0,0,0,0,5,1,40,8,1,0,0,0,2,0,0,,,,,,,,
0,/home/capc1/ProfitabilityTool-new-27-07-26/ProfitabilityTool/capc_dataset_work_RyrnQw/feature_variants/stridedAccess_serial_N_191.c,1,175,3,0,4,0,0,0,0,0,0,0,0,0,5,1,40,8,1,0,0,0,2,0,0,,,,,,,,
0,/home/capc1/ProfitabilityTool-new-27-07-26/ProfitabilityTool/capc_dataset_work_RyrnQw/feature_variants/stridedAccess_serial_N_192.c,1,176,3,0,4,0,0,0,0,0,0,0,0,0,5,1,40,8,1,0,0,0,2,0,0,,,,,,,,
0,/home/capc1/ProfitabilityTool-new-27-07-26/ProfitabilityTool/capc_dataset_work_RyrnQw/feature_variants/stridedAccess_serial_N_193.c,1,177,3,0,4,0,0,0,0,0,0,0,0,0,5,1,40,8,1,0,0,0,2,0,0,,,,,,,,
0,/home/capc1/ProfitabilityTool-new-27-07-26/ProfitabilityTool/capc_dataset_work_RyrnQw/feature_variants/stridedAccess_serial_N_194.c,1,178,3,0,4,0,0,0,0,0,0,0,0,0,5,1,40,8,1,0,0,0,2,0,0,,,,,,,,
0,/home/capc1/ProfitabilityTool-new-27-07-26/ProfitabilityTool/capc_dataset_work_RyrnQw/feature_variants/stridedAccess_serial_N_195.c,1,179,3,0,4,0,0,0,0,0,0,0,0,0,5,1,40,8,1,0,0,0,2,0,0,,,,,,,,
0,/home/capc1/ProfitabilityTool-new-27-07-26/ProfitabilityTool/capc_dataset_work_RyrnQw/feature_variants/stridedAccess_serial_N_196.c,1,180,3,0,4,0,0,0,0,0,0,0,0,0,5,1,40,8,1,0,0,0,2,0,0,,,,,,,,
0,/home/capc1/ProfitabilityTool-new-27-07-26/ProfitabilityTool/capc_dataset_work_RyrnQw/feature_variants/stridedAccess_serial_N_197.c,1,181,3,0,4,0,0,0,0,0,0,0,0,0,5,1,40,8,1,0,0,0,2,0,0,,,,,,,,
0,/home/capc1/ProfitabilityTool-new-27-07-26/ProfitabilityTool/capc_dataset_work_RyrnQw/feature_variants/stridedAccess_serial_N_198.c,1,182,3,0,4,0,0,0,0,0,0,0,0,0,5,1,40,8,1,0,0,0,2,0,0,,,,,,,,
0,/home/capc1/ProfitabilityTool-new-27-07-26/ProfitabilityTool/capc_dataset_work_RyrnQw/feature_variants/stridedAccess_serial_N_199.c,1,183,3,0,4,0,0,0,0,0,0,0,0,0,5,1,40,8,1,0,0,0,2,0,0,,,,,,,,
0,/home/capc1/ProfitabilityTool-new-27-07-26/ProfitabilityTool/capc_dataset_work_RyrnQw/feature_variants/stridedAccess_serial_N_200.c,1,184,3,0,4,0,0,0,0,0,0,0,0,0,5,1,40,8,1,0,0,0,2,0,0,,,,,,,,
0,/home/capc1/ProfitabilityTool-new-27-07-26/ProfitabilityTool/capc_dataset_work_RyrnQw/feature_variants/stridedAccess_serial_N_300.c,1,284,3,0,4,0,0,0,0,0,0,0,0,0,5,1,40,8,1,0,0,0,2,0,0,,,,,,,,
0,/home/capc1/ProfitabilityTool-new-27-07-26/ProfitabilityTool/capc_dataset_work_RyrnQw/feature_variants/stridedAccess_serial_N_400.c,1,384,3,0,4,0,0,0,0,0,0,0,0,0,5,1,40,8,1,0,0,0,2,0,0,,,,,,,,
0,/home/capc1/ProfitabilityTool-new-27-07-26/ProfitabilityTool/capc_dataset_work_RyrnQw/feature_variants/stridedAccess_serial_N_500.c,1,484,3,0,4,0,0,0,0,0,0,0,0,0,5,1,40,8,1,0,0,0,2,0,0,,,,,,,,
0,/home/capc1/ProfitabilityTool-new-27-07-26/ProfitabilityTool/capc_dataset_work_RyrnQw/feature_variants/stridedAccess_serial_N_600.c,1,584,3,0,4,0,0,0,0,0,0,0,0,0,5,1,40,8,1,0,0,0,2,0,0,,,,,,,,
0,/home/capc1/ProfitabilityTool-new-27-07-26/ProfitabilityTool/capc_dataset_work_RyrnQw/feature_variants/stridedAccess_serial_N_700.c,1,684,3,0,4,0,0,0,0,0,0,0,0,0,5,1,40,8,1,0,0,0,2,0,0,,,,,,,,
0,/home/capc1/ProfitabilityTool-new-27-07-26/ProfitabilityTool/capc_dataset_work_RyrnQw/feature_variants/stridedAccess_serial_N_800.c,1,784,3,0,4,0,0,0,0,0,0,0,0,0,5,1,40,8,1,0,0,0,2,0,0,,,,,,,,
0,/home/capc1/ProfitabilityTool-new-27-07-26/ProfitabilityTool/capc_dataset_work_RyrnQw/feature_variants/stridedAccess_serial_N_900.c,1,884,3,0,4,0,0,0,0,0,0,0,0,0,5,1,40,8,1,0,0,0,2,0,0,,,,,,,,
0,/home/capc1/ProfitabilityTool-new-27-07-26/ProfitabilityTool/capc_dataset_work_RyrnQw/feature_variants/stridedAccess_serial_N_1000.c,1,984,3,0,4,0,0,0,0,0,0,0,0,0,5,1,40,8,1,0,0,0,2,0,0,,,,,,,,
0,/home/capc1/ProfitabilityTool-new-27-07-26/ProfitabilityTool/capc_dataset_work_RyrnQw/feature_variants/stridedAccess_serial_N_2000.c,1,1984,3,0,4,0,0,0,0,0,0,0,0,0,5,1,40,8,1,0,0,0,2,0,0,,,,,,,,
0,/home/capc1/ProfitabilityTool-new-27-07-26/ProfitabilityTool/capc_dataset_work_RyrnQw/feature_variants/stridedAccess_serial_N_3000.c,1,2984,3,0,4,0,0,0,0,0,0,0,0,0,5,1,40,8,1,0,0,0,2,0,0,,,,,,,,
0,/home/capc1/ProfitabilityTool-new-27-07-26/ProfitabilityTool/capc_dataset_work_RyrnQw/feature_variants/stridedAccess_serial_N_4000.c,1,3984,3,0,4,0,0,0,0,0,0,0,0,0,5,1,40,8,1,0,0,0,2,0,0,,,,,,,,
0,/home/capc1/ProfitabilityTool-new-27-07-26/ProfitabilityTool/capc_dataset_work_RyrnQw/feature_variants/stridedAccess_serial_N_5000.c,1,4984,3,0,4,0,0,0,0,0,0,0,0,0,5,1,40,8,1,0,0,0,2,0,0,,,,,,,,
0,/home/capc1/ProfitabilityTool-new-27-07-26/ProfitabilityTool/capc_dataset_work_RyrnQw/feature_variants/stridedAccess_serial_N_6000.c,1,5984,3,0,4,0,0,0,0,0,0,0,0,0,5,1,40,8,1,0,0,0,2,0,0,,,,,,,,
0,/home/capc1/ProfitabilityTool-new-27-07-26/ProfitabilityTool/capc_dataset_work_RyrnQw/feature_variants/stridedAccess_serial_N_7000.c,1,6984,3,0,4,0,0,0,0,0,0,0,0,0,5,1,40,8,1,0,0,0,2,0,0,,,,,,,,
0,/home/capc1/ProfitabilityTool-new-27-07-26/ProfitabilityTool/capc_dataset_work_RyrnQw/feature_variants/stridedAccess_serial_N_8000.c,1,7984,3,0,4,0,0,0,0,0,0,0,0,0,5,1,40,8,1,0,0,0,2,0,0,,,,,,,,
0,/home/capc1/ProfitabilityTool-new-27-07-26/ProfitabilityTool/capc_dataset_work_RyrnQw/feature_variants/stridedAccess_serial_N_9000.c,1,8984,3,0,4,0,0,0,0,0,0,0,0,0,5,1,40,8,1,0,0,0,2,0,0,,,,,,,,
0,/home/capc1/ProfitabilityTool-new-27-07-26/ProfitabilityTool/capc_dataset_work_RyrnQw/feature_variants/stridedAccess_serial_N_10000.c,1,9984,3,0,4,0,0,0,0,0,0,0,0,0,5,1,40,8,1,0,0,0,2,0,0,,,,,,,,
0,/home/capc1/ProfitabilityTool-new-27-07-26/ProfitabilityTool/capc_dataset_work_RyrnQw/feature_variants/stridedAccess_serial_N_20000.c,1,19984,3,0,4,0,0,0,0,0,0,0,0,0,5,1,40,8,1,0,0,0,2,0,0,,,,,,,,
0,/home/capc1/ProfitabilityTool-new-27-07-26/ProfitabilityTool/capc_dataset_work_RyrnQw/feature_variants/stridedAccess_serial_N_30000.c,1,29984,3,0,4,0,0,0,0,0,0,0,0,0,5,1,40,8,1,0,0,0,2,0,0,,,,,,,,
0,/home/capc1/ProfitabilityTool-new-27-07-26/ProfitabilityTool/capc_dataset_work_RyrnQw/feature_variants/stridedAccess_serial_N_40000.c,1,39984,3,0,4,0,0,0,0,0,0,0,0,0,5,1,40,8,1,0,0,0,2,0,0,,,,,,,,
0,/home/capc1/ProfitabilityTool-new-27-07-26/ProfitabilityTool/capc_dataset_work_RyrnQw/feature_variants/stridedAccess_serial_N_50000.c,1,49984,3,0,4,0,0,0,0,0,0,0,0,0,5,1,40,8,1,0,0,0,2,0,0,,,,,,,,
0,/home/capc1/ProfitabilityTool-new-27-07-26/ProfitabilityTool/capc_dataset_work_RyrnQw/feature_variants/stridedAccess_serial_N_60000.c,1,59984,3,0,4,0,0,0,0,0,0,0,0,0,5,1,40,8,1,0,0,0,2,0,0,,,,,,,,
0,/home/capc1/ProfitabilityTool-new-27-07-26/ProfitabilityTool/capc_dataset_work_RyrnQw/feature_variants/stridedAccess_serial_N_70000.c,1,69984,3,0,4,0,0,0,0,0,0,0,0,0,5,1,40,8,1,0,0,0,2,0,0,,,,,,,,
0,/home/capc1/ProfitabilityTool-new-27-07-26/ProfitabilityTool/capc_dataset_work_RyrnQw/feature_variants/stridedAccess_serial_N_80000.c,1,79984,3,0,4,0,0,0,0,0,0,0,0,0,5,1,40,8,1,0,0,0,2,0,0,,,,,,,,
0,/home/capc1/ProfitabilityTool-new-27-07-26/ProfitabilityTool/capc_dataset_work_RyrnQw/feature_variants/stridedAccess_serial_N_90000.c,1,89984,3,0,4,0,0,0,0,0,0,0,0,0,5,1,40,8,1,0,0,0,2,0,0,,,,,,,,
0,/home/capc1/ProfitabilityTool-new-27-07-26/ProfitabilityTool/capc_dataset_work_RyrnQw/feature_variants/stridedAccess_serial_N_100000.c,1,99984,3,0,4,0,0,0,0,0,0,0,0,0,5,1,40,8,1,0,0,0,2,0,0,,,,,,,,
0,/home/capc1/ProfitabilityTool-new-27-07-26/ProfitabilityTool/capc_dataset_work_RyrnQw/feature_variants/stridedAccess_serial_N_200000.c,1,199984,3,0,4,0,0,0,0,0,0,0,0,0,5,1,40,8,1,0,0,0,2,0,0,,,,,,,,
0,/home/capc1/ProfitabilityTool-new-27-07-26/ProfitabilityTool/capc_dataset_work_RyrnQw/feature_variants/stridedAccess_serial_N_300000.c,1,299984,3,0,4,0,0,0,0,0,0,0,0,0,5,1,40,8,1,0,0,0,2,0,0,,,,,,,,
0,/home/capc1/ProfitabilityTool-new-27-07-26/ProfitabilityTool/capc_dataset_work_RyrnQw/feature_variants/stridedAccess_serial_N_400000.c,1,399984,3,0,4,0,0,0,0,0,0,0,0,0,5,1,40,8,1,0,0,0,2,0,0,,,,,,,,
0,/home/capc1/ProfitabilityTool-new-27-07-26/ProfitabilityTool/capc_dataset_work_RyrnQw/feature_variants/stridedAccess_serial_N_500000.c,1,499984,3,0,4,0,0,0,0,0,0,0,0,0,5,1,40,8,1,0,0,0,2,0,0,,,,,,,,
0,/home/capc1/ProfitabilityTool-new-27-07-26/ProfitabilityTool/capc_dataset_work_RyrnQw/feature_variants/stridedAccess_serial_N_600000.c,1,599984,3,0,4,0,0,0,0,0,0,0,0,0,5,1,40,8,1,0,0,0,2,0,0,,,,,,,,
0,/home/capc1/ProfitabilityTool-new-27-07-26/ProfitabilityTool/capc_dataset_work_RyrnQw/feature_variants/stridedAccess_serial_N_700000.c,1,699984,3,0,4,0,0,0,0,0,0,0,0,0,5,1,40,8,1,0,0,0,2,0,0,,,,,,,,
0,/home/capc1/ProfitabilityTool-new-27-07-26/ProfitabilityTool/capc_dataset_work_RyrnQw/feature_variants/stridedAccess_serial_N_800000.c,1,799984,3,0,4,0,0,0,0,0,0,0,0,0,5,1,40,8,1,0,0,0,2,0,0,,,,,,,,
0,/home/capc1/ProfitabilityTool-new-27-07-26/ProfitabilityTool/capc_dataset_work_RyrnQw/feature_variants/stridedAccess_serial_N_900000.c,1,899984,3,0,4,0,0,0,0,0,0,0,0,0,5,1,40,8,1,0,0,0,2,0,0,,,,,,,,
0,/home/capc1/ProfitabilityTool-new-27-07-26/ProfitabilityTool/capc_dataset_work_RyrnQw/feature_variants/stridedAccess_serial_N_1000000.c,1,999984,3,0,4,0,0,0,0,0,0,0,0,0,5,1,40,8,1,0,0,0,2,0,0,,,,,,,,
0,/home/capc1/ProfitabilityTool-new-27-07-26/ProfitabilityTool/capc_dataset_work_RyrnQw/feature_variants/stridedAccess_serial_N_2000000.c,1,1999984,3,0,4,0,0,0,0,0,0,0,0,0,5,1,40,8,1,0,0,0,2,0,0,,,,,,,,
0,/home/capc1/ProfitabilityTool-new-27-07-26/ProfitabilityTool/capc_dataset_work_RyrnQw/feature_variants/stridedAccess_serial_N_3000000.c,1,2999984,3,0,4,0,0,0,0,0,0,0,0,0,5,1,40,8,1,0,0,0,2,0,0,,,,,,,,
0,/home/capc1/ProfitabilityTool-new-27-07-26/ProfitabilityTool/capc_dataset_work_RyrnQw/feature_variants/stridedAccess_serial_N_4000000.c,1,3999984,3,0,4,0,0,0,0,0,0,0,0,0,5,1,40,8,1,0,0,0,2,0,0,,,,,,,,
0,/home/capc1/ProfitabilityTool-new-27-07-26/ProfitabilityTool/capc_dataset_work_RyrnQw/feature_variants/stridedAccess_serial_N_5000000.c,1,4999984,3,0,4,0,0,0,0,0,0,0,0,0,5,1,40,8,1,0,0,0,2,0,0,,,,,,,,
0,/home/capc1/ProfitabilityTool-new-27-07-26/ProfitabilityTool/capc_dataset_work_RyrnQw/feature_variants/stridedAccess_serial_N_6000000.c,1,5999984,3,0,4,0,0,0,0,0,0,0,0,0,5,1,40,8,1,0,0,0,2,0,0,,,,,,,,
0,/home/capc1/ProfitabilityTool-new-27-07-26/ProfitabilityTool/capc_dataset_work_RyrnQw/feature_variants/stridedAccess_serial_N_7000000.c,1,6999984,3,0,4,0,0,0,0,0,0,0,0,0,5,1,40,8,1,0,0,0,2,0,0,,,,,,,,
0,/home/capc1/ProfitabilityTool-new-27-07-26/ProfitabilityTool/capc_dataset_work_RyrnQw/feature_variants/stridedAccess_serial_N_8000000.c,1,7999984,3,0,4,0,0,0,0,0,0,0,0,0,5,1,40,8,1,0,0,0,2,0,0,,,,,,,,
0,/home/capc1/ProfitabilityTool-new-27-07-26/ProfitabilityTool/capc_dataset_work_RyrnQw/feature_variants/stridedAccess_serial_N_9000000.c,1,8999984,3,0,4,0,0,0,0,0,0,0,0,0,5,1,40,8,1,0,0,0,2,0,0,,,,,,,,
0,/home/capc1/ProfitabilityTool-new-27-07-26/ProfitabilityTool/capc_dataset_work_RyrnQw/feature_variants/stridedAccess_serial_N_10000000.c,1,9999984,3,0,4,0,0,0,0,0,0,0,0,0,5,1,40,8,1,0,0,0,2,0,0,,,,,,,,
0,/home/capc1/ProfitabilityTool-new-27-07-26/ProfitabilityTool/capc_dataset_work_RyrnQw/feature_variants/stridedAccess_serial_N_20000000.c,1,19999984,3,0,4,0,0,0,0,0,0,0,0,0,5,1,40,8,1,0,0,0,2,0,0,,,,,,,,
0,/home/capc1/ProfitabilityTool-new-27-07-26/ProfitabilityTool/capc_dataset_work_RyrnQw/feature_variants/stridedAccess_serial_N_30000000.c,1,29999984,3,0,4,0,0,0,0,0,0,0,0,0,5,1,40,8,1,0,0,0,2,0,0,,,,,,,,
0,/home/capc1/ProfitabilityTool-new-27-07-26/ProfitabilityTool/capc_dataset_work_RyrnQw/feature_variants/stridedAccess_serial_N_40000000.c,1,39999984,3,0,4,0,0,0,0,0,0,0,0,0,5,1,40,8,1,0,0,0,2,0,0,,,,,,,,
0,/home/capc1/ProfitabilityTool-new-27-07-26/ProfitabilityTool/capc_dataset_work_RyrnQw/feature_variants/stridedAccess_serial_N_50000000.c,1,49999984,3,0,4,0,0,0,0,0,0,0,0,0,5,1,40,8,1,0,0,0,2,0,0,,,,,,,,
0,/home/capc1/ProfitabilityTool-new-27-07-26/ProfitabilityTool/capc_dataset_work_RyrnQw/feature_variants/stridedAccess_serial_N_60000000.c,1,59999984,3,0,4,0,0,0,0,0,0,0,0,0,5,1,40,8,1,0,0,0,2,0,0,,,,,,,,
0,/home/capc1/ProfitabilityTool-new-27-07-26/ProfitabilityTool/capc_dataset_work_RyrnQw/feature_variants/stridedAccess_serial_N_70000000.c,1,69999984,3,0,4,0,0,0,0,0,0,0,0,0,5,1,40,8,1,0,0,0,2,0,0,,,,,,,,
0,/home/capc1/ProfitabilityTool-new-27-07-26/ProfitabilityTool/capc_dataset_work_RyrnQw/feature_variants/stridedAccess_serial_N_80000000.c,1,79999984,3,0,4,0,0,0,0,0,0,0,0,0,5,1,40,8,1,0,0,0,2,0,0,,,,,,,,
0,/home/capc1/ProfitabilityTool-new-27-07-26/ProfitabilityTool/capc_dataset_work_RyrnQw/feature_variants/stridedAccess_serial_N_90000000.c,1,89999984,3,0,4,0,0,0,0,0,0,0,0,0,5,1,40,8,1,0,0,0,2,0,0,,,,,,,,
0,/home/capc1/ProfitabilityTool-new-27-07-26/ProfitabilityTool/capc_dataset_work_RyrnQw/feature_variants/stridedAccess_serial_N_100000000.c,1,99999984,3,0,4,0,0,0,0,0,0,0,0,0,5,1,40,8,1,0,0,0,2,0,0,,,,,,,,
0,/home/capc1/ProfitabilityTool-new-27-07-26/ProfitabilityTool/capc_dataset_work_RyrnQw/feature_variants/stridedAccess_serial_N_200000000.c,1,199999984,3,0,4,0,0,0,0,0,0,0,0,0,5,1,40,8,1,0,0,0,2,0,0,,,,,,,,
0,/home/capc1/ProfitabilityTool-new-27-07-26/ProfitabilityTool/capc_dataset_work_RyrnQw/feature_variants/stridedAccess_serial_N_300000000.c,1,299999984,3,0,4,0,0,0,0,0,0,0,0,0,5,1,40,8,1,0,0,0,2,0,0,,,,,,,,
0,/home/capc1/ProfitabilityTool-new-27-07-26/ProfitabilityTool/capc_dataset_work_RyrnQw/feature_variants/stridedAccess_serial_N_400000000.c,1,399999984,3,0,4,0,0,0,0,0,0,0,0,0,5,1,40,8,1,0,0,0,2,0,0,,,,,,,,
0,/home/capc1/ProfitabilityTool-new-27-07-26/ProfitabilityTool/capc_dataset_work_RyrnQw/feature_variants/stridedAccess_serial_N_500000000.c,1,499999984,3,0,4,0,0,0,0,0,0,0,0,0,5,1,40,8,1,0,0,0,2,0,0,,,,,,,,
0,/home/capc1/ProfitabilityTool-new-27-07-26/ProfitabilityTool/capc_dataset_work_RyrnQw/feature_variants/stridedAccess_serial_N_600000000.c,1,599999984,3,0,4,0,0,0,0,0,0,0,0,0,5,1,40,8,1,0,0,0,2,0,0,,,,,,,,
0,/home/capc1/ProfitabilityTool-new-27-07-26/ProfitabilityTool/capc_dataset_work_RyrnQw/feature_variants/stridedAccess_serial_N_700000000.c,1,699999984,3,0,4,0,0,0,0,0,0,0,0,0,5,1,40,8,1,0,0,0,2,0,0,,,,,,,,
0,/home/capc1/ProfitabilityTool-new-27-07-26/ProfitabilityTool/capc_dataset_work_RyrnQw/feature_variants/stridedAccess_serial_N_800000000.c,1,799999984,3,0,4,0,0,0,0,0,0,0,0,0,5,1,40,8,1,0,0,0,2,0,0,,,,,,,,
0,/home/capc1/ProfitabilityTool-new-27-07-26/ProfitabilityTool/capc_dataset_work_RyrnQw/feature_variants/stridedAccess_serial_N_900000000.c,1,899999984,3,0,4,0,0,0,0,0,0,0,0,0,5,1,40,8,1,0,0,0,2,0,0,,,,,,,,
0,/home/capc1/ProfitabilityTool-new-27-07-26/ProfitabilityTool/capc_dataset_work_RyrnQw/feature_variants/stridedAccess_serial_N_1000000000.c,1,999999984,3,0,4,0,0,0,0,0,0,0,0,0,5,1,40,8,1,0,0,0,2,0,0,,,,,,,,
